slide_id,fov,region,mixed_adjacent,exclude,donor,case_broad,case_group,sorl1_mutation
20260708_UWA_599_657_710_741,1,741,0,0,741,AD+LATE,AD+LATE,AD+LATE
20260708_UWA_599_657_710_741,2,741,0,0,741,AD+LATE,AD+LATE,AD+LATE
20260708_UWA_599_657_710_741,3,741,0,0,741,AD+LATE,AD+LATE,AD+LATE
20260708_UWA_599_657_710_741,4,741,0,0,741,AD+LATE,AD+LATE,AD+LATE
20260708_UWA_599_657_710_741,5,741,0,0,741,AD+LATE,AD+LATE,AD+LATE
20260708_UWA_599_657_710_741,6,741,0,0,741,AD+LATE,AD+LATE,AD+LATE
20260708_UWA_599_657_710_741,7,741,0,0,741,AD+LATE,AD+LATE,AD+LATE
20260708_UWA_599_657_710_741,8,741,0,0,741,AD+LATE,AD+LATE,AD+LATE
20260708_UWA_599_657_710_741,9,741,0,0,741,AD+LATE,AD+LATE,AD+LATE
20260708_UWA_599_657_710_741,10,741,0,0,741,AD+LATE,AD+LATE,AD+LATE
20260708_UWA_599_657_710_741,11,741,0,0,741,AD+LATE,AD+LATE,AD+LATE
20260708_UWA_599_657_710_741,12,741,0,0,741,AD+LATE,AD+LATE,AD+LATE
20260708_UWA_599_657_710_741,13,741,0,0,741,AD+LATE,AD+LATE,AD+LATE
20260708_UWA_599_657_710_741,14,741,0,0,741,AD+LATE,AD+LATE,AD+LATE
20260708_UWA_599_657_710_741,15,741,0,0,741,AD+LATE,AD+LATE,AD+LATE
20260708_UWA_599_657_710_741,16,741,0,0,741,AD+LATE,AD+LATE,AD+LATE
20260708_UWA_599_657_710_741,17,741,0,0,741,AD+LATE,AD+LATE,AD+LATE
20260708_UWA_599_657_710_741,18,741,0,0,741,AD+LATE,AD+LATE,AD+LATE
20260708_UWA_599_657_710_741,19,741,0,0,741,AD+LATE,AD+LATE,AD+LATE
20260708_UWA_599_657_710_741,20,741,0,0,741,AD+LATE,AD+LATE,AD+LATE
20260708_UWA_599_657_710_741,21,741,0,0,741,AD+LATE,AD+LATE,AD+LATE
20260708_UWA_599_657_710_741,22,741,0,0,741,AD+LATE,AD+LATE,AD+LATE
20260708_UWA_599_657_710_741,23,741,0,0,741,AD+LATE,AD+LATE,AD+LATE
20260708_UWA_599_657_710_741,24,741,0,0,741,AD+LATE,AD+LATE,AD+LATE
20260708_UWA_599_657_710_741,25,741,0,0,741,AD+LATE,AD+LATE,AD+LATE
20260708_UWA_599_657_710_741,26,741,0,0,741,AD+LATE,AD+LATE,AD+LATE
20260708_UWA_599_657_710_741,27,741,0,0,741,AD+LATE,AD+LATE,AD+LATE
20260708_UWA_599_657_710_741,28,741,0,0,741,AD+LATE,AD+LATE,AD+LATE
20260708_UWA_599_657_710_741,29,741,0,0,741,AD+LATE,AD+LATE,AD+LATE
20260708_UWA_599_657_710_741,30,741,0,0,741,AD+LATE,AD+LATE,AD+LATE
20260708_UWA_599_657_710_741,31,741,0,0,741,AD+LATE,AD+LATE,AD+LATE
20260708_UWA_599_657_710_741,32,741,0,0,741,AD+LATE,AD+LATE,AD+LATE
20260708_UWA_599_657_710_741,33,741,0,0,741,AD+LATE,AD+LATE,AD+LATE
20260708_UWA_599_657_710_741,34,741,0,0,741,AD+LATE,AD+LATE,AD+LATE
20260708_UWA_599_657_710_741,35,741,0,0,741,AD+LATE,AD+LATE,AD+LATE
20260708_UWA_599_657_710_741,36,741,0,0,741,AD+LATE,AD+LATE,AD+LATE
20260708_UWA_599_657_710_741,37,741,0,0,741,AD+LATE,AD+LATE,AD+LATE
20260708_UWA_599_657_710_741,38,741,0,0,741,AD+LATE,AD+LATE,AD+LATE
20260708_UWA_599_657_710_741,39,710,0,0,710,AD Pure,AD Pure,AD Pure
20260708_UWA_599_657_710_741,40,710,0,0,710,AD Pure,AD Pure,AD Pure
20260708_UWA_599_657_710_741,41,710,0,0,710,AD Pure,AD Pure,AD Pure
20260708_UWA_599_657_710_741,42,710,0,0,710,AD Pure,AD Pure,AD Pure
20260708_UWA_599_657_710_741,43,710,0,0,710,AD Pure,AD Pure,AD Pure
20260708_UWA_599_657_710_741,44,710,0,0,710,AD Pure,AD Pure,AD Pure
20260708_UWA_599_657_710_741,45,710,0,0,710,AD Pure,AD Pure,AD Pure
20260708_UWA_599_657_710_741,46,710,0,0,710,AD Pure,AD Pure,AD Pure
20260708_UWA_599_657_710_741,47,710,0,0,710,AD Pure,AD Pure,AD Pure
20260708_UWA_599_657_710_741,48,710,0,0,710,AD Pure,AD Pure,AD Pure
20260708_UWA_599_657_710_741,49,710,0,0,710,AD Pure,AD Pure,AD Pure
20260708_UWA_599_657_710_741,50,710,0,0,710,AD Pure,AD Pure,AD Pure
20260708_UWA_599_657_710_741,51,710,0,0,710,AD Pure,AD Pure,AD Pure
20260708_UWA_599_657_710_741,52,710,0,0,710,AD Pure,AD Pure,AD Pure
20260708_UWA_599_657_710_741,53,710,0,0,710,AD Pure,AD Pure,AD Pure
20260708_UWA_599_657_710_741,54,710,0,0,710,AD Pure,AD Pure,AD Pure
20260708_UWA_599_657_710_741,55,710,0,0,710,AD Pure,AD Pure,AD Pure
20260708_UWA_599_657_710_741,56,710,0,0,710,AD Pure,AD Pure,AD Pure
20260708_UWA_599_657_710_741,57,710,0,0,710,AD Pure,AD Pure,AD Pure
20260708_UWA_599_657_710_741,58,710,0,0,710,AD Pure,AD Pure,AD Pure
20260708_UWA_599_657_710_741,59,710,0,0,710,AD Pure,AD Pure,AD Pure
20260708_UWA_599_657_710_741,60,710,0,0,710,AD Pure,AD Pure,AD Pure
20260708_UWA_599_657_710_741,61,710,0,0,710,AD Pure,AD Pure,AD Pure
20260708_UWA_599_657_710_741,62,710,0,0,710,AD Pure,AD Pure,AD Pure
20260708_UWA_599_657_710_741,63,710,0,0,710,AD Pure,AD Pure,AD Pure
20260708_UWA_599_657_710_741,64,710,0,0,710,AD Pure,AD Pure,AD Pure
20260708_UWA_599_657_710_741,65,710,0,0,710,AD Pure,AD Pure,AD Pure
20260708_UWA_599_657_710_741,66,710,0,0,710,AD Pure,AD Pure,AD Pure
20260708_UWA_599_657_710_741,67,710,0,0,710,AD Pure,AD Pure,AD Pure
20260708_UWA_599_657_710_741,68,710,0,0,710,AD Pure,AD Pure,AD Pure
20260708_UWA_599_657_710_741,69,710,0,0,710,AD Pure,AD Pure,AD Pure
20260708_UWA_599_657_710_741,70,710,0,0,710,AD Pure,AD Pure,AD Pure
20260708_UWA_599_657_710_741,71,710,0,0,710,AD Pure,AD Pure,AD Pure
20260708_UWA_599_657_710_741,72,710,0,0,710,AD Pure,AD Pure,AD Pure
20260708_UWA_599_657_710_741,73,710,0,0,710,AD Pure,AD Pure,AD Pure
20260708_UWA_599_657_710_741,74,710,0,0,710,AD Pure,AD Pure,AD Pure
20260708_UWA_599_657_710_741,75,710,0,0,710,AD Pure,AD Pure,AD Pure
20260708_UWA_599_657_710_741,76,710,0,0,710,AD Pure,AD Pure,AD Pure
20260708_UWA_599_657_710_741,77,710,0,0,710,AD Pure,AD Pure,AD Pure
20260708_UWA_599_657_710_741,78,710,0,0,710,AD Pure,AD Pure,AD Pure
20260708_UWA_599_657_710_741,79,710,0,0,710,AD Pure,AD Pure,AD Pure
20260708_UWA_599_657_710_741,80,710,0,0,710,AD Pure,AD Pure,AD Pure
20260708_UWA_599_657_710_741,81,710,0,0,710,AD Pure,AD Pure,AD Pure
20260708_UWA_599_657_710_741,82,710,0,0,710,AD Pure,AD Pure,AD Pure
20260708_UWA_599_657_710_741,83,710,0,0,710,AD Pure,AD Pure,AD Pure
20260708_UWA_599_657_710_741,84,710,0,0,710,AD Pure,AD Pure,AD Pure
20260708_UWA_599_657_710_741,85,710,0,0,710,AD Pure,AD Pure,AD Pure
20260708_UWA_599_657_710_741,86,710,0,0,710,AD Pure,AD Pure,AD Pure
20260708_UWA_599_657_710_741,87,710,0,0,710,AD Pure,AD Pure,AD Pure
20260708_UWA_599_657_710_741,88,710,0,0,710,AD Pure,AD Pure,AD Pure
20260708_UWA_599_657_710_741,89,710,0,0,710,AD Pure,AD Pure,AD Pure
20260708_UWA_599_657_710_741,90,710,0,0,710,AD Pure,AD Pure,AD Pure
20260708_UWA_599_657_710_741,91,710,0,0,710,AD Pure,AD Pure,AD Pure
20260708_UWA_599_657_710_741,92,710,0,0,710,AD Pure,AD Pure,AD Pure
20260708_UWA_599_657_710_741,93,710,0,0,710,AD Pure,AD Pure,AD Pure
20260708_UWA_599_657_710_741,94,710,0,0,710,AD Pure,AD Pure,AD Pure
20260708_UWA_599_657_710_741,95,710,0,0,710,AD Pure,AD Pure,AD Pure
20260708_UWA_599_657_710_741,96,710,0,0,710,AD Pure,AD Pure,AD Pure
20260708_UWA_599_657_710_741,97,710,0,0,710,AD Pure,AD Pure,AD Pure
20260708_UWA_599_657_710_741,98,710,0,0,710,AD Pure,AD Pure,AD Pure
20260708_UWA_599_657_710_741,99,710,0,0,710,AD Pure,AD Pure,AD Pure
20260708_UWA_599_657_710_741,100,710,0,0,710,AD Pure,AD Pure,AD Pure
20260708_UWA_599_657_710_741,101,657,0,0,657,AD Pure,AD Pure,AD Pure
20260708_UWA_599_657_710_741,102,657,0,0,657,AD Pure,AD Pure,AD Pure
20260708_UWA_599_657_710_741,103,657,0,0,657,AD Pure,AD Pure,AD Pure
20260708_UWA_599_657_710_741,104,657,0,0,657,AD Pure,AD Pure,AD Pure
20260708_UWA_599_657_710_741,105,657,0,0,657,AD Pure,AD Pure,AD Pure
20260708_UWA_599_657_710_741,106,657,0,0,657,AD Pure,AD Pure,AD Pure
20260708_UWA_599_657_710_741,107,657,0,0,657,AD Pure,AD Pure,AD Pure
20260708_UWA_599_657_710_741,108,657,0,0,657,AD Pure,AD Pure,AD Pure
20260708_UWA_599_657_710_741,109,657,0,0,657,AD Pure,AD Pure,AD Pure
20260708_UWA_599_657_710_741,110,657,0,0,657,AD Pure,AD Pure,AD Pure
20260708_UWA_599_657_710_741,111,657,0,0,657,AD Pure,AD Pure,AD Pure
20260708_UWA_599_657_710_741,112,657,0,0,657,AD Pure,AD Pure,AD Pure
20260708_UWA_599_657_710_741,113,657,0,0,657,AD Pure,AD Pure,AD Pure
20260708_UWA_599_657_710_741,114,657,0,0,657,AD Pure,AD Pure,AD Pure
20260708_UWA_599_657_710_741,115,657,0,0,657,AD Pure,AD Pure,AD Pure
20260708_UWA_599_657_710_741,116,657,0,0,657,AD Pure,AD Pure,AD Pure
20260708_UWA_599_657_710_741,117,657,0,0,657,AD Pure,AD Pure,AD Pure
20260708_UWA_599_657_710_741,118,657,0,0,657,AD Pure,AD Pure,AD Pure
20260708_UWA_599_657_710_741,119,657,0,0,657,AD Pure,AD Pure,AD Pure
20260708_UWA_599_657_710_741,120,657,0,0,657,AD Pure,AD Pure,AD Pure
20260708_UWA_599_657_710_741,121,657,0,0,657,AD Pure,AD Pure,AD Pure
20260708_UWA_599_657_710_741,122,657,0,0,657,AD Pure,AD Pure,AD Pure
20260708_UWA_599_657_710_741,123,657,0,0,657,AD Pure,AD Pure,AD Pure
20260708_UWA_599_657_710_741,124,657,0,0,657,AD Pure,AD Pure,AD Pure
20260708_UWA_599_657_710_741,125,657,0,0,657,AD Pure,AD Pure,AD Pure
20260708_UWA_599_657_710_741,126,657,0,0,657,AD Pure,AD Pure,AD Pure
20260708_UWA_599_657_710_741,127,657,0,0,657,AD Pure,AD Pure,AD Pure
20260708_UWA_599_657_710_741,128,657,0,0,657,AD Pure,AD Pure,AD Pure
20260708_UWA_599_657_710_741,129,657,0,0,657,AD Pure,AD Pure,AD Pure
20260708_UWA_599_657_710_741,130,657,0,0,657,AD Pure,AD Pure,AD Pure
20260708_UWA_599_657_710_741,131,657,0,0,657,AD Pure,AD Pure,AD Pure
20260708_UWA_599_657_710_741,132,657,0,0,657,AD Pure,AD Pure,AD Pure
20260708_UWA_599_657_710_741,133,657,0,0,657,AD Pure,AD Pure,AD Pure
20260708_UWA_599_657_710_741,134,657,0,0,657,AD Pure,AD Pure,AD Pure
20260708_UWA_599_657_710_741,135,657,0,0,657,AD Pure,AD Pure,AD Pure
20260708_UWA_599_657_710_741,136,657,0,0,657,AD Pure,AD Pure,AD Pure
20260708_UWA_599_657_710_741,137,657,0,0,657,AD Pure,AD Pure,AD Pure
20260708_UWA_599_657_710_741,138,657,0,0,657,AD Pure,AD Pure,AD Pure
20260708_UWA_599_657_710_741,139,657,0,0,657,AD Pure,AD Pure,AD Pure
20260708_UWA_599_657_710_741,140,657,0,0,657,AD Pure,AD Pure,AD Pure
20260708_UWA_599_657_710_741,141,657,0,0,657,AD Pure,AD Pure,AD Pure
20260708_UWA_599_657_710_741,142,657,0,0,657,AD Pure,AD Pure,AD Pure
20260708_UWA_599_657_710_741,143,657,0,0,657,AD Pure,AD Pure,AD Pure
20260708_UWA_599_657_710_741,144,657,0,0,657,AD Pure,AD Pure,AD Pure
20260708_UWA_599_657_710_741,145,657,0,0,657,AD Pure,AD Pure,AD Pure
20260708_UWA_599_657_710_741,146,657,0,0,657,AD Pure,AD Pure,AD Pure
20260708_UWA_599_657_710_741,147,657,0,0,657,AD Pure,AD Pure,AD Pure
20260708_UWA_599_657_710_741,148,657,0,0,657,AD Pure,AD Pure,AD Pure
20260708_UWA_599_657_710_741,149,657,0,0,657,AD Pure,AD Pure,AD Pure
20260708_UWA_599_657_710_741,150,657,0,0,657,AD Pure,AD Pure,AD Pure
20260708_UWA_599_657_710_741,151,599,0,0,599,AD+LATE,AD+LATE SORL1,AD+LATE SORL1 R953C
20260708_UWA_599_657_710_741,152,599,0,0,599,AD+LATE,AD+LATE SORL1,AD+LATE SORL1 R953C
20260708_UWA_599_657_710_741,153,599,0,0,599,AD+LATE,AD+LATE SORL1,AD+LATE SORL1 R953C
20260708_UWA_599_657_710_741,154,599,0,0,599,AD+LATE,AD+LATE SORL1,AD+LATE SORL1 R953C
20260708_UWA_599_657_710_741,155,599,0,0,599,AD+LATE,AD+LATE SORL1,AD+LATE SORL1 R953C
20260708_UWA_599_657_710_741,156,599,0,0,599,AD+LATE,AD+LATE SORL1,AD+LATE SORL1 R953C
20260708_UWA_599_657_710_741,157,599,0,0,599,AD+LATE,AD+LATE SORL1,AD+LATE SORL1 R953C
20260708_UWA_599_657_710_741,158,599,0,0,599,AD+LATE,AD+LATE SORL1,AD+LATE SORL1 R953C
20260708_UWA_599_657_710_741,159,599,0,0,599,AD+LATE,AD+LATE SORL1,AD+LATE SORL1 R953C
20260708_UWA_599_657_710_741,160,599,0,0,599,AD+LATE,AD+LATE SORL1,AD+LATE SORL1 R953C
20260708_UWA_599_657_710_741,161,599,0,0,599,AD+LATE,AD+LATE SORL1,AD+LATE SORL1 R953C
20260708_UWA_599_657_710_741,162,599,0,0,599,AD+LATE,AD+LATE SORL1,AD+LATE SORL1 R953C
20260708_UWA_599_657_710_741,163,599,0,0,599,AD+LATE,AD+LATE SORL1,AD+LATE SORL1 R953C
20260708_UWA_599_657_710_741,164,599,0,0,599,AD+LATE,AD+LATE SORL1,AD+LATE SORL1 R953C
20260708_UWA_599_657_710_741,165,599,0,0,599,AD+LATE,AD+LATE SORL1,AD+LATE SORL1 R953C
20260708_UWA_599_657_710_741,166,599,0,0,599,AD+LATE,AD+LATE SORL1,AD+LATE SORL1 R953C
20260708_UWA_599_657_710_741,167,599,0,0,599,AD+LATE,AD+LATE SORL1,AD+LATE SORL1 R953C
20260708_UWA_599_657_710_741,168,599,0,0,599,AD+LATE,AD+LATE SORL1,AD+LATE SORL1 R953C
20260708_UWA_599_657_710_741,169,599,0,0,599,AD+LATE,AD+LATE SORL1,AD+LATE SORL1 R953C
20260708_UWA_599_657_710_741,170,599,0,0,599,AD+LATE,AD+LATE SORL1,AD+LATE SORL1 R953C
20260708_UWA_599_657_710_741,171,599,0,0,599,AD+LATE,AD+LATE SORL1,AD+LATE SORL1 R953C
20260708_UWA_599_657_710_741,172,599,0,0,599,AD+LATE,AD+LATE SORL1,AD+LATE SORL1 R953C
20260708_UWA_599_657_710_741,173,599,0,0,599,AD+LATE,AD+LATE SORL1,AD+LATE SORL1 R953C
20260708_UWA_599_657_710_741,174,599,0,0,599,AD+LATE,AD+LATE SORL1,AD+LATE SORL1 R953C
20260708_UWA_599_657_710_741,175,599,0,0,599,AD+LATE,AD+LATE SORL1,AD+LATE SORL1 R953C
20260708_UWA_599_657_710_741,176,599,0,0,599,AD+LATE,AD+LATE SORL1,AD+LATE SORL1 R953C
20260708_UWA_599_657_710_741,177,599,0,0,599,AD+LATE,AD+LATE SORL1,AD+LATE SORL1 R953C
20260708_UWA_599_657_710_741,178,599,0,0,599,AD+LATE,AD+LATE SORL1,AD+LATE SORL1 R953C
20260708_UWA_599_657_710_741,179,599,0,0,599,AD+LATE,AD+LATE SORL1,AD+LATE SORL1 R953C
20260708_UWA_599_657_710_741,180,599,0,0,599,AD+LATE,AD+LATE SORL1,AD+LATE SORL1 R953C
20260708_UWA_599_657_710_741,181,599,0,0,599,AD+LATE,AD+LATE SORL1,AD+LATE SORL1 R953C
20260708_UWA_599_657_710_741,182,599,0,0,599,AD+LATE,AD+LATE SORL1,AD+LATE SORL1 R953C
20260708_UWA_599_657_710_741,183,599,0,0,599,AD+LATE,AD+LATE SORL1,AD+LATE SORL1 R953C
20260708_UWA_599_657_710_741,184,599,0,0,599,AD+LATE,AD+LATE SORL1,AD+LATE SORL1 R953C
20260708_UWA_599_657_710_741,185,599,0,0,599,AD+LATE,AD+LATE SORL1,AD+LATE SORL1 R953C
20260708_UWA_599_657_710_741,186,599,0,0,599,AD+LATE,AD+LATE SORL1,AD+LATE SORL1 R953C
20260708_UWA_599_657_710_741,187,599,0,0,599,AD+LATE,AD+LATE SORL1,AD+LATE SORL1 R953C
20260708_UWA_599_657_710_741,188,599,0,0,599,AD+LATE,AD+LATE SORL1,AD+LATE SORL1 R953C
20260708_UWA_599_657_710_741,189,599,0,0,599,AD+LATE,AD+LATE SORL1,AD+LATE SORL1 R953C
20260708_UWA_599_657_710_741,190,599,0,0,599,AD+LATE,AD+LATE SORL1,AD+LATE SORL1 R953C
20260708_UWA_599_657_710_741,191,599,0,0,599,AD+LATE,AD+LATE SORL1,AD+LATE SORL1 R953C
20260708_UWA_599_657_710_741,192,599,0,0,599,AD+LATE,AD+LATE SORL1,AD+LATE SORL1 R953C
20260708_UWA_599_657_710_741,193,599,0,0,599,AD+LATE,AD+LATE SORL1,AD+LATE SORL1 R953C
20260708_UWA_599_657_710_741,194,599,0,0,599,AD+LATE,AD+LATE SORL1,AD+LATE SORL1 R953C
20260708_UWA_599_657_710_741,195,599,0,0,599,AD+LATE,AD+LATE SORL1,AD+LATE SORL1 R953C
20260708_UWA_599_657_710_741,196,599,0,0,599,AD+LATE,AD+LATE SORL1,AD+LATE SORL1 R953C
20260708_UWA_599_657_710_741,197,599,0,0,599,AD+LATE,AD+LATE SORL1,AD+LATE SORL1 R953C
20260708_UWA_599_657_710_741,198,599,0,0,599,AD+LATE,AD+LATE SORL1,AD+LATE SORL1 R953C
20260708_UWA_599_657_710_741,199,599,0,0,599,AD+LATE,AD+LATE SORL1,AD+LATE SORL1 R953C
20260708_UWA_599_657_710_741,200,599,0,0,599,AD+LATE,AD+LATE SORL1,AD+LATE SORL1 R953C
20260708_UWA_6766_6966_7068_7137,1,7137,0,0,7137,AD+LATE,AD+LATE SORL1,AD+LATE SORL1 R953C
20260708_UWA_6766_6966_7068_7137,2,7137,0,0,7137,AD+LATE,AD+LATE SORL1,AD+LATE SORL1 R953C
20260708_UWA_6766_6966_7068_7137,3,7137,0,0,7137,AD+LATE,AD+LATE SORL1,AD+LATE SORL1 R953C
20260708_UWA_6766_6966_7068_7137,4,7137,0,0,7137,AD+LATE,AD+LATE SORL1,AD+LATE SORL1 R953C
20260708_UWA_6766_6966_7068_7137,5,7137,0,0,7137,AD+LATE,AD+LATE SORL1,AD+LATE SORL1 R953C
20260708_UWA_6766_6966_7068_7137,6,7137,0,0,7137,AD+LATE,AD+LATE SORL1,AD+LATE SORL1 R953C
20260708_UWA_6766_6966_7068_7137,7,7137,0,0,7137,AD+LATE,AD+LATE SORL1,AD+LATE SORL1 R953C
20260708_UWA_6766_6966_7068_7137,8,7137,0,0,7137,AD+LATE,AD+LATE SORL1,AD+LATE SORL1 R953C
20260708_UWA_6766_6966_7068_7137,9,7137,0,0,7137,AD+LATE,AD+LATE SORL1,AD+LATE SORL1 R953C
20260708_UWA_6766_6966_7068_7137,10,7137,0,0,7137,AD+LATE,AD+LATE SORL1,AD+LATE SORL1 R953C
20260708_UWA_6766_6966_7068_7137,11,7137,0,0,7137,AD+LATE,AD+LATE SORL1,AD+LATE SORL1 R953C
20260708_UWA_6766_6966_7068_7137,12,7137,0,0,7137,AD+LATE,AD+LATE SORL1,AD+LATE SORL1 R953C
20260708_UWA_6766_6966_7068_7137,13,7137,0,0,7137,AD+LATE,AD+LATE SORL1,AD+LATE SORL1 R953C
20260708_UWA_6766_6966_7068_7137,14,7137,0,0,7137,AD+LATE,AD+LATE SORL1,AD+LATE SORL1 R953C
20260708_UWA_6766_6966_7068_7137,15,7137,0,0,7137,AD+LATE,AD+LATE SORL1,AD+LATE SORL1 R953C
20260708_UWA_6766_6966_7068_7137,16,7137,0,0,7137,AD+LATE,AD+LATE SORL1,AD+LATE SORL1 R953C
20260708_UWA_6766_6966_7068_7137,17,7137,0,0,7137,AD+LATE,AD+LATE SORL1,AD+LATE SORL1 R953C
20260708_UWA_6766_6966_7068_7137,18,7137,0,0,7137,AD+LATE,AD+LATE SORL1,AD+LATE SORL1 R953C
20260708_UWA_6766_6966_7068_7137,19,7137,0,0,7137,AD+LATE,AD+LATE SORL1,AD+LATE SORL1 R953C
20260708_UWA_6766_6966_7068_7137,20,7137,0,0,7137,AD+LATE,AD+LATE SORL1,AD+LATE SORL1 R953C
20260708_UWA_6766_6966_7068_7137,21,7137,0,0,7137,AD+LATE,AD+LATE SORL1,AD+LATE SORL1 R953C
20260708_UWA_6766_6966_7068_7137,22,7137,0,0,7137,AD+LATE,AD+LATE SORL1,AD+LATE SORL1 R953C
20260708_UWA_6766_6966_7068_7137,23,7137,0,0,7137,AD+LATE,AD+LATE SORL1,AD+LATE SORL1 R953C
20260708_UWA_6766_6966_7068_7137,24,7137,0,0,7137,AD+LATE,AD+LATE SORL1,AD+LATE SORL1 R953C
20260708_UWA_6766_6966_7068_7137,25,7137,0,0,7137,AD+LATE,AD+LATE SORL1,AD+LATE SORL1 R953C
20260708_UWA_6766_6966_7068_7137,26,7137,0,0,7137,AD+LATE,AD+LATE SORL1,AD+LATE SORL1 R953C
20260708_UWA_6766_6966_7068_7137,27,7137,0,0,7137,AD+LATE,AD+LATE SORL1,AD+LATE SORL1 R953C
20260708_UWA_6766_6966_7068_7137,28,7137,0,0,7137,AD+LATE,AD+LATE SORL1,AD+LATE SORL1 R953C
20260708_UWA_6766_6966_7068_7137,29,7137,0,0,7137,AD+LATE,AD+LATE SORL1,AD+LATE SORL1 R953C
20260708_UWA_6766_6966_7068_7137,30,7137,0,0,7137,AD+LATE,AD+LATE SORL1,AD+LATE SORL1 R953C
20260708_UWA_6766_6966_7068_7137,31,7137,0,0,7137,AD+LATE,AD+LATE SORL1,AD+LATE SORL1 R953C
20260708_UWA_6766_6966_7068_7137,32,7137,0,0,7137,AD+LATE,AD+LATE SORL1,AD+LATE SORL1 R953C
20260708_UWA_6766_6966_7068_7137,33,7137,0,0,7137,AD+LATE,AD+LATE SORL1,AD+LATE SORL1 R953C
20260708_UWA_6766_6966_7068_7137,34,7137,0,0,7137,AD+LATE,AD+LATE SORL1,AD+LATE SORL1 R953C
20260708_UWA_6766_6966_7068_7137,35,7137,0,0,7137,AD+LATE,AD+LATE SORL1,AD+LATE SORL1 R953C
20260708_UWA_6766_6966_7068_7137,36,7137,0,0,7137,AD+LATE,AD+LATE SORL1,AD+LATE SORL1 R953C
20260708_UWA_6766_6966_7068_7137,37,7137,0,0,7137,AD+LATE,AD+LATE SORL1,AD+LATE SORL1 R953C
20260708_UWA_6766_6966_7068_7137,38,7137,0,0,7137,AD+LATE,AD+LATE SORL1,AD+LATE SORL1 R953C
20260708_UWA_6766_6966_7068_7137,39,7137,0,0,7137,AD+LATE,AD+LATE SORL1,AD+LATE SORL1 R953C
20260708_UWA_6766_6966_7068_7137,40,7137,0,0,7137,AD+LATE,AD+LATE SORL1,AD+LATE SORL1 R953C
20260708_UWA_6766_6966_7068_7137,41,7137,0,0,7137,AD+LATE,AD+LATE SORL1,AD+LATE SORL1 R953C
20260708_UWA_6766_6966_7068_7137,42,7137,0,0,7137,AD+LATE,AD+LATE SORL1,AD+LATE SORL1 R953C
20260708_UWA_6766_6966_7068_7137,43,7137,0,0,7137,AD+LATE,AD+LATE SORL1,AD+LATE SORL1 R953C
20260708_UWA_6766_6966_7068_7137,44,7137,0,0,7137,AD+LATE,AD+LATE SORL1,AD+LATE SORL1 R953C
20260708_UWA_6766_6966_7068_7137,45,7137,0,0,7137,AD+LATE,AD+LATE SORL1,AD+LATE SORL1 R953C
20260708_UWA_6766_6966_7068_7137,46,7137,0,0,7137,AD+LATE,AD+LATE SORL1,AD+LATE SORL1 R953C
20260708_UWA_6766_6966_7068_7137,47,7137,0,0,7137,AD+LATE,AD+LATE SORL1,AD+LATE SORL1 R953C
20260708_UWA_6766_6966_7068_7137,48,7137,0,0,7137,AD+LATE,AD+LATE SORL1,AD+LATE SORL1 R953C
20260708_UWA_6766_6966_7068_7137,49,7137,0,0,7137,AD+LATE,AD+LATE SORL1,AD+LATE SORL1 R953C
20260708_UWA_6766_6966_7068_7137,50,7137,0,0,7137,AD+LATE,AD+LATE SORL1,AD+LATE SORL1 R953C
20260708_UWA_6766_6966_7068_7137,51,7068,0,0,7068,AD+LATE,AD+LATE SORL1,AD+LATE SORL1 R953C
20260708_UWA_6766_6966_7068_7137,52,7068,0,0,7068,AD+LATE,AD+LATE SORL1,AD+LATE SORL1 R953C
20260708_UWA_6766_6966_7068_7137,53,7068,0,0,7068,AD+LATE,AD+LATE SORL1,AD+LATE SORL1 R953C
20260708_UWA_6766_6966_7068_7137,54,7068,0,0,7068,AD+LATE,AD+LATE SORL1,AD+LATE SORL1 R953C
20260708_UWA_6766_6966_7068_7137,55,7068,0,0,7068,AD+LATE,AD+LATE SORL1,AD+LATE SORL1 R953C
20260708_UWA_6766_6966_7068_7137,56,7068,0,0,7068,AD+LATE,AD+LATE SORL1,AD+LATE SORL1 R953C
20260708_UWA_6766_6966_7068_7137,57,7068,0,0,7068,AD+LATE,AD+LATE SORL1,AD+LATE SORL1 R953C
20260708_UWA_6766_6966_7068_7137,58,7068,0,0,7068,AD+LATE,AD+LATE SORL1,AD+LATE SORL1 R953C
20260708_UWA_6766_6966_7068_7137,59,7068,0,0,7068,AD+LATE,AD+LATE SORL1,AD+LATE SORL1 R953C
20260708_UWA_6766_6966_7068_7137,60,7068,0,0,7068,AD+LATE,AD+LATE SORL1,AD+LATE SORL1 R953C
20260708_UWA_6766_6966_7068_7137,61,7068,0,0,7068,AD+LATE,AD+LATE SORL1,AD+LATE SORL1 R953C
20260708_UWA_6766_6966_7068_7137,62,7068,0,0,7068,AD+LATE,AD+LATE SORL1,AD+LATE SORL1 R953C
20260708_UWA_6766_6966_7068_7137,63,7068,0,0,7068,AD+LATE,AD+LATE SORL1,AD+LATE SORL1 R953C
20260708_UWA_6766_6966_7068_7137,64,7068,0,0,7068,AD+LATE,AD+LATE SORL1,AD+LATE SORL1 R953C
20260708_UWA_6766_6966_7068_7137,65,7068,0,0,7068,AD+LATE,AD+LATE SORL1,AD+LATE SORL1 R953C
20260708_UWA_6766_6966_7068_7137,66,7068,0,0,7068,AD+LATE,AD+LATE SORL1,AD+LATE SORL1 R953C
20260708_UWA_6766_6966_7068_7137,67,7068,0,0,7068,AD+LATE,AD+LATE SORL1,AD+LATE SORL1 R953C
20260708_UWA_6766_6966_7068_7137,68,7068,0,0,7068,AD+LATE,AD+LATE SORL1,AD+LATE SORL1 R953C
20260708_UWA_6766_6966_7068_7137,69,7068,0,0,7068,AD+LATE,AD+LATE SORL1,AD+LATE SORL1 R953C
20260708_UWA_6766_6966_7068_7137,70,7068,0,0,7068,AD+LATE,AD+LATE SORL1,AD+LATE SORL1 R953C
20260708_UWA_6766_6966_7068_7137,71,7068,0,0,7068,AD+LATE,AD+LATE SORL1,AD+LATE SORL1 R953C
20260708_UWA_6766_6966_7068_7137,72,7068,0,0,7068,AD+LATE,AD+LATE SORL1,AD+LATE SORL1 R953C
20260708_UWA_6766_6966_7068_7137,73,7068,0,0,7068,AD+LATE,AD+LATE SORL1,AD+LATE SORL1 R953C
20260708_UWA_6766_6966_7068_7137,74,7068,0,0,7068,AD+LATE,AD+LATE SORL1,AD+LATE SORL1 R953C
20260708_UWA_6766_6966_7068_7137,75,7068,0,0,7068,AD+LATE,AD+LATE SORL1,AD+LATE SORL1 R953C
20260708_UWA_6766_6966_7068_7137,76,7068,0,0,7068,AD+LATE,AD+LATE SORL1,AD+LATE SORL1 R953C
20260708_UWA_6766_6966_7068_7137,77,7068,0,0,7068,AD+LATE,AD+LATE SORL1,AD+LATE SORL1 R953C
20260708_UWA_6766_6966_7068_7137,78,7068,0,0,7068,AD+LATE,AD+LATE SORL1,AD+LATE SORL1 R953C
20260708_UWA_6766_6966_7068_7137,79,7068,0,0,7068,AD+LATE,AD+LATE SORL1,AD+LATE SORL1 R953C
20260708_UWA_6766_6966_7068_7137,80,7068,0,0,7068,AD+LATE,AD+LATE SORL1,AD+LATE SORL1 R953C
20260708_UWA_6766_6966_7068_7137,81,7068,0,0,7068,AD+LATE,AD+LATE SORL1,AD+LATE SORL1 R953C
20260708_UWA_6766_6966_7068_7137,82,7068,0,0,7068,AD+LATE,AD+LATE SORL1,AD+LATE SORL1 R953C
20260708_UWA_6766_6966_7068_7137,83,7068,0,0,7068,AD+LATE,AD+LATE SORL1,AD+LATE SORL1 R953C
20260708_UWA_6766_6966_7068_7137,84,7068,0,0,7068,AD+LATE,AD+LATE SORL1,AD+LATE SORL1 R953C
20260708_UWA_6766_6966_7068_7137,85,7068,0,0,7068,AD+LATE,AD+LATE SORL1,AD+LATE SORL1 R953C
20260708_UWA_6766_6966_7068_7137,86,7068,0,0,7068,AD+LATE,AD+LATE SORL1,AD+LATE SORL1 R953C
20260708_UWA_6766_6966_7068_7137,87,7068,0,0,7068,AD+LATE,AD+LATE SORL1,AD+LATE SORL1 R953C
20260708_UWA_6766_6966_7068_7137,88,7068,0,0,7068,AD+LATE,AD+LATE SORL1,AD+LATE SORL1 R953C
20260708_UWA_6766_6966_7068_7137,89,7068,0,0,7068,AD+LATE,AD+LATE SORL1,AD+LATE SORL1 R953C
20260708_UWA_6766_6966_7068_7137,90,7068,0,0,7068,AD+LATE,AD+LATE SORL1,AD+LATE SORL1 R953C
20260708_UWA_6766_6966_7068_7137,91,7068,0,0,7068,AD+LATE,AD+LATE SORL1,AD+LATE SORL1 R953C
20260708_UWA_6766_6966_7068_7137,92,7068,0,0,7068,AD+LATE,AD+LATE SORL1,AD+LATE SORL1 R953C
20260708_UWA_6766_6966_7068_7137,93,7068,0,0,7068,AD+LATE,AD+LATE SORL1,AD+LATE SORL1 R953C
20260708_UWA_6766_6966_7068_7137,94,7068,0,0,7068,AD+LATE,AD+LATE SORL1,AD+LATE SORL1 R953C
20260708_UWA_6766_6966_7068_7137,95,7068,0,0,7068,AD+LATE,AD+LATE SORL1,AD+LATE SORL1 R953C
20260708_UWA_6766_6966_7068_7137,96,7068,0,0,7068,AD+LATE,AD+LATE SORL1,AD+LATE SORL1 R953C
20260708_UWA_6766_6966_7068_7137,97,7068,0,0,7068,AD+LATE,AD+LATE SORL1,AD+LATE SORL1 R953C
20260708_UWA_6766_6966_7068_7137,98,7068,0,0,7068,AD+LATE,AD+LATE SORL1,AD+LATE SORL1 R953C
20260708_UWA_6766_6966_7068_7137,99,7068,0,0,7068,AD+LATE,AD+LATE SORL1,AD+LATE SORL1 R953C
20260708_UWA_6766_6966_7068_7137,100,7068,0,0,7068,AD+LATE,AD+LATE SORL1,AD+LATE SORL1 R953C
20260708_UWA_6766_6966_7068_7137,101,6966,0,0,6966,AD+LATE,AD+LATE,AD+LATE
20260708_UWA_6766_6966_7068_7137,102,6966,0,0,6966,AD+LATE,AD+LATE,AD+LATE
20260708_UWA_6766_6966_7068_7137,103,6966,0,0,6966,AD+LATE,AD+LATE,AD+LATE
20260708_UWA_6766_6966_7068_7137,104,6966,0,0,6966,AD+LATE,AD+LATE,AD+LATE
20260708_UWA_6766_6966_7068_7137,105,6966,0,0,6966,AD+LATE,AD+LATE,AD+LATE
20260708_UWA_6766_6966_7068_7137,106,6966,0,0,6966,AD+LATE,AD+LATE,AD+LATE
20260708_UWA_6766_6966_7068_7137,107,6966,0,0,6966,AD+LATE,AD+LATE,AD+LATE
20260708_UWA_6766_6966_7068_7137,108,6966,0,0,6966,AD+LATE,AD+LATE,AD+LATE
20260708_UWA_6766_6966_7068_7137,109,6966,0,0,6966,AD+LATE,AD+LATE,AD+LATE
20260708_UWA_6766_6966_7068_7137,110,6966,0,0,6966,AD+LATE,AD+LATE,AD+LATE
20260708_UWA_6766_6966_7068_7137,111,6966,0,0,6966,AD+LATE,AD+LATE,AD+LATE
20260708_UWA_6766_6966_7068_7137,112,6966,0,0,6966,AD+LATE,AD+LATE,AD+LATE
20260708_UWA_6766_6966_7068_7137,113,6966,0,0,6966,AD+LATE,AD+LATE,AD+LATE
20260708_UWA_6766_6966_7068_7137,114,6966,0,0,6966,AD+LATE,AD+LATE,AD+LATE
20260708_UWA_6766_6966_7068_7137,115,6966,0,0,6966,AD+LATE,AD+LATE,AD+LATE
20260708_UWA_6766_6966_7068_7137,116,6966,0,0,6966,AD+LATE,AD+LATE,AD+LATE
20260708_UWA_6766_6966_7068_7137,117,6966,0,0,6966,AD+LATE,AD+LATE,AD+LATE
20260708_UWA_6766_6966_7068_7137,118,6966,0,0,6966,AD+LATE,AD+LATE,AD+LATE
20260708_UWA_6766_6966_7068_7137,119,6966,0,0,6966,AD+LATE,AD+LATE,AD+LATE
20260708_UWA_6766_6966_7068_7137,120,6966,0,0,6966,AD+LATE,AD+LATE,AD+LATE
20260708_UWA_6766_6966_7068_7137,121,6966,0,0,6966,AD+LATE,AD+LATE,AD+LATE
20260708_UWA_6766_6966_7068_7137,122,6966,0,0,6966,AD+LATE,AD+LATE,AD+LATE
20260708_UWA_6766_6966_7068_7137,123,6966,0,0,6966,AD+LATE,AD+LATE,AD+LATE
20260708_UWA_6766_6966_7068_7137,124,6966,0,0,6966,AD+LATE,AD+LATE,AD+LATE
20260708_UWA_6766_6966_7068_7137,125,6966,0,0,6966,AD+LATE,AD+LATE,AD+LATE
20260708_UWA_6766_6966_7068_7137,126,6966,0,0,6966,AD+LATE,AD+LATE,AD+LATE
20260708_UWA_6766_6966_7068_7137,127,6966,0,0,6966,AD+LATE,AD+LATE,AD+LATE
20260708_UWA_6766_6966_7068_7137,128,6966,0,0,6966,AD+LATE,AD+LATE,AD+LATE
20260708_UWA_6766_6966_7068_7137,129,6966,0,0,6966,AD+LATE,AD+LATE,AD+LATE
20260708_UWA_6766_6966_7068_7137,130,6966,0,0,6966,AD+LATE,AD+LATE,AD+LATE
20260708_UWA_6766_6966_7068_7137,131,6966,0,0,6966,AD+LATE,AD+LATE,AD+LATE
20260708_UWA_6766_6966_7068_7137,132,6966,0,0,6966,AD+LATE,AD+LATE,AD+LATE
20260708_UWA_6766_6966_7068_7137,133,6966,0,0,6966,AD+LATE,AD+LATE,AD+LATE
20260708_UWA_6766_6966_7068_7137,134,6966,0,0,6966,AD+LATE,AD+LATE,AD+LATE
20260708_UWA_6766_6966_7068_7137,135,6966,0,0,6966,AD+LATE,AD+LATE,AD+LATE
20260708_UWA_6766_6966_7068_7137,136,6966,0,0,6966,AD+LATE,AD+LATE,AD+LATE
20260708_UWA_6766_6966_7068_7137,137,6966,0,0,6966,AD+LATE,AD+LATE,AD+LATE
20260708_UWA_6766_6966_7068_7137,138,6966,0,0,6966,AD+LATE,AD+LATE,AD+LATE
20260708_UWA_6766_6966_7068_7137,139,6966,0,0,6966,AD+LATE,AD+LATE,AD+LATE
20260708_UWA_6766_6966_7068_7137,140,6966,0,0,6966,AD+LATE,AD+LATE,AD+LATE
20260708_UWA_6766_6966_7068_7137,141,6966,0,0,6966,AD+LATE,AD+LATE,AD+LATE
20260708_UWA_6766_6966_7068_7137,142,6966,0,0,6966,AD+LATE,AD+LATE,AD+LATE
20260708_UWA_6766_6966_7068_7137,143,6966,0,0,6966,AD+LATE,AD+LATE,AD+LATE
20260708_UWA_6766_6966_7068_7137,144,6966,0,0,6966,AD+LATE,AD+LATE,AD+LATE
20260708_UWA_6766_6966_7068_7137,145,6966,0,0,6966,AD+LATE,AD+LATE,AD+LATE
20260708_UWA_6766_6966_7068_7137,146,6966,0,0,6966,AD+LATE,AD+LATE,AD+LATE
20260708_UWA_6766_6966_7068_7137,147,6966,0,0,6966,AD+LATE,AD+LATE,AD+LATE
20260708_UWA_6766_6966_7068_7137,148,6966,0,0,6966,AD+LATE,AD+LATE,AD+LATE
20260708_UWA_6766_6966_7068_7137,149,6966,0,0,6966,AD+LATE,AD+LATE,AD+LATE
20260708_UWA_6766_6966_7068_7137,150,6966,0,0,6966,AD+LATE,AD+LATE,AD+LATE
20260708_UWA_6766_6966_7068_7137,151,6766,0,0,6766,Control,Control,Control
20260708_UWA_6766_6966_7068_7137,152,6766,0,0,6766,Control,Control,Control
20260708_UWA_6766_6966_7068_7137,153,6766,0,0,6766,Control,Control,Control
20260708_UWA_6766_6966_7068_7137,154,6766,0,0,6766,Control,Control,Control
20260708_UWA_6766_6966_7068_7137,155,6766,0,0,6766,Control,Control,Control
20260708_UWA_6766_6966_7068_7137,156,6766,0,0,6766,Control,Control,Control
20260708_UWA_6766_6966_7068_7137,157,6766,0,0,6766,Control,Control,Control
20260708_UWA_6766_6966_7068_7137,158,6766,0,0,6766,Control,Control,Control
20260708_UWA_6766_6966_7068_7137,159,6766,0,0,6766,Control,Control,Control
20260708_UWA_6766_6966_7068_7137,160,6766,0,0,6766,Control,Control,Control
20260708_UWA_6766_6966_7068_7137,161,6766,0,0,6766,Control,Control,Control
20260708_UWA_6766_6966_7068_7137,162,6766,0,0,6766,Control,Control,Control
20260708_UWA_6766_6966_7068_7137,163,6766,0,0,6766,Control,Control,Control
20260708_UWA_6766_6966_7068_7137,164,6766,0,0,6766,Control,Control,Control
20260708_UWA_6766_6966_7068_7137,165,6766,0,0,6766,Control,Control,Control
20260708_UWA_6766_6966_7068_7137,166,6766,0,0,6766,Control,Control,Control
20260708_UWA_6766_6966_7068_7137,167,6766,0,0,6766,Control,Control,Control
20260708_UWA_6766_6966_7068_7137,168,6766,0,0,6766,Control,Control,Control
20260708_UWA_6766_6966_7068_7137,169,6766,0,0,6766,Control,Control,Control
20260708_UWA_6766_6966_7068_7137,170,6766,0,0,6766,Control,Control,Control
20260708_UWA_6766_6966_7068_7137,171,6766,0,0,6766,Control,Control,Control
20260708_UWA_6766_6966_7068_7137,172,6766,0,0,6766,Control,Control,Control
20260708_UWA_6766_6966_7068_7137,173,6766,0,0,6766,Control,Control,Control
20260708_UWA_6766_6966_7068_7137,174,6766,0,0,6766,Control,Control,Control
20260708_UWA_6766_6966_7068_7137,175,6766,0,0,6766,Control,Control,Control
20260708_UWA_6766_6966_7068_7137,176,6766,0,0,6766,Control,Control,Control
20260708_UWA_6766_6966_7068_7137,177,6766,0,0,6766,Control,Control,Control
20260708_UWA_6766_6966_7068_7137,178,6766,0,0,6766,Control,Control,Control
20260708_UWA_6766_6966_7068_7137,179,6766,0,0,6766,Control,Control,Control
20260708_UWA_6766_6966_7068_7137,180,6766,0,0,6766,Control,Control,Control
20260708_UWA_6766_6966_7068_7137,181,6766,0,0,6766,Control,Control,Control
20260708_UWA_6766_6966_7068_7137,182,6766,0,0,6766,Control,Control,Control
20260708_UWA_6766_6966_7068_7137,183,6766,0,0,6766,Control,Control,Control
20260708_UWA_6766_6966_7068_7137,184,6766,0,0,6766,Control,Control,Control
20260708_UWA_6766_6966_7068_7137,185,6766,0,0,6766,Control,Control,Control
20260708_UWA_6766_6966_7068_7137,186,6766,0,0,6766,Control,Control,Control
20260708_UWA_6766_6966_7068_7137,187,6766,0,0,6766,Control,Control,Control
20260708_UWA_6766_6966_7068_7137,188,6766,0,0,6766,Control,Control,Control
20260708_UWA_6766_6966_7068_7137,189,6766,0,0,6766,Control,Control,Control
20260708_UWA_6766_6966_7068_7137,190,6766,0,0,6766,Control,Control,Control
20260708_UWA_6766_6966_7068_7137,191,6766,0,0,6766,Control,Control,Control
20260708_UWA_6766_6966_7068_7137,192,6766,0,0,6766,Control,Control,Control
20260708_UWA_6766_6966_7068_7137,193,6766,0,0,6766,Control,Control,Control
20260708_UWA_6766_6966_7068_7137,194,6766,0,0,6766,Control,Control,Control
20260708_UWA_6766_6966_7068_7137,195,6766,0,0,6766,Control,Control,Control
20260708_UWA_6766_6966_7068_7137,196,6766,0,0,6766,Control,Control,Control
20260708_UWA_6766_6966_7068_7137,197,6766,0,0,6766,Control,Control,Control
20260708_UWA_6766_6966_7068_7137,198,6766,0,0,6766,Control,Control,Control
20260708_UWA_6766_6966_7068_7137,199,6766,0,0,6766,Control,Control,Control
20260708_UWA_6766_6966_7068_7137,200,6766,0,0,6766,Control,Control,Control
20260708_UWA_7163_7181_7665_7796,1,7796,0,0,7796,AD+LATE,AD+LATE SORL1,AD+LATE SORL1 R953C
20260708_UWA_7163_7181_7665_7796,2,7796,0,0,7796,AD+LATE,AD+LATE SORL1,AD+LATE SORL1 R953C
20260708_UWA_7163_7181_7665_7796,3,7796,0,0,7796,AD+LATE,AD+LATE SORL1,AD+LATE SORL1 R953C
20260708_UWA_7163_7181_7665_7796,4,7796,0,0,7796,AD+LATE,AD+LATE SORL1,AD+LATE SORL1 R953C
20260708_UWA_7163_7181_7665_7796,5,7796,0,0,7796,AD+LATE,AD+LATE SORL1,AD+LATE SORL1 R953C
20260708_UWA_7163_7181_7665_7796,6,7796,0,0,7796,AD+LATE,AD+LATE SORL1,AD+LATE SORL1 R953C
20260708_UWA_7163_7181_7665_7796,7,7796,0,0,7796,AD+LATE,AD+LATE SORL1,AD+LATE SORL1 R953C
20260708_UWA_7163_7181_7665_7796,8,7796,0,0,7796,AD+LATE,AD+LATE SORL1,AD+LATE SORL1 R953C
20260708_UWA_7163_7181_7665_7796,9,7796,0,0,7796,AD+LATE,AD+LATE SORL1,AD+LATE SORL1 R953C
20260708_UWA_7163_7181_7665_7796,10,7796,0,0,7796,AD+LATE,AD+LATE SORL1,AD+LATE SORL1 R953C
20260708_UWA_7163_7181_7665_7796,11,7796,0,0,7796,AD+LATE,AD+LATE SORL1,AD+LATE SORL1 R953C
20260708_UWA_7163_7181_7665_7796,12,7796,0,0,7796,AD+LATE,AD+LATE SORL1,AD+LATE SORL1 R953C
20260708_UWA_7163_7181_7665_7796,13,7796,0,0,7796,AD+LATE,AD+LATE SORL1,AD+LATE SORL1 R953C
20260708_UWA_7163_7181_7665_7796,14,7796,0,0,7796,AD+LATE,AD+LATE SORL1,AD+LATE SORL1 R953C
20260708_UWA_7163_7181_7665_7796,15,7796,0,0,7796,AD+LATE,AD+LATE SORL1,AD+LATE SORL1 R953C
20260708_UWA_7163_7181_7665_7796,16,7796,0,0,7796,AD+LATE,AD+LATE SORL1,AD+LATE SORL1 R953C
20260708_UWA_7163_7181_7665_7796,17,7796,0,0,7796,AD+LATE,AD+LATE SORL1,AD+LATE SORL1 R953C
20260708_UWA_7163_7181_7665_7796,18,7796,0,0,7796,AD+LATE,AD+LATE SORL1,AD+LATE SORL1 R953C
20260708_UWA_7163_7181_7665_7796,19,7796,0,0,7796,AD+LATE,AD+LATE SORL1,AD+LATE SORL1 R953C
20260708_UWA_7163_7181_7665_7796,20,7796,0,0,7796,AD+LATE,AD+LATE SORL1,AD+LATE SORL1 R953C
20260708_UWA_7163_7181_7665_7796,21,7796,0,0,7796,AD+LATE,AD+LATE SORL1,AD+LATE SORL1 R953C
20260708_UWA_7163_7181_7665_7796,22,7796,0,0,7796,AD+LATE,AD+LATE SORL1,AD+LATE SORL1 R953C
20260708_UWA_7163_7181_7665_7796,23,7796,0,0,7796,AD+LATE,AD+LATE SORL1,AD+LATE SORL1 R953C
20260708_UWA_7163_7181_7665_7796,24,7796,0,0,7796,AD+LATE,AD+LATE SORL1,AD+LATE SORL1 R953C
20260708_UWA_7163_7181_7665_7796,25,7796,0,0,7796,AD+LATE,AD+LATE SORL1,AD+LATE SORL1 R953C
20260708_UWA_7163_7181_7665_7796,26,7796,0,0,7796,AD+LATE,AD+LATE SORL1,AD+LATE SORL1 R953C
20260708_UWA_7163_7181_7665_7796,27,7796,0,0,7796,AD+LATE,AD+LATE SORL1,AD+LATE SORL1 R953C
20260708_UWA_7163_7181_7665_7796,28,7796,0,0,7796,AD+LATE,AD+LATE SORL1,AD+LATE SORL1 R953C
20260708_UWA_7163_7181_7665_7796,29,7796,0,0,7796,AD+LATE,AD+LATE SORL1,AD+LATE SORL1 R953C
20260708_UWA_7163_7181_7665_7796,30,7796,0,0,7796,AD+LATE,AD+LATE SORL1,AD+LATE SORL1 R953C
20260708_UWA_7163_7181_7665_7796,31,7796,0,0,7796,AD+LATE,AD+LATE SORL1,AD+LATE SORL1 R953C
20260708_UWA_7163_7181_7665_7796,32,7796,0,0,7796,AD+LATE,AD+LATE SORL1,AD+LATE SORL1 R953C
20260708_UWA_7163_7181_7665_7796,33,7796,0,0,7796,AD+LATE,AD+LATE SORL1,AD+LATE SORL1 R953C
20260708_UWA_7163_7181_7665_7796,34,7796,0,0,7796,AD+LATE,AD+LATE SORL1,AD+LATE SORL1 R953C
20260708_UWA_7163_7181_7665_7796,35,7796,0,0,7796,AD+LATE,AD+LATE SORL1,AD+LATE SORL1 R953C
20260708_UWA_7163_7181_7665_7796,36,7796,0,0,7796,AD+LATE,AD+LATE SORL1,AD+LATE SORL1 R953C
20260708_UWA_7163_7181_7665_7796,37,7796,0,0,7796,AD+LATE,AD+LATE SORL1,AD+LATE SORL1 R953C
20260708_UWA_7163_7181_7665_7796,38,7796,0,0,7796,AD+LATE,AD+LATE SORL1,AD+LATE SORL1 R953C
20260708_UWA_7163_7181_7665_7796,39,7796,0,0,7796,AD+LATE,AD+LATE SORL1,AD+LATE SORL1 R953C
20260708_UWA_7163_7181_7665_7796,40,7796,0,0,7796,AD+LATE,AD+LATE SORL1,AD+LATE SORL1 R953C
20260708_UWA_7163_7181_7665_7796,41,7796,0,0,7796,AD+LATE,AD+LATE SORL1,AD+LATE SORL1 R953C
20260708_UWA_7163_7181_7665_7796,42,7796,0,0,7796,AD+LATE,AD+LATE SORL1,AD+LATE SORL1 R953C
20260708_UWA_7163_7181_7665_7796,43,7796,0,0,7796,AD+LATE,AD+LATE SORL1,AD+LATE SORL1 R953C
20260708_UWA_7163_7181_7665_7796,44,7796,0,0,7796,AD+LATE,AD+LATE SORL1,AD+LATE SORL1 R953C
20260708_UWA_7163_7181_7665_7796,45,7796,0,0,7796,AD+LATE,AD+LATE SORL1,AD+LATE SORL1 R953C
20260708_UWA_7163_7181_7665_7796,46,7796,0,0,7796,AD+LATE,AD+LATE SORL1,AD+LATE SORL1 R953C
20260708_UWA_7163_7181_7665_7796,47,7796,0,0,7796,AD+LATE,AD+LATE SORL1,AD+LATE SORL1 R953C
20260708_UWA_7163_7181_7665_7796,48,7796,0,0,7796,AD+LATE,AD+LATE SORL1,AD+LATE SORL1 R953C
20260708_UWA_7163_7181_7665_7796,49,7796,0,0,7796,AD+LATE,AD+LATE SORL1,AD+LATE SORL1 R953C
20260708_UWA_7163_7181_7665_7796,50,7796,0,0,7796,AD+LATE,AD+LATE SORL1,AD+LATE SORL1 R953C
20260708_UWA_7163_7181_7665_7796,51,7665,0,0,7665,AD+LATE,AD+LATE,AD+LATE
20260708_UWA_7163_7181_7665_7796,52,7665,0,0,7665,AD+LATE,AD+LATE,AD+LATE
20260708_UWA_7163_7181_7665_7796,53,7665,0,0,7665,AD+LATE,AD+LATE,AD+LATE
20260708_UWA_7163_7181_7665_7796,54,7665,0,0,7665,AD+LATE,AD+LATE,AD+LATE
20260708_UWA_7163_7181_7665_7796,55,7665,0,0,7665,AD+LATE,AD+LATE,AD+LATE
20260708_UWA_7163_7181_7665_7796,56,7665,0,0,7665,AD+LATE,AD+LATE,AD+LATE
20260708_UWA_7163_7181_7665_7796,57,7665,0,0,7665,AD+LATE,AD+LATE,AD+LATE
20260708_UWA_7163_7181_7665_7796,58,7665,0,0,7665,AD+LATE,AD+LATE,AD+LATE
20260708_UWA_7163_7181_7665_7796,59,7665,0,0,7665,AD+LATE,AD+LATE,AD+LATE
20260708_UWA_7163_7181_7665_7796,60,7665,0,0,7665,AD+LATE,AD+LATE,AD+LATE
20260708_UWA_7163_7181_7665_7796,61,7665,0,0,7665,AD+LATE,AD+LATE,AD+LATE
20260708_UWA_7163_7181_7665_7796,62,7665,0,0,7665,AD+LATE,AD+LATE,AD+LATE
20260708_UWA_7163_7181_7665_7796,63,7665,0,0,7665,AD+LATE,AD+LATE,AD+LATE
20260708_UWA_7163_7181_7665_7796,64,7665,0,0,7665,AD+LATE,AD+LATE,AD+LATE
20260708_UWA_7163_7181_7665_7796,65,7665,0,0,7665,AD+LATE,AD+LATE,AD+LATE
20260708_UWA_7163_7181_7665_7796,66,7665,0,0,7665,AD+LATE,AD+LATE,AD+LATE
20260708_UWA_7163_7181_7665_7796,67,7665,0,0,7665,AD+LATE,AD+LATE,AD+LATE
20260708_UWA_7163_7181_7665_7796,68,7665,0,0,7665,AD+LATE,AD+LATE,AD+LATE
20260708_UWA_7163_7181_7665_7796,69,7665,0,0,7665,AD+LATE,AD+LATE,AD+LATE
20260708_UWA_7163_7181_7665_7796,70,7665,0,0,7665,AD+LATE,AD+LATE,AD+LATE
20260708_UWA_7163_7181_7665_7796,71,7665,0,0,7665,AD+LATE,AD+LATE,AD+LATE
20260708_UWA_7163_7181_7665_7796,72,7665,0,0,7665,AD+LATE,AD+LATE,AD+LATE
20260708_UWA_7163_7181_7665_7796,73,7665,0,0,7665,AD+LATE,AD+LATE,AD+LATE
20260708_UWA_7163_7181_7665_7796,74,7665,0,0,7665,AD+LATE,AD+LATE,AD+LATE
20260708_UWA_7163_7181_7665_7796,75,7665,0,0,7665,AD+LATE,AD+LATE,AD+LATE
20260708_UWA_7163_7181_7665_7796,76,7665,0,0,7665,AD+LATE,AD+LATE,AD+LATE
20260708_UWA_7163_7181_7665_7796,77,7665,0,0,7665,AD+LATE,AD+LATE,AD+LATE
20260708_UWA_7163_7181_7665_7796,78,7665,0,0,7665,AD+LATE,AD+LATE,AD+LATE
20260708_UWA_7163_7181_7665_7796,79,7665,0,0,7665,AD+LATE,AD+LATE,AD+LATE
20260708_UWA_7163_7181_7665_7796,80,7665,0,0,7665,AD+LATE,AD+LATE,AD+LATE
20260708_UWA_7163_7181_7665_7796,81,7665,0,0,7665,AD+LATE,AD+LATE,AD+LATE
20260708_UWA_7163_7181_7665_7796,82,7665,0,0,7665,AD+LATE,AD+LATE,AD+LATE
20260708_UWA_7163_7181_7665_7796,83,7665,0,0,7665,AD+LATE,AD+LATE,AD+LATE
20260708_UWA_7163_7181_7665_7796,84,7665,0,0,7665,AD+LATE,AD+LATE,AD+LATE
20260708_UWA_7163_7181_7665_7796,85,7665,0,0,7665,AD+LATE,AD+LATE,AD+LATE
20260708_UWA_7163_7181_7665_7796,86,7665,0,0,7665,AD+LATE,AD+LATE,AD+LATE
20260708_UWA_7163_7181_7665_7796,87,7665,0,0,7665,AD+LATE,AD+LATE,AD+LATE
20260708_UWA_7163_7181_7665_7796,88,7665,0,0,7665,AD+LATE,AD+LATE,AD+LATE
20260708_UWA_7163_7181_7665_7796,89,7665,0,0,7665,AD+LATE,AD+LATE,AD+LATE
20260708_UWA_7163_7181_7665_7796,90,7665,0,0,7665,AD+LATE,AD+LATE,AD+LATE
20260708_UWA_7163_7181_7665_7796,91,7665,0,0,7665,AD+LATE,AD+LATE,AD+LATE
20260708_UWA_7163_7181_7665_7796,92,7665,0,0,7665,AD+LATE,AD+LATE,AD+LATE
20260708_UWA_7163_7181_7665_7796,93,7665,0,0,7665,AD+LATE,AD+LATE,AD+LATE
20260708_UWA_7163_7181_7665_7796,94,7665,0,0,7665,AD+LATE,AD+LATE,AD+LATE
20260708_UWA_7163_7181_7665_7796,95,7665,0,0,7665,AD+LATE,AD+LATE,AD+LATE
20260708_UWA_7163_7181_7665_7796,96,7665,0,0,7665,AD+LATE,AD+LATE,AD+LATE
20260708_UWA_7163_7181_7665_7796,97,7665,0,0,7665,AD+LATE,AD+LATE,AD+LATE
20260708_UWA_7163_7181_7665_7796,98,7665,0,0,7665,AD+LATE,AD+LATE,AD+LATE
20260708_UWA_7163_7181_7665_7796,99,7665,0,0,7665,AD+LATE,AD+LATE,AD+LATE
20260708_UWA_7163_7181_7665_7796,100,7665,0,0,7665,AD+LATE,AD+LATE,AD+LATE
20260708_UWA_7163_7181_7665_7796,101,7181,0,0,7181,AD+LATE,AD+LATE SORL1,AD+LATE SORL1 C467Y
20260708_UWA_7163_7181_7665_7796,102,7181,0,0,7181,AD+LATE,AD+LATE SORL1,AD+LATE SORL1 C467Y
20260708_UWA_7163_7181_7665_7796,103,7181,0,0,7181,AD+LATE,AD+LATE SORL1,AD+LATE SORL1 C467Y
20260708_UWA_7163_7181_7665_7796,104,7181,0,0,7181,AD+LATE,AD+LATE SORL1,AD+LATE SORL1 C467Y
20260708_UWA_7163_7181_7665_7796,105,7181,0,0,7181,AD+LATE,AD+LATE SORL1,AD+LATE SORL1 C467Y
20260708_UWA_7163_7181_7665_7796,106,7181,0,0,7181,AD+LATE,AD+LATE SORL1,AD+LATE SORL1 C467Y
20260708_UWA_7163_7181_7665_7796,107,7181,0,0,7181,AD+LATE,AD+LATE SORL1,AD+LATE SORL1 C467Y
20260708_UWA_7163_7181_7665_7796,108,7181,0,0,7181,AD+LATE,AD+LATE SORL1,AD+LATE SORL1 C467Y
20260708_UWA_7163_7181_7665_7796,109,7181,0,0,7181,AD+LATE,AD+LATE SORL1,AD+LATE SORL1 C467Y
20260708_UWA_7163_7181_7665_7796,110,7181,0,0,7181,AD+LATE,AD+LATE SORL1,AD+LATE SORL1 C467Y
20260708_UWA_7163_7181_7665_7796,111,7181,0,0,7181,AD+LATE,AD+LATE SORL1,AD+LATE SORL1 C467Y
20260708_UWA_7163_7181_7665_7796,112,7181,0,0,7181,AD+LATE,AD+LATE SORL1,AD+LATE SORL1 C467Y
20260708_UWA_7163_7181_7665_7796,113,7181,0,0,7181,AD+LATE,AD+LATE SORL1,AD+LATE SORL1 C467Y
20260708_UWA_7163_7181_7665_7796,114,7181,0,0,7181,AD+LATE,AD+LATE SORL1,AD+LATE SORL1 C467Y
20260708_UWA_7163_7181_7665_7796,115,7181,0,0,7181,AD+LATE,AD+LATE SORL1,AD+LATE SORL1 C467Y
20260708_UWA_7163_7181_7665_7796,116,7181,0,0,7181,AD+LATE,AD+LATE SORL1,AD+LATE SORL1 C467Y
20260708_UWA_7163_7181_7665_7796,117,7181,0,0,7181,AD+LATE,AD+LATE SORL1,AD+LATE SORL1 C467Y
20260708_UWA_7163_7181_7665_7796,118,7181,0,0,7181,AD+LATE,AD+LATE SORL1,AD+LATE SORL1 C467Y
20260708_UWA_7163_7181_7665_7796,119,7181,0,0,7181,AD+LATE,AD+LATE SORL1,AD+LATE SORL1 C467Y
20260708_UWA_7163_7181_7665_7796,120,7181,0,0,7181,AD+LATE,AD+LATE SORL1,AD+LATE SORL1 C467Y
20260708_UWA_7163_7181_7665_7796,121,7181,0,0,7181,AD+LATE,AD+LATE SORL1,AD+LATE SORL1 C467Y
20260708_UWA_7163_7181_7665_7796,122,7181,0,0,7181,AD+LATE,AD+LATE SORL1,AD+LATE SORL1 C467Y
20260708_UWA_7163_7181_7665_7796,123,7181,0,0,7181,AD+LATE,AD+LATE SORL1,AD+LATE SORL1 C467Y
20260708_UWA_7163_7181_7665_7796,124,7181,0,0,7181,AD+LATE,AD+LATE SORL1,AD+LATE SORL1 C467Y
20260708_UWA_7163_7181_7665_7796,125,7181,0,0,7181,AD+LATE,AD+LATE SORL1,AD+LATE SORL1 C467Y
20260708_UWA_7163_7181_7665_7796,126,7181,0,0,7181,AD+LATE,AD+LATE SORL1,AD+LATE SORL1 C467Y
20260708_UWA_7163_7181_7665_7796,127,7181,0,0,7181,AD+LATE,AD+LATE SORL1,AD+LATE SORL1 C467Y
20260708_UWA_7163_7181_7665_7796,128,7181,0,0,7181,AD+LATE,AD+LATE SORL1,AD+LATE SORL1 C467Y
20260708_UWA_7163_7181_7665_7796,129,7181,0,0,7181,AD+LATE,AD+LATE SORL1,AD+LATE SORL1 C467Y
20260708_UWA_7163_7181_7665_7796,130,7181,0,0,7181,AD+LATE,AD+LATE SORL1,AD+LATE SORL1 C467Y
20260708_UWA_7163_7181_7665_7796,131,7181,0,0,7181,AD+LATE,AD+LATE SORL1,AD+LATE SORL1 C467Y
20260708_UWA_7163_7181_7665_7796,132,7181,0,0,7181,AD+LATE,AD+LATE SORL1,AD+LATE SORL1 C467Y
20260708_UWA_7163_7181_7665_7796,133,7181,0,0,7181,AD+LATE,AD+LATE SORL1,AD+LATE SORL1 C467Y
20260708_UWA_7163_7181_7665_7796,134,7181,0,0,7181,AD+LATE,AD+LATE SORL1,AD+LATE SORL1 C467Y
20260708_UWA_7163_7181_7665_7796,135,7181,0,0,7181,AD+LATE,AD+LATE SORL1,AD+LATE SORL1 C467Y
20260708_UWA_7163_7181_7665_7796,136,7181,0,0,7181,AD+LATE,AD+LATE SORL1,AD+LATE SORL1 C467Y
20260708_UWA_7163_7181_7665_7796,137,7181,0,0,7181,AD+LATE,AD+LATE SORL1,AD+LATE SORL1 C467Y
20260708_UWA_7163_7181_7665_7796,138,7181,0,0,7181,AD+LATE,AD+LATE SORL1,AD+LATE SORL1 C467Y
20260708_UWA_7163_7181_7665_7796,139,7181,0,0,7181,AD+LATE,AD+LATE SORL1,AD+LATE SORL1 C467Y
20260708_UWA_7163_7181_7665_7796,140,7181,0,0,7181,AD+LATE,AD+LATE SORL1,AD+LATE SORL1 C467Y
20260708_UWA_7163_7181_7665_7796,141,7181,0,0,7181,AD+LATE,AD+LATE SORL1,AD+LATE SORL1 C467Y
20260708_UWA_7163_7181_7665_7796,142,7181,0,0,7181,AD+LATE,AD+LATE SORL1,AD+LATE SORL1 C467Y
20260708_UWA_7163_7181_7665_7796,143,7181,0,0,7181,AD+LATE,AD+LATE SORL1,AD+LATE SORL1 C467Y
20260708_UWA_7163_7181_7665_7796,144,7181,0,0,7181,AD+LATE,AD+LATE SORL1,AD+LATE SORL1 C467Y
20260708_UWA_7163_7181_7665_7796,145,7181,0,0,7181,AD+LATE,AD+LATE SORL1,AD+LATE SORL1 C467Y
20260708_UWA_7163_7181_7665_7796,146,7181,0,0,7181,AD+LATE,AD+LATE SORL1,AD+LATE SORL1 C467Y
20260708_UWA_7163_7181_7665_7796,147,7181,0,0,7181,AD+LATE,AD+LATE SORL1,AD+LATE SORL1 C467Y
20260708_UWA_7163_7181_7665_7796,148,7181,0,0,7181,AD+LATE,AD+LATE SORL1,AD+LATE SORL1 C467Y
20260708_UWA_7163_7181_7665_7796,149,7181,0,0,7181,AD+LATE,AD+LATE SORL1,AD+LATE SORL1 C467Y
20260708_UWA_7163_7181_7665_7796,150,7181,0,0,7181,AD+LATE,AD+LATE SORL1,AD+LATE SORL1 C467Y
20260708_UWA_7163_7181_7665_7796,151,7163,0,0,7163,AD Pure,AD Pure,AD Pure
20260708_UWA_7163_7181_7665_7796,152,7163,0,0,7163,AD Pure,AD Pure,AD Pure
20260708_UWA_7163_7181_7665_7796,153,7163,0,0,7163,AD Pure,AD Pure,AD Pure
20260708_UWA_7163_7181_7665_7796,154,7163,0,0,7163,AD Pure,AD Pure,AD Pure
20260708_UWA_7163_7181_7665_7796,155,7163,0,0,7163,AD Pure,AD Pure,AD Pure
20260708_UWA_7163_7181_7665_7796,156,7163,0,0,7163,AD Pure,AD Pure,AD Pure
20260708_UWA_7163_7181_7665_7796,157,7163,0,0,7163,AD Pure,AD Pure,AD Pure
20260708_UWA_7163_7181_7665_7796,158,7163,0,0,7163,AD Pure,AD Pure,AD Pure
20260708_UWA_7163_7181_7665_7796,159,7163,0,0,7163,AD Pure,AD Pure,AD Pure
20260708_UWA_7163_7181_7665_7796,160,7163,0,0,7163,AD Pure,AD Pure,AD Pure
20260708_UWA_7163_7181_7665_7796,161,7163,0,0,7163,AD Pure,AD Pure,AD Pure
20260708_UWA_7163_7181_7665_7796,162,7163,0,0,7163,AD Pure,AD Pure,AD Pure
20260708_UWA_7163_7181_7665_7796,163,7163,0,0,7163,AD Pure,AD Pure,AD Pure
20260708_UWA_7163_7181_7665_7796,164,7163,0,0,7163,AD Pure,AD Pure,AD Pure
20260708_UWA_7163_7181_7665_7796,165,7163,0,0,7163,AD Pure,AD Pure,AD Pure
20260708_UWA_7163_7181_7665_7796,166,7163,0,0,7163,AD Pure,AD Pure,AD Pure
20260708_UWA_7163_7181_7665_7796,167,7163,0,0,7163,AD Pure,AD Pure,AD Pure
20260708_UWA_7163_7181_7665_7796,168,7163,0,0,7163,AD Pure,AD Pure,AD Pure
20260708_UWA_7163_7181_7665_7796,169,7163,0,0,7163,AD Pure,AD Pure,AD Pure
20260708_UWA_7163_7181_7665_7796,170,7163,0,0,7163,AD Pure,AD Pure,AD Pure
20260708_UWA_7163_7181_7665_7796,171,7163,0,0,7163,AD Pure,AD Pure,AD Pure
20260708_UWA_7163_7181_7665_7796,172,7163,0,0,7163,AD Pure,AD Pure,AD Pure
20260708_UWA_7163_7181_7665_7796,173,7163,0,0,7163,AD Pure,AD Pure,AD Pure
20260708_UWA_7163_7181_7665_7796,174,7163,0,0,7163,AD Pure,AD Pure,AD Pure
20260708_UWA_7163_7181_7665_7796,175,7163,0,0,7163,AD Pure,AD Pure,AD Pure
20260708_UWA_7163_7181_7665_7796,176,7163,0,0,7163,AD Pure,AD Pure,AD Pure
20260708_UWA_7163_7181_7665_7796,177,7163,0,0,7163,AD Pure,AD Pure,AD Pure
20260708_UWA_7163_7181_7665_7796,178,7163,0,0,7163,AD Pure,AD Pure,AD Pure
20260708_UWA_7163_7181_7665_7796,179,7163,0,0,7163,AD Pure,AD Pure,AD Pure
20260708_UWA_7163_7181_7665_7796,180,7163,0,0,7163,AD Pure,AD Pure,AD Pure
20260708_UWA_7163_7181_7665_7796,181,7163,0,0,7163,AD Pure,AD Pure,AD Pure
20260708_UWA_7163_7181_7665_7796,182,7163,0,0,7163,AD Pure,AD Pure,AD Pure
20260708_UWA_7163_7181_7665_7796,183,7163,0,0,7163,AD Pure,AD Pure,AD Pure
20260708_UWA_7163_7181_7665_7796,184,7163,0,0,7163,AD Pure,AD Pure,AD Pure
20260708_UWA_7163_7181_7665_7796,185,7163,0,0,7163,AD Pure,AD Pure,AD Pure
20260708_UWA_7163_7181_7665_7796,186,7163,0,0,7163,AD Pure,AD Pure,AD Pure
20260708_UWA_7163_7181_7665_7796,187,7163,0,0,7163,AD Pure,AD Pure,AD Pure
20260708_UWA_7163_7181_7665_7796,188,7163,0,0,7163,AD Pure,AD Pure,AD Pure
20260708_UWA_7163_7181_7665_7796,189,7163,0,0,7163,AD Pure,AD Pure,AD Pure
20260708_UWA_7163_7181_7665_7796,190,7163,0,0,7163,AD Pure,AD Pure,AD Pure
20260708_UWA_7163_7181_7665_7796,191,7163,0,0,7163,AD Pure,AD Pure,AD Pure
20260708_UWA_7163_7181_7665_7796,192,7163,0,0,7163,AD Pure,AD Pure,AD Pure
20260708_UWA_7163_7181_7665_7796,193,7163,0,0,7163,AD Pure,AD Pure,AD Pure
20260708_UWA_7163_7181_7665_7796,194,7163,0,0,7163,AD Pure,AD Pure,AD Pure
20260708_UWA_7163_7181_7665_7796,195,7163,0,0,7163,AD Pure,AD Pure,AD Pure
20260708_UWA_7163_7181_7665_7796,196,7163,0,0,7163,AD Pure,AD Pure,AD Pure
20260708_UWA_7163_7181_7665_7796,197,7163,0,0,7163,AD Pure,AD Pure,AD Pure
20260708_UWA_7163_7181_7665_7796,198,7163,0,0,7163,AD Pure,AD Pure,AD Pure
20260708_UWA_7163_7181_7665_7796,199,7163,0,0,7163,AD Pure,AD Pure,AD Pure
20260708_UWA_7163_7181_7665_7796,200,7163,0,0,7163,AD Pure,AD Pure,AD Pure
20260708_UWA_7163_7181_7665_7796,201,7163,0,0,7163,AD Pure,AD Pure,AD Pure
20260708_UWA_7163_7181_7665_7796,202,7163,0,0,7163,AD Pure,AD Pure,AD Pure
20260708_UWA_7163_7181_7665_7796,203,7163,0,0,7163,AD Pure,AD Pure,AD Pure
20260708_UWA_7163_7181_7665_7796,204,7163,0,0,7163,AD Pure,AD Pure,AD Pure
20260708_UWA_7163_7181_7665_7796,205,7163,0,0,7163,AD Pure,AD Pure,AD Pure
20260708_UWA_7163_7181_7665_7796,206,7163,0,0,7163,AD Pure,AD Pure,AD Pure
20260708_UWA_7163_7181_7665_7796,207,7163,0,0,7163,AD Pure,AD Pure,AD Pure
20260708_UWA_7163_7181_7665_7796,208,7163,0,0,7163,AD Pure,AD Pure,AD Pure
20260708_UWA_7163_7181_7665_7796,209,7163,0,0,7163,AD Pure,AD Pure,AD Pure
20260708_UWA_7163_7181_7665_7796,210,7163,0,0,7163,AD Pure,AD Pure,AD Pure
20260708_UWA_787_795_6589_6745,1,6745,0,0,6745,AD Pure,AD Pure,AD Pure
20260708_UWA_787_795_6589_6745,2,6745,0,0,6745,AD Pure,AD Pure,AD Pure
20260708_UWA_787_795_6589_6745,3,6745,0,0,6745,AD Pure,AD Pure,AD Pure
20260708_UWA_787_795_6589_6745,4,6745,0,0,6745,AD Pure,AD Pure,AD Pure
20260708_UWA_787_795_6589_6745,5,6745,0,0,6745,AD Pure,AD Pure,AD Pure
20260708_UWA_787_795_6589_6745,6,6745,0,0,6745,AD Pure,AD Pure,AD Pure
20260708_UWA_787_795_6589_6745,7,6745,0,0,6745,AD Pure,AD Pure,AD Pure
20260708_UWA_787_795_6589_6745,8,6745,0,0,6745,AD Pure,AD Pure,AD Pure
20260708_UWA_787_795_6589_6745,9,6745,0,0,6745,AD Pure,AD Pure,AD Pure
20260708_UWA_787_795_6589_6745,10,6745,0,0,6745,AD Pure,AD Pure,AD Pure
20260708_UWA_787_795_6589_6745,11,6745,0,0,6745,AD Pure,AD Pure,AD Pure
20260708_UWA_787_795_6589_6745,12,6745,0,0,6745,AD Pure,AD Pure,AD Pure
20260708_UWA_787_795_6589_6745,13,6745,0,0,6745,AD Pure,AD Pure,AD Pure
20260708_UWA_787_795_6589_6745,14,6745,0,0,6745,AD Pure,AD Pure,AD Pure
20260708_UWA_787_795_6589_6745,15,6745,0,0,6745,AD Pure,AD Pure,AD Pure
20260708_UWA_787_795_6589_6745,16,6745,0,0,6745,AD Pure,AD Pure,AD Pure
20260708_UWA_787_795_6589_6745,17,6745,0,0,6745,AD Pure,AD Pure,AD Pure
20260708_UWA_787_795_6589_6745,18,6745,0,0,6745,AD Pure,AD Pure,AD Pure
20260708_UWA_787_795_6589_6745,19,6745,0,0,6745,AD Pure,AD Pure,AD Pure
20260708_UWA_787_795_6589_6745,20,6745,0,0,6745,AD Pure,AD Pure,AD Pure
20260708_UWA_787_795_6589_6745,21,6745,0,0,6745,AD Pure,AD Pure,AD Pure
20260708_UWA_787_795_6589_6745,22,6745,0,0,6745,AD Pure,AD Pure,AD Pure
20260708_UWA_787_795_6589_6745,23,6745,0,0,6745,AD Pure,AD Pure,AD Pure
20260708_UWA_787_795_6589_6745,24,6745,0,0,6745,AD Pure,AD Pure,AD Pure
20260708_UWA_787_795_6589_6745,25,6745,0,0,6745,AD Pure,AD Pure,AD Pure
20260708_UWA_787_795_6589_6745,26,6745,0,0,6745,AD Pure,AD Pure,AD Pure
20260708_UWA_787_795_6589_6745,27,6745,0,0,6745,AD Pure,AD Pure,AD Pure
20260708_UWA_787_795_6589_6745,28,6745,0,0,6745,AD Pure,AD Pure,AD Pure
20260708_UWA_787_795_6589_6745,29,6745,0,0,6745,AD Pure,AD Pure,AD Pure
20260708_UWA_787_795_6589_6745,30,6745,0,0,6745,AD Pure,AD Pure,AD Pure
20260708_UWA_787_795_6589_6745,31,6745,0,0,6745,AD Pure,AD Pure,AD Pure
20260708_UWA_787_795_6589_6745,32,6745,0,0,6745,AD Pure,AD Pure,AD Pure
20260708_UWA_787_795_6589_6745,33,6745,0,0,6745,AD Pure,AD Pure,AD Pure
20260708_UWA_787_795_6589_6745,34,6745,0,0,6745,AD Pure,AD Pure,AD Pure
20260708_UWA_787_795_6589_6745,35,6745,0,0,6745,AD Pure,AD Pure,AD Pure
20260708_UWA_787_795_6589_6745,36,6745,0,0,6745,AD Pure,AD Pure,AD Pure
20260708_UWA_787_795_6589_6745,37,6745,0,0,6745,AD Pure,AD Pure,AD Pure
20260708_UWA_787_795_6589_6745,38,6745,0,0,6745,AD Pure,AD Pure,AD Pure
20260708_UWA_787_795_6589_6745,39,6745,0,0,6745,AD Pure,AD Pure,AD Pure
20260708_UWA_787_795_6589_6745,40,6745,0,0,6745,AD Pure,AD Pure,AD Pure
20260708_UWA_787_795_6589_6745,41,6745,0,0,6745,AD Pure,AD Pure,AD Pure
20260708_UWA_787_795_6589_6745,42,6745,0,0,6745,AD Pure,AD Pure,AD Pure
20260708_UWA_787_795_6589_6745,43,6745,0,0,6745,AD Pure,AD Pure,AD Pure
20260708_UWA_787_795_6589_6745,44,6745,0,0,6745,AD Pure,AD Pure,AD Pure
20260708_UWA_787_795_6589_6745,45,6745,0,0,6745,AD Pure,AD Pure,AD Pure
20260708_UWA_787_795_6589_6745,46,6745,0,0,6745,AD Pure,AD Pure,AD Pure
20260708_UWA_787_795_6589_6745,47,6745,0,0,6745,AD Pure,AD Pure,AD Pure
20260708_UWA_787_795_6589_6745,48,6745,0,0,6745,AD Pure,AD Pure,AD Pure
20260708_UWA_787_795_6589_6745,49,6745,0,0,6745,AD Pure,AD Pure,AD Pure
20260708_UWA_787_795_6589_6745,50,6745,0,0,6745,AD Pure,AD Pure,AD Pure
20260708_UWA_787_795_6589_6745,51,6745,0,0,6745,AD Pure,AD Pure,AD Pure
20260708_UWA_787_795_6589_6745,52,6589,0,0,6589,AD+LATE,AD+LATE SORL1,AD+LATE SORL1 R953C
20260708_UWA_787_795_6589_6745,53,6589,0,0,6589,AD+LATE,AD+LATE SORL1,AD+LATE SORL1 R953C
20260708_UWA_787_795_6589_6745,54,6589,0,0,6589,AD+LATE,AD+LATE SORL1,AD+LATE SORL1 R953C
20260708_UWA_787_795_6589_6745,55,6589,0,0,6589,AD+LATE,AD+LATE SORL1,AD+LATE SORL1 R953C
20260708_UWA_787_795_6589_6745,56,6589,0,0,6589,AD+LATE,AD+LATE SORL1,AD+LATE SORL1 R953C
20260708_UWA_787_795_6589_6745,57,6589,0,0,6589,AD+LATE,AD+LATE SORL1,AD+LATE SORL1 R953C
20260708_UWA_787_795_6589_6745,58,6589,0,0,6589,AD+LATE,AD+LATE SORL1,AD+LATE SORL1 R953C
20260708_UWA_787_795_6589_6745,59,6589,0,0,6589,AD+LATE,AD+LATE SORL1,AD+LATE SORL1 R953C
20260708_UWA_787_795_6589_6745,60,6589,0,0,6589,AD+LATE,AD+LATE SORL1,AD+LATE SORL1 R953C
20260708_UWA_787_795_6589_6745,61,6589,0,0,6589,AD+LATE,AD+LATE SORL1,AD+LATE SORL1 R953C
20260708_UWA_787_795_6589_6745,62,6589,0,0,6589,AD+LATE,AD+LATE SORL1,AD+LATE SORL1 R953C
20260708_UWA_787_795_6589_6745,63,6589,0,0,6589,AD+LATE,AD+LATE SORL1,AD+LATE SORL1 R953C
20260708_UWA_787_795_6589_6745,64,6589,0,0,6589,AD+LATE,AD+LATE SORL1,AD+LATE SORL1 R953C
20260708_UWA_787_795_6589_6745,65,6589,0,0,6589,AD+LATE,AD+LATE SORL1,AD+LATE SORL1 R953C
20260708_UWA_787_795_6589_6745,66,6589,0,0,6589,AD+LATE,AD+LATE SORL1,AD+LATE SORL1 R953C
20260708_UWA_787_795_6589_6745,67,6589,0,0,6589,AD+LATE,AD+LATE SORL1,AD+LATE SORL1 R953C
20260708_UWA_787_795_6589_6745,68,6589,0,0,6589,AD+LATE,AD+LATE SORL1,AD+LATE SORL1 R953C
20260708_UWA_787_795_6589_6745,69,6589,0,0,6589,AD+LATE,AD+LATE SORL1,AD+LATE SORL1 R953C
20260708_UWA_787_795_6589_6745,70,6589,0,0,6589,AD+LATE,AD+LATE SORL1,AD+LATE SORL1 R953C
20260708_UWA_787_795_6589_6745,71,6589,0,0,6589,AD+LATE,AD+LATE SORL1,AD+LATE SORL1 R953C
20260708_UWA_787_795_6589_6745,72,6589,0,0,6589,AD+LATE,AD+LATE SORL1,AD+LATE SORL1 R953C
20260708_UWA_787_795_6589_6745,73,6589,0,0,6589,AD+LATE,AD+LATE SORL1,AD+LATE SORL1 R953C
20260708_UWA_787_795_6589_6745,74,6589,0,0,6589,AD+LATE,AD+LATE SORL1,AD+LATE SORL1 R953C
20260708_UWA_787_795_6589_6745,75,6589,0,0,6589,AD+LATE,AD+LATE SORL1,AD+LATE SORL1 R953C
20260708_UWA_787_795_6589_6745,76,6589,0,0,6589,AD+LATE,AD+LATE SORL1,AD+LATE SORL1 R953C
20260708_UWA_787_795_6589_6745,77,6589,0,0,6589,AD+LATE,AD+LATE SORL1,AD+LATE SORL1 R953C
20260708_UWA_787_795_6589_6745,78,6589,0,0,6589,AD+LATE,AD+LATE SORL1,AD+LATE SORL1 R953C
20260708_UWA_787_795_6589_6745,79,6589,0,0,6589,AD+LATE,AD+LATE SORL1,AD+LATE SORL1 R953C
20260708_UWA_787_795_6589_6745,80,6589,0,0,6589,AD+LATE,AD+LATE SORL1,AD+LATE SORL1 R953C
20260708_UWA_787_795_6589_6745,81,6589,0,0,6589,AD+LATE,AD+LATE SORL1,AD+LATE SORL1 R953C
20260708_UWA_787_795_6589_6745,82,6589,0,0,6589,AD+LATE,AD+LATE SORL1,AD+LATE SORL1 R953C
20260708_UWA_787_795_6589_6745,83,6589,0,0,6589,AD+LATE,AD+LATE SORL1,AD+LATE SORL1 R953C
20260708_UWA_787_795_6589_6745,84,6589,0,0,6589,AD+LATE,AD+LATE SORL1,AD+LATE SORL1 R953C
20260708_UWA_787_795_6589_6745,85,6589,0,0,6589,AD+LATE,AD+LATE SORL1,AD+LATE SORL1 R953C
20260708_UWA_787_795_6589_6745,86,6589,0,0,6589,AD+LATE,AD+LATE SORL1,AD+LATE SORL1 R953C
20260708_UWA_787_795_6589_6745,87,6589,0,0,6589,AD+LATE,AD+LATE SORL1,AD+LATE SORL1 R953C
20260708_UWA_787_795_6589_6745,88,6589,0,0,6589,AD+LATE,AD+LATE SORL1,AD+LATE SORL1 R953C
20260708_UWA_787_795_6589_6745,89,6589,0,0,6589,AD+LATE,AD+LATE SORL1,AD+LATE SORL1 R953C
20260708_UWA_787_795_6589_6745,90,6589,0,0,6589,AD+LATE,AD+LATE SORL1,AD+LATE SORL1 R953C
20260708_UWA_787_795_6589_6745,91,6589,0,0,6589,AD+LATE,AD+LATE SORL1,AD+LATE SORL1 R953C
20260708_UWA_787_795_6589_6745,92,6589,0,0,6589,AD+LATE,AD+LATE SORL1,AD+LATE SORL1 R953C
20260708_UWA_787_795_6589_6745,93,6589,0,0,6589,AD+LATE,AD+LATE SORL1,AD+LATE SORL1 R953C
20260708_UWA_787_795_6589_6745,94,6589,0,0,6589,AD+LATE,AD+LATE SORL1,AD+LATE SORL1 R953C
20260708_UWA_787_795_6589_6745,95,6589,0,0,6589,AD+LATE,AD+LATE SORL1,AD+LATE SORL1 R953C
20260708_UWA_787_795_6589_6745,96,6589,0,0,6589,AD+LATE,AD+LATE SORL1,AD+LATE SORL1 R953C
20260708_UWA_787_795_6589_6745,97,6589,0,0,6589,AD+LATE,AD+LATE SORL1,AD+LATE SORL1 R953C
20260708_UWA_787_795_6589_6745,98,6589,0,0,6589,AD+LATE,AD+LATE SORL1,AD+LATE SORL1 R953C
20260708_UWA_787_795_6589_6745,99,6589,0,0,6589,AD+LATE,AD+LATE SORL1,AD+LATE SORL1 R953C
20260708_UWA_787_795_6589_6745,100,6589,0,0,6589,AD+LATE,AD+LATE SORL1,AD+LATE SORL1 R953C
20260708_UWA_787_795_6589_6745,101,795,0,0,795,Control,Control,Control
20260708_UWA_787_795_6589_6745,102,795,0,0,795,Control,Control,Control
20260708_UWA_787_795_6589_6745,103,795,0,0,795,Control,Control,Control
20260708_UWA_787_795_6589_6745,104,795,0,0,795,Control,Control,Control
20260708_UWA_787_795_6589_6745,105,795,0,0,795,Control,Control,Control
20260708_UWA_787_795_6589_6745,106,795,0,0,795,Control,Control,Control
20260708_UWA_787_795_6589_6745,107,795,0,0,795,Control,Control,Control
20260708_UWA_787_795_6589_6745,108,795,0,0,795,Control,Control,Control
20260708_UWA_787_795_6589_6745,109,795,0,0,795,Control,Control,Control
20260708_UWA_787_795_6589_6745,110,795,0,0,795,Control,Control,Control
20260708_UWA_787_795_6589_6745,111,795,0,0,795,Control,Control,Control
20260708_UWA_787_795_6589_6745,112,795,0,0,795,Control,Control,Control
20260708_UWA_787_795_6589_6745,113,795,0,0,795,Control,Control,Control
20260708_UWA_787_795_6589_6745,114,795,0,0,795,Control,Control,Control
20260708_UWA_787_795_6589_6745,115,795,0,0,795,Control,Control,Control
20260708_UWA_787_795_6589_6745,116,795,0,0,795,Control,Control,Control
20260708_UWA_787_795_6589_6745,117,795,0,0,795,Control,Control,Control
20260708_UWA_787_795_6589_6745,118,795,0,0,795,Control,Control,Control
20260708_UWA_787_795_6589_6745,119,795,0,0,795,Control,Control,Control
20260708_UWA_787_795_6589_6745,120,795,0,0,795,Control,Control,Control
20260708_UWA_787_795_6589_6745,121,795,0,0,795,Control,Control,Control
20260708_UWA_787_795_6589_6745,122,795,0,0,795,Control,Control,Control
20260708_UWA_787_795_6589_6745,123,795,0,0,795,Control,Control,Control
20260708_UWA_787_795_6589_6745,124,795,0,0,795,Control,Control,Control
20260708_UWA_787_795_6589_6745,125,795,0,0,795,Control,Control,Control
20260708_UWA_787_795_6589_6745,126,795,0,0,795,Control,Control,Control
20260708_UWA_787_795_6589_6745,127,795,0,0,795,Control,Control,Control
20260708_UWA_787_795_6589_6745,128,795,0,0,795,Control,Control,Control
20260708_UWA_787_795_6589_6745,129,795,0,0,795,Control,Control,Control
20260708_UWA_787_795_6589_6745,130,795,0,0,795,Control,Control,Control
20260708_UWA_787_795_6589_6745,131,795,0,0,795,Control,Control,Control
20260708_UWA_787_795_6589_6745,132,795,0,0,795,Control,Control,Control
20260708_UWA_787_795_6589_6745,133,795,0,0,795,Control,Control,Control
20260708_UWA_787_795_6589_6745,134,795,0,0,795,Control,Control,Control
20260708_UWA_787_795_6589_6745,135,795,0,0,795,Control,Control,Control
20260708_UWA_787_795_6589_6745,136,795,0,0,795,Control,Control,Control
20260708_UWA_787_795_6589_6745,137,795,0,0,795,Control,Control,Control
20260708_UWA_787_795_6589_6745,138,795,0,0,795,Control,Control,Control
20260708_UWA_787_795_6589_6745,139,795,0,0,795,Control,Control,Control
20260708_UWA_787_795_6589_6745,140,795,0,0,795,Control,Control,Control
20260708_UWA_787_795_6589_6745,141,795,0,0,795,Control,Control,Control
20260708_UWA_787_795_6589_6745,142,795,0,0,795,Control,Control,Control
20260708_UWA_787_795_6589_6745,143,795,0,0,795,Control,Control,Control
20260708_UWA_787_795_6589_6745,144,795,0,0,795,Control,Control,Control
20260708_UWA_787_795_6589_6745,145,795,0,0,795,Control,Control,Control
20260708_UWA_787_795_6589_6745,146,795,0,0,795,Control,Control,Control
20260708_UWA_787_795_6589_6745,147,795,0,0,795,Control,Control,Control
20260708_UWA_787_795_6589_6745,148,795,0,0,795,Control,Control,Control
20260708_UWA_787_795_6589_6745,149,795,0,0,795,Control,Control,Control
20260708_UWA_787_795_6589_6745,150,795,0,0,795,Control,Control,Control
20260708_UWA_787_795_6589_6745,151,787,0,0,787,AD+LATE,AD+LATE,AD+LATE
20260708_UWA_787_795_6589_6745,152,787,0,0,787,AD+LATE,AD+LATE,AD+LATE
20260708_UWA_787_795_6589_6745,153,787,0,0,787,AD+LATE,AD+LATE,AD+LATE
20260708_UWA_787_795_6589_6745,154,787,0,0,787,AD+LATE,AD+LATE,AD+LATE
20260708_UWA_787_795_6589_6745,155,787,0,0,787,AD+LATE,AD+LATE,AD+LATE
20260708_UWA_787_795_6589_6745,156,787,0,0,787,AD+LATE,AD+LATE,AD+LATE
20260708_UWA_787_795_6589_6745,157,787,0,0,787,AD+LATE,AD+LATE,AD+LATE
20260708_UWA_787_795_6589_6745,158,787,0,0,787,AD+LATE,AD+LATE,AD+LATE
20260708_UWA_787_795_6589_6745,159,787,0,0,787,AD+LATE,AD+LATE,AD+LATE
20260708_UWA_787_795_6589_6745,160,787,0,0,787,AD+LATE,AD+LATE,AD+LATE
20260708_UWA_787_795_6589_6745,161,787,0,0,787,AD+LATE,AD+LATE,AD+LATE
20260708_UWA_787_795_6589_6745,162,787,0,0,787,AD+LATE,AD+LATE,AD+LATE
20260708_UWA_787_795_6589_6745,163,787,0,0,787,AD+LATE,AD+LATE,AD+LATE
20260708_UWA_787_795_6589_6745,164,787,0,0,787,AD+LATE,AD+LATE,AD+LATE
20260708_UWA_787_795_6589_6745,165,787,0,0,787,AD+LATE,AD+LATE,AD+LATE
20260708_UWA_787_795_6589_6745,166,787,0,0,787,AD+LATE,AD+LATE,AD+LATE
20260708_UWA_787_795_6589_6745,167,787,0,0,787,AD+LATE,AD+LATE,AD+LATE
20260708_UWA_787_795_6589_6745,168,787,0,0,787,AD+LATE,AD+LATE,AD+LATE
20260708_UWA_787_795_6589_6745,169,787,0,0,787,AD+LATE,AD+LATE,AD+LATE
20260708_UWA_787_795_6589_6745,170,787,0,0,787,AD+LATE,AD+LATE,AD+LATE
20260708_UWA_787_795_6589_6745,171,787,0,0,787,AD+LATE,AD+LATE,AD+LATE
20260708_UWA_787_795_6589_6745,172,787,0,0,787,AD+LATE,AD+LATE,AD+LATE
20260708_UWA_787_795_6589_6745,173,787,0,0,787,AD+LATE,AD+LATE,AD+LATE
20260708_UWA_787_795_6589_6745,174,787,0,0,787,AD+LATE,AD+LATE,AD+LATE
20260708_UWA_787_795_6589_6745,175,787,0,0,787,AD+LATE,AD+LATE,AD+LATE
20260708_UWA_787_795_6589_6745,176,787,0,0,787,AD+LATE,AD+LATE,AD+LATE
20260708_UWA_787_795_6589_6745,177,787,0,0,787,AD+LATE,AD+LATE,AD+LATE
20260708_UWA_787_795_6589_6745,178,787,0,0,787,AD+LATE,AD+LATE,AD+LATE
20260708_UWA_787_795_6589_6745,179,787,0,0,787,AD+LATE,AD+LATE,AD+LATE
20260708_UWA_787_795_6589_6745,180,787,0,0,787,AD+LATE,AD+LATE,AD+LATE
20260708_UWA_787_795_6589_6745,181,787,0,0,787,AD+LATE,AD+LATE,AD+LATE
20260708_UWA_787_795_6589_6745,182,787,0,0,787,AD+LATE,AD+LATE,AD+LATE
20260708_UWA_787_795_6589_6745,183,787,0,0,787,AD+LATE,AD+LATE,AD+LATE
20260708_UWA_787_795_6589_6745,184,787,0,0,787,AD+LATE,AD+LATE,AD+LATE
20260708_UWA_787_795_6589_6745,185,787,0,0,787,AD+LATE,AD+LATE,AD+LATE
20260708_UWA_787_795_6589_6745,186,787,0,0,787,AD+LATE,AD+LATE,AD+LATE
20260708_UWA_787_795_6589_6745,187,787,0,0,787,AD+LATE,AD+LATE,AD+LATE
20260708_UWA_787_795_6589_6745,188,787,0,0,787,AD+LATE,AD+LATE,AD+LATE
20260708_UWA_787_795_6589_6745,189,787,0,0,787,AD+LATE,AD+LATE,AD+LATE
20260708_UWA_787_795_6589_6745,190,787,0,0,787,AD+LATE,AD+LATE,AD+LATE
20260708_UWA_787_795_6589_6745,191,787,0,0,787,AD+LATE,AD+LATE,AD+LATE
20260708_UWA_787_795_6589_6745,192,787,0,0,787,AD+LATE,AD+LATE,AD+LATE
20260708_UWA_787_795_6589_6745,193,787,0,0,787,AD+LATE,AD+LATE,AD+LATE
20260708_UWA_787_795_6589_6745,194,787,0,0,787,AD+LATE,AD+LATE,AD+LATE
20260708_UWA_787_795_6589_6745,195,787,0,0,787,AD+LATE,AD+LATE,AD+LATE
20260708_UWA_787_795_6589_6745,196,787,0,0,787,AD+LATE,AD+LATE,AD+LATE
20260708_UWA_787_795_6589_6745,197,787,0,0,787,AD+LATE,AD+LATE,AD+LATE
20260708_UWA_787_795_6589_6745,198,787,0,0,787,AD+LATE,AD+LATE,AD+LATE
20260708_UWA_787_795_6589_6745,199,787,0,0,787,AD+LATE,AD+LATE,AD+LATE
20260708_UWA_787_795_6589_6745,200,787,0,0,787,AD+LATE,AD+LATE,AD+LATE
6562A7576A6733A7747A7,1,747,0,0,747,Control,Control,Control
6562A7576A6733A7747A7,2,747,0,0,747,Control,Control,Control
6562A7576A6733A7747A7,3,747,0,0,747,Control,Control,Control
6562A7576A6733A7747A7,4,747,0,0,747,Control,Control,Control
6562A7576A6733A7747A7,5,747,0,0,747,Control,Control,Control
6562A7576A6733A7747A7,6,747,0,0,747,Control,Control,Control
6562A7576A6733A7747A7,7,747,0,0,747,Control,Control,Control
6562A7576A6733A7747A7,8,747,0,0,747,Control,Control,Control
6562A7576A6733A7747A7,9,747,0,0,747,Control,Control,Control
6562A7576A6733A7747A7,10,747,0,0,747,Control,Control,Control
6562A7576A6733A7747A7,11,747,0,0,747,Control,Control,Control
6562A7576A6733A7747A7,12,747,0,0,747,Control,Control,Control
6562A7576A6733A7747A7,13,747,0,0,747,Control,Control,Control
6562A7576A6733A7747A7,14,747,0,0,747,Control,Control,Control
6562A7576A6733A7747A7,15,747,0,0,747,Control,Control,Control
6562A7576A6733A7747A7,16,747,0,0,747,Control,Control,Control
6562A7576A6733A7747A7,17,747,0,0,747,Control,Control,Control
6562A7576A6733A7747A7,18,747,0,0,747,Control,Control,Control
6562A7576A6733A7747A7,19,747,0,0,747,Control,Control,Control
6562A7576A6733A7747A7,20,747,0,0,747,Control,Control,Control
6562A7576A6733A7747A7,21,747,0,0,747,Control,Control,Control
6562A7576A6733A7747A7,22,747,0,0,747,Control,Control,Control
6562A7576A6733A7747A7,23,747,0,0,747,Control,Control,Control
6562A7576A6733A7747A7,24,747,0,0,747,Control,Control,Control
6562A7576A6733A7747A7,25,747,0,0,747,Control,Control,Control
6562A7576A6733A7747A7,26,747,0,0,747,Control,Control,Control
6562A7576A6733A7747A7,27,747,0,0,747,Control,Control,Control
6562A7576A6733A7747A7,28,747,0,0,747,Control,Control,Control
6562A7576A6733A7747A7,29,747,0,0,747,Control,Control,Control
6562A7576A6733A7747A7,30,747,0,0,747,Control,Control,Control
6562A7576A6733A7747A7,31,747,0,0,747,Control,Control,Control
6562A7576A6733A7747A7,32,747,0,0,747,Control,Control,Control
6562A7576A6733A7747A7,33,747,0,0,747,Control,Control,Control
6562A7576A6733A7747A7,34,747,0,0,747,Control,Control,Control
6562A7576A6733A7747A7,35,747,0,0,747,Control,Control,Control
6562A7576A6733A7747A7,36,747,0,0,747,Control,Control,Control
6562A7576A6733A7747A7,37,747,0,0,747,Control,Control,Control
6562A7576A6733A7747A7,38,747,0,0,747,Control,Control,Control
6562A7576A6733A7747A7,39,747,0,0,747,Control,Control,Control
6562A7576A6733A7747A7,40,747,0,0,747,Control,Control,Control
6562A7576A6733A7747A7,41,747,0,0,747,Control,Control,Control
6562A7576A6733A7747A7,42,747,0,0,747,Control,Control,Control
6562A7576A6733A7747A7,43,747,0,0,747,Control,Control,Control
6562A7576A6733A7747A7,44,747,0,0,747,Control,Control,Control
6562A7576A6733A7747A7,45,747,0,0,747,Control,Control,Control
6562A7576A6733A7747A7,46,747,0,0,747,Control,Control,Control
6562A7576A6733A7747A7,47,747,0,0,747,Control,Control,Control
6562A7576A6733A7747A7,48,747,0,0,747,Control,Control,Control
6562A7576A6733A7747A7,49,733,0,0,733,Control,Control,Control
6562A7576A6733A7747A7,50,733,0,0,733,Control,Control,Control
6562A7576A6733A7747A7,51,733,0,0,733,Control,Control,Control
6562A7576A6733A7747A7,52,733,0,0,733,Control,Control,Control
6562A7576A6733A7747A7,53,733,0,0,733,Control,Control,Control
6562A7576A6733A7747A7,54,733,0,0,733,Control,Control,Control
6562A7576A6733A7747A7,55,733,0,0,733,Control,Control,Control
6562A7576A6733A7747A7,56,733,0,0,733,Control,Control,Control
6562A7576A6733A7747A7,57,733,0,0,733,Control,Control,Control
6562A7576A6733A7747A7,58,733,0,0,733,Control,Control,Control
6562A7576A6733A7747A7,59,733,0,0,733,Control,Control,Control
6562A7576A6733A7747A7,60,733,0,0,733,Control,Control,Control
6562A7576A6733A7747A7,61,733,0,0,733,Control,Control,Control
6562A7576A6733A7747A7,62,733,0,0,733,Control,Control,Control
6562A7576A6733A7747A7,63,733,0,0,733,Control,Control,Control
6562A7576A6733A7747A7,64,733,0,0,733,Control,Control,Control
6562A7576A6733A7747A7,65,733,0,0,733,Control,Control,Control
6562A7576A6733A7747A7,66,733,0,0,733,Control,Control,Control
6562A7576A6733A7747A7,67,733,0,0,733,Control,Control,Control
6562A7576A6733A7747A7,68,733,0,0,733,Control,Control,Control
6562A7576A6733A7747A7,69,733,0,0,733,Control,Control,Control
6562A7576A6733A7747A7,70,733,0,0,733,Control,Control,Control
6562A7576A6733A7747A7,71,733,0,0,733,Control,Control,Control
6562A7576A6733A7747A7,72,733,0,0,733,Control,Control,Control
6562A7576A6733A7747A7,73,733,0,0,733,Control,Control,Control
6562A7576A6733A7747A7,74,733,0,0,733,Control,Control,Control
6562A7576A6733A7747A7,75,733,0,0,733,Control,Control,Control
6562A7576A6733A7747A7,76,733,0,0,733,Control,Control,Control
6562A7576A6733A7747A7,77,733,0,0,733,Control,Control,Control
6562A7576A6733A7747A7,78,733,0,0,733,Control,Control,Control
6562A7576A6733A7747A7,79,733,0,0,733,Control,Control,Control
6562A7576A6733A7747A7,80,733,0,0,733,Control,Control,Control
6562A7576A6733A7747A7,81,733,0,0,733,Control,Control,Control
6562A7576A6733A7747A7,82,733,0,0,733,Control,Control,Control
6562A7576A6733A7747A7,83,733,0,0,733,Control,Control,Control
6562A7576A6733A7747A7,84,733,0,0,733,Control,Control,Control
6562A7576A6733A7747A7,85,733,0,0,733,Control,Control,Control
6562A7576A6733A7747A7,86,733,0,0,733,Control,Control,Control
6562A7576A6733A7747A7,87,733,0,0,733,Control,Control,Control
6562A7576A6733A7747A7,88,733,0,0,733,Control,Control,Control
6562A7576A6733A7747A7,89,733,0,0,733,Control,Control,Control
6562A7576A6733A7747A7,90,733,0,0,733,Control,Control,Control
6562A7576A6733A7747A7,91,733,0,0,733,Control,Control,Control
6562A7576A6733A7747A7,92,733,0,0,733,Control,Control,Control
6562A7576A6733A7747A7,93,733,0,0,733,Control,Control,Control
6562A7576A6733A7747A7,94,733,0,0,733,Control,Control,Control
6562A7576A6733A7747A7,95,733,0,0,733,Control,Control,Control
6562A7576A6733A7747A7,96,733,0,0,733,Control,Control,Control
6562A7576A6733A7747A7,97,733,0,0,733,Control,Control,Control
6562A7576A6733A7747A7,98,733,0,0,733,Control,Control,Control
6562A7576A6733A7747A7,99,733,0,0,733,Control,Control,Control
6562A7576A6733A7747A7,100,733,0,0,733,Control,Control,Control
6562A7576A6733A7747A7,101,526,0,0,526,AD+LATE,AD+LATE,AD+LATE
6562A7576A6733A7747A7,102,526,0,0,526,AD+LATE,AD+LATE,AD+LATE
6562A7576A6733A7747A7,103,526,0,0,526,AD+LATE,AD+LATE,AD+LATE
6562A7576A6733A7747A7,104,526,0,0,526,AD+LATE,AD+LATE,AD+LATE
6562A7576A6733A7747A7,105,526,0,0,526,AD+LATE,AD+LATE,AD+LATE
6562A7576A6733A7747A7,106,526,0,0,526,AD+LATE,AD+LATE,AD+LATE
6562A7576A6733A7747A7,107,526,0,0,526,AD+LATE,AD+LATE,AD+LATE
6562A7576A6733A7747A7,108,526,0,0,526,AD+LATE,AD+LATE,AD+LATE
6562A7576A6733A7747A7,109,526,0,0,526,AD+LATE,AD+LATE,AD+LATE
6562A7576A6733A7747A7,110,526,0,0,526,AD+LATE,AD+LATE,AD+LATE
6562A7576A6733A7747A7,111,526,0,0,526,AD+LATE,AD+LATE,AD+LATE
6562A7576A6733A7747A7,112,526,0,0,526,AD+LATE,AD+LATE,AD+LATE
6562A7576A6733A7747A7,113,526,0,0,526,AD+LATE,AD+LATE,AD+LATE
6562A7576A6733A7747A7,114,526,0,0,526,AD+LATE,AD+LATE,AD+LATE
6562A7576A6733A7747A7,115,526,0,0,526,AD+LATE,AD+LATE,AD+LATE
6562A7576A6733A7747A7,116,526,0,0,526,AD+LATE,AD+LATE,AD+LATE
6562A7576A6733A7747A7,117,526,0,0,526,AD+LATE,AD+LATE,AD+LATE
6562A7576A6733A7747A7,118,526,0,0,526,AD+LATE,AD+LATE,AD+LATE
6562A7576A6733A7747A7,119,526,0,0,526,AD+LATE,AD+LATE,AD+LATE
6562A7576A6733A7747A7,120,526,0,0,526,AD+LATE,AD+LATE,AD+LATE
6562A7576A6733A7747A7,121,526,0,0,526,AD+LATE,AD+LATE,AD+LATE
6562A7576A6733A7747A7,122,526,0,0,526,AD+LATE,AD+LATE,AD+LATE
6562A7576A6733A7747A7,123,526,0,0,526,AD+LATE,AD+LATE,AD+LATE
6562A7576A6733A7747A7,124,526,0,0,526,AD+LATE,AD+LATE,AD+LATE
6562A7576A6733A7747A7,125,526,0,0,526,AD+LATE,AD+LATE,AD+LATE
6562A7576A6733A7747A7,126,526,0,0,526,AD+LATE,AD+LATE,AD+LATE
6562A7576A6733A7747A7,127,526,0,0,526,AD+LATE,AD+LATE,AD+LATE
6562A7576A6733A7747A7,128,526,0,0,526,AD+LATE,AD+LATE,AD+LATE
6562A7576A6733A7747A7,129,526,0,0,526,AD+LATE,AD+LATE,AD+LATE
6562A7576A6733A7747A7,130,526,0,0,526,AD+LATE,AD+LATE,AD+LATE
6562A7576A6733A7747A7,131,526,0,0,526,AD+LATE,AD+LATE,AD+LATE
6562A7576A6733A7747A7,132,526,0,0,526,AD+LATE,AD+LATE,AD+LATE
6562A7576A6733A7747A7,133,526,0,0,526,AD+LATE,AD+LATE,AD+LATE
6562A7576A6733A7747A7,134,526,0,0,526,AD+LATE,AD+LATE,AD+LATE
6562A7576A6733A7747A7,135,526,0,0,526,AD+LATE,AD+LATE,AD+LATE
6562A7576A6733A7747A7,136,526,0,0,526,AD+LATE,AD+LATE,AD+LATE
6562A7576A6733A7747A7,137,526,0,0,526,AD+LATE,AD+LATE,AD+LATE
6562A7576A6733A7747A7,138,526,0,0,526,AD+LATE,AD+LATE,AD+LATE
6562A7576A6733A7747A7,139,526,0,0,526,AD+LATE,AD+LATE,AD+LATE
6562A7576A6733A7747A7,140,526,0,0,526,AD+LATE,AD+LATE,AD+LATE
6562A7576A6733A7747A7,141,526,0,0,526,AD+LATE,AD+LATE,AD+LATE
6562A7576A6733A7747A7,142,526,0,0,526,AD+LATE,AD+LATE,AD+LATE
6562A7576A6733A7747A7,143,526,0,0,526,AD+LATE,AD+LATE,AD+LATE
6562A7576A6733A7747A7,144,526,0,0,526,AD+LATE,AD+LATE,AD+LATE
6562A7576A6733A7747A7,145,526,0,0,526,AD+LATE,AD+LATE,AD+LATE
6562A7576A6733A7747A7,146,526,0,0,526,AD+LATE,AD+LATE,AD+LATE
6562A7576A6733A7747A7,147,526,0,0,526,AD+LATE,AD+LATE,AD+LATE
6562A7576A6733A7747A7,148,526,0,0,526,AD+LATE,AD+LATE,AD+LATE
6562A7576A6733A7747A7,149,526,0,0,526,AD+LATE,AD+LATE,AD+LATE
6562A7576A6733A7747A7,150,526,0,0,526,AD+LATE,AD+LATE,AD+LATE
6562A7576A6733A7747A7,151,6562,0,0,6562,AD+LATE,AD+LATE,AD+LATE
6562A7576A6733A7747A7,152,6562,0,0,6562,AD+LATE,AD+LATE,AD+LATE
6562A7576A6733A7747A7,153,6562,0,0,6562,AD+LATE,AD+LATE,AD+LATE
6562A7576A6733A7747A7,154,6562,0,0,6562,AD+LATE,AD+LATE,AD+LATE
6562A7576A6733A7747A7,155,6562,0,0,6562,AD+LATE,AD+LATE,AD+LATE
6562A7576A6733A7747A7,156,6562,0,0,6562,AD+LATE,AD+LATE,AD+LATE
6562A7576A6733A7747A7,157,6562,0,0,6562,AD+LATE,AD+LATE,AD+LATE
6562A7576A6733A7747A7,158,6562,0,0,6562,AD+LATE,AD+LATE,AD+LATE
6562A7576A6733A7747A7,159,6562,0,0,6562,AD+LATE,AD+LATE,AD+LATE
6562A7576A6733A7747A7,160,6562,0,0,6562,AD+LATE,AD+LATE,AD+LATE
6562A7576A6733A7747A7,161,6562,0,0,6562,AD+LATE,AD+LATE,AD+LATE
6562A7576A6733A7747A7,162,6562,0,0,6562,AD+LATE,AD+LATE,AD+LATE
6562A7576A6733A7747A7,163,6562,0,0,6562,AD+LATE,AD+LATE,AD+LATE
6562A7576A6733A7747A7,164,6562,0,0,6562,AD+LATE,AD+LATE,AD+LATE
6562A7576A6733A7747A7,165,6562,0,0,6562,AD+LATE,AD+LATE,AD+LATE
6562A7576A6733A7747A7,166,6562,0,0,6562,AD+LATE,AD+LATE,AD+LATE
6562A7576A6733A7747A7,167,6562,0,0,6562,AD+LATE,AD+LATE,AD+LATE
6562A7576A6733A7747A7,168,6562,0,0,6562,AD+LATE,AD+LATE,AD+LATE
6562A7576A6733A7747A7,169,6562,0,0,6562,AD+LATE,AD+LATE,AD+LATE
6562A7576A6733A7747A7,170,6562,0,0,6562,AD+LATE,AD+LATE,AD+LATE
6562A7576A6733A7747A7,171,6562,0,0,6562,AD+LATE,AD+LATE,AD+LATE
6562A7576A6733A7747A7,172,6562,0,0,6562,AD+LATE,AD+LATE,AD+LATE
6562A7576A6733A7747A7,173,6562,0,0,6562,AD+LATE,AD+LATE,AD+LATE
6562A7576A6733A7747A7,174,6562,0,0,6562,AD+LATE,AD+LATE,AD+LATE
6562A7576A6733A7747A7,175,6562,0,0,6562,AD+LATE,AD+LATE,AD+LATE
6562A7576A6733A7747A7,176,6562,0,0,6562,AD+LATE,AD+LATE,AD+LATE
6562A7576A6733A7747A7,177,6562,0,0,6562,AD+LATE,AD+LATE,AD+LATE
6562A7576A6733A7747A7,178,6562,0,0,6562,AD+LATE,AD+LATE,AD+LATE
6562A7576A6733A7747A7,179,6562,0,0,6562,AD+LATE,AD+LATE,AD+LATE
6562A7576A6733A7747A7,180,6562,0,0,6562,AD+LATE,AD+LATE,AD+LATE
6562A7576A6733A7747A7,181,6562,0,0,6562,AD+LATE,AD+LATE,AD+LATE
6562A7576A6733A7747A7,182,6562,0,0,6562,AD+LATE,AD+LATE,AD+LATE
6562A7576A6733A7747A7,183,6562,0,0,6562,AD+LATE,AD+LATE,AD+LATE
6562A7576A6733A7747A7,184,6562,0,0,6562,AD+LATE,AD+LATE,AD+LATE
6562A7576A6733A7747A7,185,6562,0,0,6562,AD+LATE,AD+LATE,AD+LATE
6562A7576A6733A7747A7,186,6562,0,0,6562,AD+LATE,AD+LATE,AD+LATE
6562A7576A6733A7747A7,187,6562,0,0,6562,AD+LATE,AD+LATE,AD+LATE
6562A7576A6733A7747A7,188,6562,0,0,6562,AD+LATE,AD+LATE,AD+LATE
6562A7576A6733A7747A7,189,6562,0,0,6562,AD+LATE,AD+LATE,AD+LATE
6562A7576A6733A7747A7,190,6562,0,0,6562,AD+LATE,AD+LATE,AD+LATE
6562A7576A6733A7747A7,191,6562,0,0,6562,AD+LATE,AD+LATE,AD+LATE
6562A7576A6733A7747A7,192,6562,0,0,6562,AD+LATE,AD+LATE,AD+LATE
6562A7576A6733A7747A7,193,6562,0,0,6562,AD+LATE,AD+LATE,AD+LATE
6562A7576A6733A7747A7,194,6562,0,0,6562,AD+LATE,AD+LATE,AD+LATE
6562A7576A6733A7747A7,195,6562,0,0,6562,AD+LATE,AD+LATE,AD+LATE
6562A7576A6733A7747A7,196,6562,0,0,6562,AD+LATE,AD+LATE,AD+LATE
6562A7576A6733A7747A7,197,6562,0,0,6562,AD+LATE,AD+LATE,AD+LATE
6562A7576A6733A7747A7,198,6562,0,0,6562,AD+LATE,AD+LATE,AD+LATE
6562A7576A6733A7747A7,199,6562,0,0,6562,AD+LATE,AD+LATE,AD+LATE
6562A7576A6733A7747A7,200,6562,0,0,6562,AD+LATE,AD+LATE,AD+LATE
6760A76710A67177A66915A6,1,6915,0,0,6915,AD+LATE,AD+LATE,AD+LATE
6760A76710A67177A66915A6,2,6915,0,0,6915,AD+LATE,AD+LATE,AD+LATE
6760A76710A67177A66915A6,3,6915,0,0,6915,AD+LATE,AD+LATE,AD+LATE
6760A76710A67177A66915A6,4,6915,0,0,6915,AD+LATE,AD+LATE,AD+LATE
6760A76710A67177A66915A6,5,6915,0,0,6915,AD+LATE,AD+LATE,AD+LATE
6760A76710A67177A66915A6,6,6915,0,0,6915,AD+LATE,AD+LATE,AD+LATE
6760A76710A67177A66915A6,7,6915,0,0,6915,AD+LATE,AD+LATE,AD+LATE
6760A76710A67177A66915A6,8,6915,0,0,6915,AD+LATE,AD+LATE,AD+LATE
6760A76710A67177A66915A6,9,6915,0,0,6915,AD+LATE,AD+LATE,AD+LATE
6760A76710A67177A66915A6,10,6915,0,0,6915,AD+LATE,AD+LATE,AD+LATE
6760A76710A67177A66915A6,11,6915,0,0,6915,AD+LATE,AD+LATE,AD+LATE
6760A76710A67177A66915A6,12,6915,0,0,6915,AD+LATE,AD+LATE,AD+LATE
6760A76710A67177A66915A6,13,6915,0,0,6915,AD+LATE,AD+LATE,AD+LATE
6760A76710A67177A66915A6,14,6915,0,0,6915,AD+LATE,AD+LATE,AD+LATE
6760A76710A67177A66915A6,15,6915,0,0,6915,AD+LATE,AD+LATE,AD+LATE
6760A76710A67177A66915A6,16,6915,0,0,6915,AD+LATE,AD+LATE,AD+LATE
6760A76710A67177A66915A6,17,6915,0,0,6915,AD+LATE,AD+LATE,AD+LATE
6760A76710A67177A66915A6,18,6915,0,0,6915,AD+LATE,AD+LATE,AD+LATE
6760A76710A67177A66915A6,19,6915,0,0,6915,AD+LATE,AD+LATE,AD+LATE
6760A76710A67177A66915A6,20,6915,0,0,6915,AD+LATE,AD+LATE,AD+LATE
6760A76710A67177A66915A6,21,6915,0,0,6915,AD+LATE,AD+LATE,AD+LATE
6760A76710A67177A66915A6,22,6915,0,0,6915,AD+LATE,AD+LATE,AD+LATE
6760A76710A67177A66915A6,23,6915,0,0,6915,AD+LATE,AD+LATE,AD+LATE
6760A76710A67177A66915A6,24,6915,0,0,6915,AD+LATE,AD+LATE,AD+LATE
6760A76710A67177A66915A6,25,6915,0,0,6915,AD+LATE,AD+LATE,AD+LATE
6760A76710A67177A66915A6,26,6915,0,0,6915,AD+LATE,AD+LATE,AD+LATE
6760A76710A67177A66915A6,27,6915,0,0,6915,AD+LATE,AD+LATE,AD+LATE
6760A76710A67177A66915A6,28,6915,0,0,6915,AD+LATE,AD+LATE,AD+LATE
6760A76710A67177A66915A6,29,6915,0,0,6915,AD+LATE,AD+LATE,AD+LATE
6760A76710A67177A66915A6,30,6915,0,0,6915,AD+LATE,AD+LATE,AD+LATE
6760A76710A67177A66915A6,31,6915,0,0,6915,AD+LATE,AD+LATE,AD+LATE
6760A76710A67177A66915A6,32,6915,0,0,6915,AD+LATE,AD+LATE,AD+LATE
6760A76710A67177A66915A6,33,6915,0,0,6915,AD+LATE,AD+LATE,AD+LATE
6760A76710A67177A66915A6,34,6915,0,0,6915,AD+LATE,AD+LATE,AD+LATE
6760A76710A67177A66915A6,35,6915,0,0,6915,AD+LATE,AD+LATE,AD+LATE
6760A76710A67177A66915A6,36,6915,0,0,6915,AD+LATE,AD+LATE,AD+LATE
6760A76710A67177A66915A6,37,6915,0,0,6915,AD+LATE,AD+LATE,AD+LATE
6760A76710A67177A66915A6,38,6915,0,0,6915,AD+LATE,AD+LATE,AD+LATE
6760A76710A67177A66915A6,39,6915,0,0,6915,AD+LATE,AD+LATE,AD+LATE
6760A76710A67177A66915A6,40,6915,0,0,6915,AD+LATE,AD+LATE,AD+LATE
6760A76710A67177A66915A6,41,6915,0,0,6915,AD+LATE,AD+LATE,AD+LATE
6760A76710A67177A66915A6,42,6915,0,0,6915,AD+LATE,AD+LATE,AD+LATE
6760A76710A67177A66915A6,43,6915,0,0,6915,AD+LATE,AD+LATE,AD+LATE
6760A76710A67177A66915A6,44,6915,0,0,6915,AD+LATE,AD+LATE,AD+LATE
6760A76710A67177A66915A6,45,7177,0,0,7177,AD+LATE,AD+LATE,AD+LATE
6760A76710A67177A66915A6,46,7177,0,0,7177,AD+LATE,AD+LATE,AD+LATE
6760A76710A67177A66915A6,47,7177,0,0,7177,AD+LATE,AD+LATE,AD+LATE
6760A76710A67177A66915A6,48,7177,0,0,7177,AD+LATE,AD+LATE,AD+LATE
6760A76710A67177A66915A6,49,7177,0,0,7177,AD+LATE,AD+LATE,AD+LATE
6760A76710A67177A66915A6,50,7177,0,0,7177,AD+LATE,AD+LATE,AD+LATE
6760A76710A67177A66915A6,51,7177,0,0,7177,AD+LATE,AD+LATE,AD+LATE
6760A76710A67177A66915A6,52,7177,0,0,7177,AD+LATE,AD+LATE,AD+LATE
6760A76710A67177A66915A6,53,7177,0,0,7177,AD+LATE,AD+LATE,AD+LATE
6760A76710A67177A66915A6,54,7177,0,0,7177,AD+LATE,AD+LATE,AD+LATE
6760A76710A67177A66915A6,55,7177,0,0,7177,AD+LATE,AD+LATE,AD+LATE
6760A76710A67177A66915A6,56,7177,0,0,7177,AD+LATE,AD+LATE,AD+LATE
6760A76710A67177A66915A6,57,7177,0,0,7177,AD+LATE,AD+LATE,AD+LATE
6760A76710A67177A66915A6,58,7177,0,0,7177,AD+LATE,AD+LATE,AD+LATE
6760A76710A67177A66915A6,59,7177,0,0,7177,AD+LATE,AD+LATE,AD+LATE
6760A76710A67177A66915A6,60,7177,0,0,7177,AD+LATE,AD+LATE,AD+LATE
6760A76710A67177A66915A6,61,7177,0,0,7177,AD+LATE,AD+LATE,AD+LATE
6760A76710A67177A66915A6,62,7177,0,0,7177,AD+LATE,AD+LATE,AD+LATE
6760A76710A67177A66915A6,63,7177,0,0,7177,AD+LATE,AD+LATE,AD+LATE
6760A76710A67177A66915A6,64,7177,0,0,7177,AD+LATE,AD+LATE,AD+LATE
6760A76710A67177A66915A6,65,7177,0,0,7177,AD+LATE,AD+LATE,AD+LATE
6760A76710A67177A66915A6,66,7177,0,0,7177,AD+LATE,AD+LATE,AD+LATE
6760A76710A67177A66915A6,67,7177,0,0,7177,AD+LATE,AD+LATE,AD+LATE
6760A76710A67177A66915A6,68,7177,0,0,7177,AD+LATE,AD+LATE,AD+LATE
6760A76710A67177A66915A6,69,7177,0,0,7177,AD+LATE,AD+LATE,AD+LATE
6760A76710A67177A66915A6,70,7177,0,0,7177,AD+LATE,AD+LATE,AD+LATE
6760A76710A67177A66915A6,71,7177,0,0,7177,AD+LATE,AD+LATE,AD+LATE
6760A76710A67177A66915A6,72,7177,0,0,7177,AD+LATE,AD+LATE,AD+LATE
6760A76710A67177A66915A6,73,7177,0,0,7177,AD+LATE,AD+LATE,AD+LATE
6760A76710A67177A66915A6,74,7177,0,0,7177,AD+LATE,AD+LATE,AD+LATE
6760A76710A67177A66915A6,75,7177,0,0,7177,AD+LATE,AD+LATE,AD+LATE
6760A76710A67177A66915A6,76,7177,0,0,7177,AD+LATE,AD+LATE,AD+LATE
6760A76710A67177A66915A6,77,6710,0,0,6710,AD+LATE,AD+LATE,AD+LATE
6760A76710A67177A66915A6,78,6710,0,0,6710,AD+LATE,AD+LATE,AD+LATE
6760A76710A67177A66915A6,79,6710,0,0,6710,AD+LATE,AD+LATE,AD+LATE
6760A76710A67177A66915A6,80,6710,0,0,6710,AD+LATE,AD+LATE,AD+LATE
6760A76710A67177A66915A6,81,6710,0,0,6710,AD+LATE,AD+LATE,AD+LATE
6760A76710A67177A66915A6,82,6710,0,0,6710,AD+LATE,AD+LATE,AD+LATE
6760A76710A67177A66915A6,83,6710,0,0,6710,AD+LATE,AD+LATE,AD+LATE
6760A76710A67177A66915A6,84,6710,0,0,6710,AD+LATE,AD+LATE,AD+LATE
6760A76710A67177A66915A6,85,6710,0,0,6710,AD+LATE,AD+LATE,AD+LATE
6760A76710A67177A66915A6,86,6710,0,0,6710,AD+LATE,AD+LATE,AD+LATE
6760A76710A67177A66915A6,87,6710,0,0,6710,AD+LATE,AD+LATE,AD+LATE
6760A76710A67177A66915A6,88,6710,0,0,6710,AD+LATE,AD+LATE,AD+LATE
6760A76710A67177A66915A6,89,6710,0,0,6710,AD+LATE,AD+LATE,AD+LATE
6760A76710A67177A66915A6,90,6710,0,0,6710,AD+LATE,AD+LATE,AD+LATE
6760A76710A67177A66915A6,91,6710,0,0,6710,AD+LATE,AD+LATE,AD+LATE
6760A76710A67177A66915A6,92,6710,0,0,6710,AD+LATE,AD+LATE,AD+LATE
6760A76710A67177A66915A6,93,6710,0,0,6710,AD+LATE,AD+LATE,AD+LATE
6760A76710A67177A66915A6,94,6710,0,0,6710,AD+LATE,AD+LATE,AD+LATE
6760A76710A67177A66915A6,95,6710,0,0,6710,AD+LATE,AD+LATE,AD+LATE
6760A76710A67177A66915A6,96,6710,0,0,6710,AD+LATE,AD+LATE,AD+LATE
6760A76710A67177A66915A6,97,6710,0,0,6710,AD+LATE,AD+LATE,AD+LATE
6760A76710A67177A66915A6,98,6710,0,0,6710,AD+LATE,AD+LATE,AD+LATE
6760A76710A67177A66915A6,99,6710,0,0,6710,AD+LATE,AD+LATE,AD+LATE
6760A76710A67177A66915A6,100,6710,0,0,6710,AD+LATE,AD+LATE,AD+LATE
6760A76710A67177A66915A6,101,6710,0,0,6710,AD+LATE,AD+LATE,AD+LATE
6760A76710A67177A66915A6,102,6710,0,0,6710,AD+LATE,AD+LATE,AD+LATE
6760A76710A67177A66915A6,103,6710,0,0,6710,AD+LATE,AD+LATE,AD+LATE
6760A76710A67177A66915A6,104,6710,0,0,6710,AD+LATE,AD+LATE,AD+LATE
6760A76710A67177A66915A6,105,6710,0,0,6710,AD+LATE,AD+LATE,AD+LATE
6760A76710A67177A66915A6,106,6710,0,0,6710,AD+LATE,AD+LATE,AD+LATE
6760A76710A67177A66915A6,107,6710,0,0,6710,AD+LATE,AD+LATE,AD+LATE
6760A76710A67177A66915A6,108,6710,0,0,6710,AD+LATE,AD+LATE,AD+LATE
6760A76710A67177A66915A6,109,6710,0,0,6710,AD+LATE,AD+LATE,AD+LATE
6760A76710A67177A66915A6,110,6710,0,0,6710,AD+LATE,AD+LATE,AD+LATE
6760A76710A67177A66915A6,111,6710,0,0,6710,AD+LATE,AD+LATE,AD+LATE
6760A76710A67177A66915A6,112,6710,0,0,6710,AD+LATE,AD+LATE,AD+LATE
6760A76710A67177A66915A6,113,6710,0,0,6710,AD+LATE,AD+LATE,AD+LATE
6760A76710A67177A66915A6,114,6710,0,0,6710,AD+LATE,AD+LATE,AD+LATE
6760A76710A67177A66915A6,115,6710,0,0,6710,AD+LATE,AD+LATE,AD+LATE
6760A76710A67177A66915A6,116,6760,0,0,6760,Control,Control,Control
6760A76710A67177A66915A6,117,6760,0,0,6760,Control,Control,Control
6760A76710A67177A66915A6,118,6760,0,0,6760,Control,Control,Control
6760A76710A67177A66915A6,119,6760,0,0,6760,Control,Control,Control
6760A76710A67177A66915A6,120,6760,0,0,6760,Control,Control,Control
6760A76710A67177A66915A6,121,6760,0,0,6760,Control,Control,Control
6760A76710A67177A66915A6,122,6760,0,0,6760,Control,Control,Control
6760A76710A67177A66915A6,123,6760,0,0,6760,Control,Control,Control
6760A76710A67177A66915A6,124,6760,0,0,6760,Control,Control,Control
6760A76710A67177A66915A6,125,6760,0,0,6760,Control,Control,Control
6760A76710A67177A66915A6,126,6760,0,0,6760,Control,Control,Control
6760A76710A67177A66915A6,127,6760,0,0,6760,Control,Control,Control
6760A76710A67177A66915A6,128,6760,0,0,6760,Control,Control,Control
6760A76710A67177A66915A6,129,6760,0,0,6760,Control,Control,Control
6760A76710A67177A66915A6,130,6760,0,0,6760,Control,Control,Control
6760A76710A67177A66915A6,131,6760,0,0,6760,Control,Control,Control
6760A76710A67177A66915A6,132,6760,0,0,6760,Control,Control,Control
6760A76710A67177A66915A6,133,6760,0,0,6760,Control,Control,Control
6760A76710A67177A66915A6,134,6760,0,0,6760,Control,Control,Control
6760A76710A67177A66915A6,135,6760,0,0,6760,Control,Control,Control
6760A76710A67177A66915A6,136,6760,0,0,6760,Control,Control,Control
6760A76710A67177A66915A6,137,6760,0,0,6760,Control,Control,Control
6760A76710A67177A66915A6,138,6760,0,0,6760,Control,Control,Control
6760A76710A67177A66915A6,139,6760,0,0,6760,Control,Control,Control
6760A76710A67177A66915A6,140,6760,0,0,6760,Control,Control,Control
6760A76710A67177A66915A6,141,6760,0,0,6760,Control,Control,Control
6760A76710A67177A66915A6,142,6760,0,0,6760,Control,Control,Control
6760A76710A67177A66915A6,143,6760,0,0,6760,Control,Control,Control
6760A76710A67177A66915A6,144,6760,0,0,6760,Control,Control,Control
6760A76710A67177A66915A6,145,6760,0,0,6760,Control,Control,Control
6760A76710A67177A66915A6,146,6760,0,0,6760,Control,Control,Control
6760A76710A67177A66915A6,147,6760,0,0,6760,Control,Control,Control
6760A76710A67177A66915A6,148,6760,0,0,6760,Control,Control,Control
6760A76710A67177A66915A6,149,6760,0,0,6760,Control,Control,Control
6760A76710A67177A66915A6,150,6760,0,0,6760,Control,Control,Control
6760A76710A67177A66915A6,151,6760,0,0,6760,Control,Control,Control
6760A76710A67177A66915A6,152,6760,0,0,6760,Control,Control,Control
6760A76710A67177A66915A6,153,6760,0,0,6760,Control,Control,Control
6760A76710A67177A66915A6,154,6760,0,0,6760,Control,Control,Control
6760A76710A67177A66915A6,155,6760,0,0,6760,Control,Control,Control
699A76768A71868A77856A7,1,7856,0,0,7856,Control,Control,Control
699A76768A71868A77856A7,2,7856,0,0,7856,Control,Control,Control
699A76768A71868A77856A7,3,7856,0,0,7856,Control,Control,Control
699A76768A71868A77856A7,4,7856,0,0,7856,Control,Control,Control
699A76768A71868A77856A7,5,7856,0,0,7856,Control,Control,Control
699A76768A71868A77856A7,6,7856,0,0,7856,Control,Control,Control
699A76768A71868A77856A7,7,7856,0,0,7856,Control,Control,Control
699A76768A71868A77856A7,8,7856,0,0,7856,Control,Control,Control
699A76768A71868A77856A7,9,7856,0,0,7856,Control,Control,Control
699A76768A71868A77856A7,10,7856,0,0,7856,Control,Control,Control
699A76768A71868A77856A7,11,7856,0,0,7856,Control,Control,Control
699A76768A71868A77856A7,12,7856,0,0,7856,Control,Control,Control
699A76768A71868A77856A7,13,7856,0,0,7856,Control,Control,Control
699A76768A71868A77856A7,14,7856,0,0,7856,Control,Control,Control
699A76768A71868A77856A7,15,7856,0,0,7856,Control,Control,Control
699A76768A71868A77856A7,16,7856,0,0,7856,Control,Control,Control
699A76768A71868A77856A7,17,7856,0,0,7856,Control,Control,Control
699A76768A71868A77856A7,18,7856,0,0,7856,Control,Control,Control
699A76768A71868A77856A7,19,7856,0,0,7856,Control,Control,Control
699A76768A71868A77856A7,20,7856,0,0,7856,Control,Control,Control
699A76768A71868A77856A7,21,7856,0,0,7856,Control,Control,Control
699A76768A71868A77856A7,22,7856,0,0,7856,Control,Control,Control
699A76768A71868A77856A7,23,7856,0,0,7856,Control,Control,Control
699A76768A71868A77856A7,24,7856,0,0,7856,Control,Control,Control
699A76768A71868A77856A7,25,7856,0,0,7856,Control,Control,Control
699A76768A71868A77856A7,26,7856,0,0,7856,Control,Control,Control
699A76768A71868A77856A7,27,7856,0,0,7856,Control,Control,Control
699A76768A71868A77856A7,28,7856,0,0,7856,Control,Control,Control
699A76768A71868A77856A7,29,7856,0,0,7856,Control,Control,Control
699A76768A71868A77856A7,30,7856,0,0,7856,Control,Control,Control
699A76768A71868A77856A7,31,7856,0,0,7856,Control,Control,Control
699A76768A71868A77856A7,32,7856,0,0,7856,Control,Control,Control
699A76768A71868A77856A7,33,7856,0,0,7856,Control,Control,Control
699A76768A71868A77856A7,34,7856,0,0,7856,Control,Control,Control
699A76768A71868A77856A7,35,7856,0,0,7856,Control,Control,Control
699A76768A71868A77856A7,36,7856,0,0,7856,Control,Control,Control
699A76768A71868A77856A7,37,7856,0,0,7856,Control,Control,Control
699A76768A71868A77856A7,38,7856,0,0,7856,Control,Control,Control
699A76768A71868A77856A7,39,7856,0,0,7856,Control,Control,Control
699A76768A71868A77856A7,40,7856,0,0,7856,Control,Control,Control
699A76768A71868A77856A7,41,7856,0,0,7856,Control,Control,Control
699A76768A71868A77856A7,42,7856,0,0,7856,Control,Control,Control
699A76768A71868A77856A7,43,7856,0,0,7856,Control,Control,Control
699A76768A71868A77856A7,44,7856,0,0,7856,Control,Control,Control
699A76768A71868A77856A7,45,7856,0,0,7856,Control,Control,Control
699A76768A71868A77856A7,46,7856,0,0,7856,Control,Control,Control
699A76768A71868A77856A7,47,7856,0,0,7856,Control,Control,Control
699A76768A71868A77856A7,48,7856,0,0,7856,Control,Control,Control
699A76768A71868A77856A7,49,7856,0,0,7856,Control,Control,Control
699A76768A71868A77856A7,50,7856,0,0,7856,Control,Control,Control
699A76768A71868A77856A7,51,1868,0,0,1868,AD Pure,AD Pure,AD Pure
699A76768A71868A77856A7,52,1868,0,0,1868,AD Pure,AD Pure,AD Pure
699A76768A71868A77856A7,53,1868,0,0,1868,AD Pure,AD Pure,AD Pure
699A76768A71868A77856A7,54,1868,0,0,1868,AD Pure,AD Pure,AD Pure
699A76768A71868A77856A7,55,1868,0,0,1868,AD Pure,AD Pure,AD Pure
699A76768A71868A77856A7,56,1868,0,0,1868,AD Pure,AD Pure,AD Pure
699A76768A71868A77856A7,57,1868,0,0,1868,AD Pure,AD Pure,AD Pure
699A76768A71868A77856A7,58,1868,0,0,1868,AD Pure,AD Pure,AD Pure
699A76768A71868A77856A7,59,1868,0,0,1868,AD Pure,AD Pure,AD Pure
699A76768A71868A77856A7,60,1868,0,0,1868,AD Pure,AD Pure,AD Pure
699A76768A71868A77856A7,61,1868,0,0,1868,AD Pure,AD Pure,AD Pure
699A76768A71868A77856A7,62,1868,0,0,1868,AD Pure,AD Pure,AD Pure
699A76768A71868A77856A7,63,1868,0,0,1868,AD Pure,AD Pure,AD Pure
699A76768A71868A77856A7,64,1868,0,0,1868,AD Pure,AD Pure,AD Pure
699A76768A71868A77856A7,65,1868,0,0,1868,AD Pure,AD Pure,AD Pure
699A76768A71868A77856A7,66,1868,0,0,1868,AD Pure,AD Pure,AD Pure
699A76768A71868A77856A7,67,1868,0,0,1868,AD Pure,AD Pure,AD Pure
699A76768A71868A77856A7,68,1868,0,0,1868,AD Pure,AD Pure,AD Pure
699A76768A71868A77856A7,69,1868,0,0,1868,AD Pure,AD Pure,AD Pure
699A76768A71868A77856A7,70,1868,0,0,1868,AD Pure,AD Pure,AD Pure
699A76768A71868A77856A7,71,1868,0,0,1868,AD Pure,AD Pure,AD Pure
699A76768A71868A77856A7,72,1868,0,0,1868,AD Pure,AD Pure,AD Pure
699A76768A71868A77856A7,73,1868,0,0,1868,AD Pure,AD Pure,AD Pure
699A76768A71868A77856A7,74,1868,0,0,1868,AD Pure,AD Pure,AD Pure
699A76768A71868A77856A7,75,1868,0,0,1868,AD Pure,AD Pure,AD Pure
699A76768A71868A77856A7,76,1868,0,0,1868,AD Pure,AD Pure,AD Pure
699A76768A71868A77856A7,77,1868,0,0,1868,AD Pure,AD Pure,AD Pure
699A76768A71868A77856A7,78,1868,0,0,1868,AD Pure,AD Pure,AD Pure
699A76768A71868A77856A7,79,1868,0,0,1868,AD Pure,AD Pure,AD Pure
699A76768A71868A77856A7,80,1868,0,0,1868,AD Pure,AD Pure,AD Pure
699A76768A71868A77856A7,81,1868,0,0,1868,AD Pure,AD Pure,AD Pure
699A76768A71868A77856A7,82,1868,0,0,1868,AD Pure,AD Pure,AD Pure
699A76768A71868A77856A7,83,1868,0,0,1868,AD Pure,AD Pure,AD Pure
699A76768A71868A77856A7,84,1868,0,0,1868,AD Pure,AD Pure,AD Pure
699A76768A71868A77856A7,85,1868,0,0,1868,AD Pure,AD Pure,AD Pure
699A76768A71868A77856A7,86,1868,0,0,1868,AD Pure,AD Pure,AD Pure
699A76768A71868A77856A7,87,1868,0,0,1868,AD Pure,AD Pure,AD Pure
699A76768A71868A77856A7,88,1868,0,0,1868,AD Pure,AD Pure,AD Pure
699A76768A71868A77856A7,89,1868,0,0,1868,AD Pure,AD Pure,AD Pure
699A76768A71868A77856A7,90,1868,0,0,1868,AD Pure,AD Pure,AD Pure
699A76768A71868A77856A7,91,1868,0,0,1868,AD Pure,AD Pure,AD Pure
699A76768A71868A77856A7,92,6768,0,0,6768,AD Pure,AD Pure,AD Pure
699A76768A71868A77856A7,93,6768,0,0,6768,AD Pure,AD Pure,AD Pure
699A76768A71868A77856A7,94,6768,0,0,6768,AD Pure,AD Pure,AD Pure
699A76768A71868A77856A7,95,6768,0,0,6768,AD Pure,AD Pure,AD Pure
699A76768A71868A77856A7,96,6768,0,0,6768,AD Pure,AD Pure,AD Pure
699A76768A71868A77856A7,97,6768,0,0,6768,AD Pure,AD Pure,AD Pure
699A76768A71868A77856A7,98,6768,0,0,6768,AD Pure,AD Pure,AD Pure
699A76768A71868A77856A7,99,6768,0,0,6768,AD Pure,AD Pure,AD Pure
699A76768A71868A77856A7,100,6768,0,0,6768,AD Pure,AD Pure,AD Pure
699A76768A71868A77856A7,101,6768,0,0,6768,AD Pure,AD Pure,AD Pure
699A76768A71868A77856A7,102,6768,0,0,6768,AD Pure,AD Pure,AD Pure
699A76768A71868A77856A7,103,6768,0,0,6768,AD Pure,AD Pure,AD Pure
699A76768A71868A77856A7,104,6768,0,0,6768,AD Pure,AD Pure,AD Pure
699A76768A71868A77856A7,105,6768,0,0,6768,AD Pure,AD Pure,AD Pure
699A76768A71868A77856A7,106,6768,0,0,6768,AD Pure,AD Pure,AD Pure
699A76768A71868A77856A7,107,6768,0,0,6768,AD Pure,AD Pure,AD Pure
699A76768A71868A77856A7,108,6768,0,0,6768,AD Pure,AD Pure,AD Pure
699A76768A71868A77856A7,109,6768,0,0,6768,AD Pure,AD Pure,AD Pure
699A76768A71868A77856A7,110,6768,0,0,6768,AD Pure,AD Pure,AD Pure
699A76768A71868A77856A7,111,6768,0,0,6768,AD Pure,AD Pure,AD Pure
699A76768A71868A77856A7,112,6768,0,0,6768,AD Pure,AD Pure,AD Pure
699A76768A71868A77856A7,113,6768,0,0,6768,AD Pure,AD Pure,AD Pure
699A76768A71868A77856A7,114,6768,0,0,6768,AD Pure,AD Pure,AD Pure
699A76768A71868A77856A7,115,6768,0,0,6768,AD Pure,AD Pure,AD Pure
699A76768A71868A77856A7,116,6768,0,0,6768,AD Pure,AD Pure,AD Pure
699A76768A71868A77856A7,117,6768,0,0,6768,AD Pure,AD Pure,AD Pure
699A76768A71868A77856A7,118,6768,0,0,6768,AD Pure,AD Pure,AD Pure
699A76768A71868A77856A7,119,6768,0,0,6768,AD Pure,AD Pure,AD Pure
699A76768A71868A77856A7,120,6768,0,0,6768,AD Pure,AD Pure,AD Pure
699A76768A71868A77856A7,121,6768,0,0,6768,AD Pure,AD Pure,AD Pure
699A76768A71868A77856A7,122,6768,0,0,6768,AD Pure,AD Pure,AD Pure
699A76768A71868A77856A7,123,6768,0,0,6768,AD Pure,AD Pure,AD Pure
699A76768A71868A77856A7,124,6768,0,0,6768,AD Pure,AD Pure,AD Pure
699A76768A71868A77856A7,125,6768,0,0,6768,AD Pure,AD Pure,AD Pure
699A76768A71868A77856A7,126,6768,0,0,6768,AD Pure,AD Pure,AD Pure
699A76768A71868A77856A7,127,699,0,0,699,Control,Control,Control
699A76768A71868A77856A7,128,699,0,0,699,Control,Control,Control
699A76768A71868A77856A7,129,699,0,0,699,Control,Control,Control
699A76768A71868A77856A7,130,699,0,0,699,Control,Control,Control
699A76768A71868A77856A7,131,699,0,0,699,Control,Control,Control
699A76768A71868A77856A7,132,699,0,0,699,Control,Control,Control
699A76768A71868A77856A7,133,699,0,0,699,Control,Control,Control
699A76768A71868A77856A7,134,699,0,0,699,Control,Control,Control
699A76768A71868A77856A7,135,699,0,0,699,Control,Control,Control
699A76768A71868A77856A7,136,699,0,0,699,Control,Control,Control
699A76768A71868A77856A7,137,699,0,0,699,Control,Control,Control
699A76768A71868A77856A7,138,699,0,0,699,Control,Control,Control
699A76768A71868A77856A7,139,699,0,0,699,Control,Control,Control
699A76768A71868A77856A7,140,699,0,0,699,Control,Control,Control
699A76768A71868A77856A7,141,699,0,0,699,Control,Control,Control
699A76768A71868A77856A7,142,699,0,0,699,Control,Control,Control
699A76768A71868A77856A7,143,699,0,0,699,Control,Control,Control
699A76768A71868A77856A7,144,699,0,0,699,Control,Control,Control
699A76768A71868A77856A7,145,699,0,0,699,Control,Control,Control
699A76768A71868A77856A7,146,699,0,0,699,Control,Control,Control
699A76768A71868A77856A7,147,699,0,0,699,Control,Control,Control
699A76768A71868A77856A7,148,699,0,0,699,Control,Control,Control
699A76768A71868A77856A7,149,699,0,0,699,Control,Control,Control
699A76768A71868A77856A7,150,699,0,0,699,Control,Control,Control
699A76768A71868A77856A7,151,699,0,0,699,Control,Control,Control
699A76768A71868A77856A7,152,699,0,0,699,Control,Control,Control
699A76768A71868A77856A7,153,699,0,0,699,Control,Control,Control
699A76768A71868A77856A7,154,699,0,0,699,Control,Control,Control
699A76768A71868A77856A7,155,699,0,0,699,Control,Control,Control
699A76768A71868A77856A7,156,699,0,0,699,Control,Control,Control
699A76768A71868A77856A7,157,699,0,0,699,Control,Control,Control
699A76768A71868A77856A7,158,699,0,0,699,Control,Control,Control
699A76768A71868A77856A7,159,699,0,0,699,Control,Control,Control
699A76768A71868A77856A7,160,699,0,0,699,Control,Control,Control
699A76768A71868A77856A7,161,699,0,0,699,Control,Control,Control
699A76768A71868A77856A7,162,699,0,0,699,Control,Control,Control
699A76768A71868A77856A7,163,699,0,0,699,Control,Control,Control
699A76768A71868A77856A7,164,699,0,0,699,Control,Control,Control
699A76768A71868A77856A7,165,699,0,0,699,Control,Control,Control
699A76768A71868A77856A7,166,699,0,0,699,Control,Control,Control
699A76768A71868A77856A7,167,699,0,0,699,Control,Control,Control
699A76768A71868A77856A7,168,699,0,0,699,Control,Control,Control
699A76768A71868A77856A7,169,699,0,0,699,Control,Control,Control
699A76768A71868A77856A7,170,699,0,0,699,Control,Control,Control
699A76768A71868A77856A7,171,699,0,0,699,Control,Control,Control
699A76768A71868A77856A7,172,699,0,0,699,Control,Control,Control
699A76768A71868A77856A7,173,699,0,0,699,Control,Control,Control
699A76768A71868A77856A7,174,699,0,0,699,Control,Control,Control
699A76768A71868A77856A7,175,699,0,0,699,Control,Control,Control
728A7735A7548A7511A7,1,511,0,0,511,Control,Control,Control
728A7735A7548A7511A7,2,511,0,0,511,Control,Control,Control
728A7735A7548A7511A7,3,511,0,0,511,Control,Control,Control
728A7735A7548A7511A7,4,511,0,0,511,Control,Control,Control
728A7735A7548A7511A7,5,511,0,0,511,Control,Control,Control
728A7735A7548A7511A7,6,511,0,0,511,Control,Control,Control
728A7735A7548A7511A7,7,511,0,0,511,Control,Control,Control
728A7735A7548A7511A7,8,511,0,0,511,Control,Control,Control
728A7735A7548A7511A7,9,511,0,0,511,Control,Control,Control
728A7735A7548A7511A7,10,511,0,0,511,Control,Control,Control
728A7735A7548A7511A7,11,511,0,0,511,Control,Control,Control
728A7735A7548A7511A7,12,511,0,0,511,Control,Control,Control
728A7735A7548A7511A7,13,511,0,0,511,Control,Control,Control
728A7735A7548A7511A7,14,511,0,0,511,Control,Control,Control
728A7735A7548A7511A7,15,511,0,0,511,Control,Control,Control
728A7735A7548A7511A7,16,511,0,0,511,Control,Control,Control
728A7735A7548A7511A7,17,511,0,0,511,Control,Control,Control
728A7735A7548A7511A7,18,511,0,0,511,Control,Control,Control
728A7735A7548A7511A7,19,511,0,0,511,Control,Control,Control
728A7735A7548A7511A7,20,511,0,0,511,Control,Control,Control
728A7735A7548A7511A7,21,511,0,0,511,Control,Control,Control
728A7735A7548A7511A7,22,511,0,0,511,Control,Control,Control
728A7735A7548A7511A7,23,511,0,0,511,Control,Control,Control
728A7735A7548A7511A7,24,511,0,0,511,Control,Control,Control
728A7735A7548A7511A7,25,511,0,0,511,Control,Control,Control
728A7735A7548A7511A7,26,511,0,0,511,Control,Control,Control
728A7735A7548A7511A7,27,511,0,0,511,Control,Control,Control
728A7735A7548A7511A7,28,511,0,0,511,Control,Control,Control
728A7735A7548A7511A7,29,511,0,0,511,Control,Control,Control
728A7735A7548A7511A7,30,511,0,0,511,Control,Control,Control
728A7735A7548A7511A7,31,511,0,0,511,Control,Control,Control
728A7735A7548A7511A7,32,511,0,0,511,Control,Control,Control
728A7735A7548A7511A7,33,511,0,0,511,Control,Control,Control
728A7735A7548A7511A7,34,511,0,0,511,Control,Control,Control
728A7735A7548A7511A7,35,511,0,0,511,Control,Control,Control
728A7735A7548A7511A7,36,511,0,0,511,Control,Control,Control
728A7735A7548A7511A7,37,511,0,0,511,Control,Control,Control
728A7735A7548A7511A7,38,511,0,0,511,Control,Control,Control
728A7735A7548A7511A7,39,511,0,0,511,Control,Control,Control
728A7735A7548A7511A7,40,511,0,0,511,Control,Control,Control
728A7735A7548A7511A7,41,511,0,0,511,Control,Control,Control
728A7735A7548A7511A7,42,511,0,0,511,Control,Control,Control
728A7735A7548A7511A7,43,511,0,0,511,Control,Control,Control
728A7735A7548A7511A7,44,511,0,0,511,Control,Control,Control
728A7735A7548A7511A7,45,511,0,0,511,Control,Control,Control
728A7735A7548A7511A7,46,511,0,0,511,Control,Control,Control
728A7735A7548A7511A7,47,548,0,0,548,AD Pure,AD Pure,AD Pure
728A7735A7548A7511A7,48,548,0,0,548,AD Pure,AD Pure,AD Pure
728A7735A7548A7511A7,49,548,0,0,548,AD Pure,AD Pure,AD Pure
728A7735A7548A7511A7,50,548,0,0,548,AD Pure,AD Pure,AD Pure
728A7735A7548A7511A7,51,548,0,0,548,AD Pure,AD Pure,AD Pure
728A7735A7548A7511A7,52,548,0,0,548,AD Pure,AD Pure,AD Pure
728A7735A7548A7511A7,53,548,0,0,548,AD Pure,AD Pure,AD Pure
728A7735A7548A7511A7,54,548,0,0,548,AD Pure,AD Pure,AD Pure
728A7735A7548A7511A7,55,548,0,0,548,AD Pure,AD Pure,AD Pure
728A7735A7548A7511A7,56,548,0,0,548,AD Pure,AD Pure,AD Pure
728A7735A7548A7511A7,57,548,0,0,548,AD Pure,AD Pure,AD Pure
728A7735A7548A7511A7,58,548,0,0,548,AD Pure,AD Pure,AD Pure
728A7735A7548A7511A7,59,548,0,0,548,AD Pure,AD Pure,AD Pure
728A7735A7548A7511A7,60,548,0,0,548,AD Pure,AD Pure,AD Pure
728A7735A7548A7511A7,61,548,0,0,548,AD Pure,AD Pure,AD Pure
728A7735A7548A7511A7,62,548,0,0,548,AD Pure,AD Pure,AD Pure
728A7735A7548A7511A7,63,548,0,0,548,AD Pure,AD Pure,AD Pure
728A7735A7548A7511A7,64,548,0,0,548,AD Pure,AD Pure,AD Pure
728A7735A7548A7511A7,65,548,0,0,548,AD Pure,AD Pure,AD Pure
728A7735A7548A7511A7,66,548,0,0,548,AD Pure,AD Pure,AD Pure
728A7735A7548A7511A7,67,548,0,0,548,AD Pure,AD Pure,AD Pure
728A7735A7548A7511A7,68,548,0,0,548,AD Pure,AD Pure,AD Pure
728A7735A7548A7511A7,69,548,0,0,548,AD Pure,AD Pure,AD Pure
728A7735A7548A7511A7,70,548,0,0,548,AD Pure,AD Pure,AD Pure
728A7735A7548A7511A7,71,548,0,0,548,AD Pure,AD Pure,AD Pure
728A7735A7548A7511A7,72,548,0,0,548,AD Pure,AD Pure,AD Pure
728A7735A7548A7511A7,73,548,0,0,548,AD Pure,AD Pure,AD Pure
728A7735A7548A7511A7,74,548,0,0,548,AD Pure,AD Pure,AD Pure
728A7735A7548A7511A7,75,548,0,0,548,AD Pure,AD Pure,AD Pure
728A7735A7548A7511A7,76,548,0,0,548,AD Pure,AD Pure,AD Pure
728A7735A7548A7511A7,77,548,0,0,548,AD Pure,AD Pure,AD Pure
728A7735A7548A7511A7,78,548,0,0,548,AD Pure,AD Pure,AD Pure
728A7735A7548A7511A7,79,548,0,0,548,AD Pure,AD Pure,AD Pure
728A7735A7548A7511A7,80,548,0,0,548,AD Pure,AD Pure,AD Pure
728A7735A7548A7511A7,81,548,0,0,548,AD Pure,AD Pure,AD Pure
728A7735A7548A7511A7,82,548,0,0,548,AD Pure,AD Pure,AD Pure
728A7735A7548A7511A7,83,548,0,0,548,AD Pure,AD Pure,AD Pure
728A7735A7548A7511A7,84,548,0,0,548,AD Pure,AD Pure,AD Pure
728A7735A7548A7511A7,85,548,0,0,548,AD Pure,AD Pure,AD Pure
728A7735A7548A7511A7,86,548,0,0,548,AD Pure,AD Pure,AD Pure
728A7735A7548A7511A7,87,735,0,0,735,Control,Control,Control
728A7735A7548A7511A7,88,735,0,0,735,Control,Control,Control
728A7735A7548A7511A7,89,735,0,0,735,Control,Control,Control
728A7735A7548A7511A7,90,735,0,0,735,Control,Control,Control
728A7735A7548A7511A7,91,735,0,0,735,Control,Control,Control
728A7735A7548A7511A7,92,735,0,0,735,Control,Control,Control
728A7735A7548A7511A7,93,735,0,0,735,Control,Control,Control
728A7735A7548A7511A7,94,735,0,0,735,Control,Control,Control
728A7735A7548A7511A7,95,735,0,0,735,Control,Control,Control
728A7735A7548A7511A7,96,735,0,0,735,Control,Control,Control
728A7735A7548A7511A7,97,735,0,0,735,Control,Control,Control
728A7735A7548A7511A7,98,735,0,0,735,Control,Control,Control
728A7735A7548A7511A7,99,735,0,0,735,Control,Control,Control
728A7735A7548A7511A7,100,735,0,0,735,Control,Control,Control
728A7735A7548A7511A7,101,735,0,0,735,Control,Control,Control
728A7735A7548A7511A7,102,735,0,0,735,Control,Control,Control
728A7735A7548A7511A7,103,735,0,0,735,Control,Control,Control
728A7735A7548A7511A7,104,735,0,0,735,Control,Control,Control
728A7735A7548A7511A7,105,735,0,0,735,Control,Control,Control
728A7735A7548A7511A7,106,735,0,0,735,Control,Control,Control
728A7735A7548A7511A7,107,735,0,0,735,Control,Control,Control
728A7735A7548A7511A7,108,735,0,0,735,Control,Control,Control
728A7735A7548A7511A7,109,735,0,0,735,Control,Control,Control
728A7735A7548A7511A7,110,735,0,0,735,Control,Control,Control
728A7735A7548A7511A7,111,735,0,0,735,Control,Control,Control
728A7735A7548A7511A7,112,735,0,0,735,Control,Control,Control
728A7735A7548A7511A7,113,735,0,0,735,Control,Control,Control
728A7735A7548A7511A7,114,735,0,0,735,Control,Control,Control
728A7735A7548A7511A7,115,735,0,0,735,Control,Control,Control
728A7735A7548A7511A7,116,735,0,0,735,Control,Control,Control
728A7735A7548A7511A7,117,735,0,0,735,Control,Control,Control
728A7735A7548A7511A7,118,735,0,0,735,Control,Control,Control
728A7735A7548A7511A7,119,735,0,0,735,Control,Control,Control
728A7735A7548A7511A7,120,735,0,0,735,Control,Control,Control
728A7735A7548A7511A7,121,735,0,0,735,Control,Control,Control
728A7735A7548A7511A7,122,735,0,0,735,Control,Control,Control
728A7735A7548A7511A7,123,735,0,0,735,Control,Control,Control
728A7735A7548A7511A7,124,735,0,0,735,Control,Control,Control
728A7735A7548A7511A7,125,735,0,0,735,Control,Control,Control
728A7735A7548A7511A7,126,735,0,0,735,Control,Control,Control
728A7735A7548A7511A7,127,735,0,0,735,Control,Control,Control
728A7735A7548A7511A7,128,735,0,0,735,Control,Control,Control
728A7735A7548A7511A7,129,735,0,0,735,Control,Control,Control
728A7735A7548A7511A7,130,735,0,0,735,Control,Control,Control
728A7735A7548A7511A7,131,735,0,0,735,Control,Control,Control
728A7735A7548A7511A7,132,735,0,0,735,Control,Control,Control
728A7735A7548A7511A7,133,728,0,0,728,Control,Control,Control
728A7735A7548A7511A7,134,728,0,0,728,Control,Control,Control
728A7735A7548A7511A7,135,728,0,0,728,Control,Control,Control
728A7735A7548A7511A7,136,728,0,0,728,Control,Control,Control
728A7735A7548A7511A7,137,728,0,0,728,Control,Control,Control
728A7735A7548A7511A7,138,728,0,0,728,Control,Control,Control
728A7735A7548A7511A7,139,728,0,0,728,Control,Control,Control
728A7735A7548A7511A7,140,728,0,0,728,Control,Control,Control
728A7735A7548A7511A7,141,728,0,0,728,Control,Control,Control
728A7735A7548A7511A7,142,728,0,0,728,Control,Control,Control
728A7735A7548A7511A7,143,728,0,0,728,Control,Control,Control
728A7735A7548A7511A7,144,728,0,0,728,Control,Control,Control
728A7735A7548A7511A7,145,728,0,0,728,Control,Control,Control
728A7735A7548A7511A7,146,728,0,0,728,Control,Control,Control
728A7735A7548A7511A7,147,728,0,0,728,Control,Control,Control
728A7735A7548A7511A7,148,728,0,0,728,Control,Control,Control
728A7735A7548A7511A7,149,728,0,0,728,Control,Control,Control
728A7735A7548A7511A7,150,728,0,0,728,Control,Control,Control
728A7735A7548A7511A7,151,728,0,0,728,Control,Control,Control
728A7735A7548A7511A7,152,728,0,0,728,Control,Control,Control
728A7735A7548A7511A7,153,728,0,0,728,Control,Control,Control
728A7735A7548A7511A7,154,728,0,0,728,Control,Control,Control
728A7735A7548A7511A7,155,728,0,0,728,Control,Control,Control
728A7735A7548A7511A7,156,728,0,0,728,Control,Control,Control
728A7735A7548A7511A7,157,728,0,0,728,Control,Control,Control
728A7735A7548A7511A7,158,728,0,0,728,Control,Control,Control
728A7735A7548A7511A7,159,728,0,0,728,Control,Control,Control
728A7735A7548A7511A7,160,728,0,0,728,Control,Control,Control
728A7735A7548A7511A7,161,728,0,0,728,Control,Control,Control
728A7735A7548A7511A7,162,728,0,0,728,Control,Control,Control
728A7735A7548A7511A7,163,728,0,0,728,Control,Control,Control
728A7735A7548A7511A7,164,728,0,0,728,Control,Control,Control
728A7735A7548A7511A7,165,728,0,0,728,Control,Control,Control
728A7735A7548A7511A7,166,728,0,0,728,Control,Control,Control
728A7735A7548A7511A7,167,728,0,0,728,Control,Control,Control
728A7735A7548A7511A7,168,728,0,0,728,Control,Control,Control
728A7735A7548A7511A7,169,728,0,0,728,Control,Control,Control
728A7735A7548A7511A7,170,728,0,0,728,Control,Control,Control
728A7735A7548A7511A7,171,728,0,0,728,Control,Control,Control
728A7735A7548A7511A7,172,728,0,0,728,Control,Control,Control
728A7735A7548A7511A7,173,728,0,0,728,Control,Control,Control
728A7735A7548A7511A7,174,728,0,0,728,Control,Control,Control
728A7735A7548A7511A7,175,728,0,0,728,Control,Control,Control
728A7735A7548A7511A7,176,728,0,0,728,Control,Control,Control
7678A77484A67316A66802A6,1,6803,0,0,6803,AD Pure,AD Pure,AD Pure
7678A77484A67316A66802A6,2,6803,0,0,6803,AD Pure,AD Pure,AD Pure
7678A77484A67316A66802A6,3,6803,0,0,6803,AD Pure,AD Pure,AD Pure
7678A77484A67316A66802A6,4,6803,0,0,6803,AD Pure,AD Pure,AD Pure
7678A77484A67316A66802A6,5,6803,0,0,6803,AD Pure,AD Pure,AD Pure
7678A77484A67316A66802A6,6,6803,0,0,6803,AD Pure,AD Pure,AD Pure
7678A77484A67316A66802A6,7,6803,0,0,6803,AD Pure,AD Pure,AD Pure
7678A77484A67316A66802A6,8,6803,0,0,6803,AD Pure,AD Pure,AD Pure
7678A77484A67316A66802A6,9,6803,0,0,6803,AD Pure,AD Pure,AD Pure
7678A77484A67316A66802A6,10,6803,0,0,6803,AD Pure,AD Pure,AD Pure
7678A77484A67316A66802A6,11,6803,0,0,6803,AD Pure,AD Pure,AD Pure
7678A77484A67316A66802A6,12,6803,0,0,6803,AD Pure,AD Pure,AD Pure
7678A77484A67316A66802A6,13,6803,0,0,6803,AD Pure,AD Pure,AD Pure
7678A77484A67316A66802A6,14,6803,0,0,6803,AD Pure,AD Pure,AD Pure
7678A77484A67316A66802A6,15,6803,0,0,6803,AD Pure,AD Pure,AD Pure
7678A77484A67316A66802A6,16,6803,0,0,6803,AD Pure,AD Pure,AD Pure
7678A77484A67316A66802A6,17,6803,0,0,6803,AD Pure,AD Pure,AD Pure
7678A77484A67316A66802A6,18,6803,0,0,6803,AD Pure,AD Pure,AD Pure
7678A77484A67316A66802A6,19,6803,0,0,6803,AD Pure,AD Pure,AD Pure
7678A77484A67316A66802A6,20,6803,0,0,6803,AD Pure,AD Pure,AD Pure
7678A77484A67316A66802A6,21,6803,0,0,6803,AD Pure,AD Pure,AD Pure
7678A77484A67316A66802A6,22,6803,0,0,6803,AD Pure,AD Pure,AD Pure
7678A77484A67316A66802A6,23,6803,0,0,6803,AD Pure,AD Pure,AD Pure
7678A77484A67316A66802A6,24,6803,0,0,6803,AD Pure,AD Pure,AD Pure
7678A77484A67316A66802A6,25,6803,0,0,6803,AD Pure,AD Pure,AD Pure
7678A77484A67316A66802A6,26,6803,0,0,6803,AD Pure,AD Pure,AD Pure
7678A77484A67316A66802A6,27,6803,0,0,6803,AD Pure,AD Pure,AD Pure
7678A77484A67316A66802A6,28,6803,0,0,6803,AD Pure,AD Pure,AD Pure
7678A77484A67316A66802A6,29,6803,0,0,6803,AD Pure,AD Pure,AD Pure
7678A77484A67316A66802A6,30,6803,0,0,6803,AD Pure,AD Pure,AD Pure
7678A77484A67316A66802A6,31,6803,0,0,6803,AD Pure,AD Pure,AD Pure
7678A77484A67316A66802A6,32,6803,0,0,6803,AD Pure,AD Pure,AD Pure
7678A77484A67316A66802A6,33,6803,0,0,6803,AD Pure,AD Pure,AD Pure
7678A77484A67316A66802A6,34,6803,0,0,6803,AD Pure,AD Pure,AD Pure
7678A77484A67316A66802A6,35,6803,0,0,6803,AD Pure,AD Pure,AD Pure
7678A77484A67316A66802A6,36,6803,0,0,6803,AD Pure,AD Pure,AD Pure
7678A77484A67316A66802A6,37,6803,0,0,6803,AD Pure,AD Pure,AD Pure
7678A77484A67316A66802A6,38,6803,0,0,6803,AD Pure,AD Pure,AD Pure
7678A77484A67316A66802A6,39,6803,0,0,6803,AD Pure,AD Pure,AD Pure
7678A77484A67316A66802A6,40,6803,0,0,6803,AD Pure,AD Pure,AD Pure
7678A77484A67316A66802A6,41,6803,0,0,6803,AD Pure,AD Pure,AD Pure
7678A77484A67316A66802A6,42,6803,0,0,6803,AD Pure,AD Pure,AD Pure
7678A77484A67316A66802A6,43,6803,0,0,6803,AD Pure,AD Pure,AD Pure
7678A77484A67316A66802A6,44,6803,0,0,6803,AD Pure,AD Pure,AD Pure
7678A77484A67316A66802A6,45,6803,0,0,6803,AD Pure,AD Pure,AD Pure
7678A77484A67316A66802A6,46,6803,0,0,6803,AD Pure,AD Pure,AD Pure
7678A77484A67316A66802A6,47,6803,0,0,6803,AD Pure,AD Pure,AD Pure
7678A77484A67316A66802A6,48,6803,0,0,6803,AD Pure,AD Pure,AD Pure
7678A77484A67316A66802A6,49,6803,0,0,6803,AD Pure,AD Pure,AD Pure
7678A77484A67316A66802A6,50,6803,0,0,6803,AD Pure,AD Pure,AD Pure
7678A77484A67316A66802A6,51,7316,0,0,7316,AD Pure,AD Pure,AD Pure
7678A77484A67316A66802A6,52,7316,0,0,7316,AD Pure,AD Pure,AD Pure
7678A77484A67316A66802A6,53,7316,0,0,7316,AD Pure,AD Pure,AD Pure
7678A77484A67316A66802A6,54,7316,0,0,7316,AD Pure,AD Pure,AD Pure
7678A77484A67316A66802A6,55,7316,0,0,7316,AD Pure,AD Pure,AD Pure
7678A77484A67316A66802A6,56,7316,0,0,7316,AD Pure,AD Pure,AD Pure
7678A77484A67316A66802A6,57,7316,0,0,7316,AD Pure,AD Pure,AD Pure
7678A77484A67316A66802A6,58,7316,0,0,7316,AD Pure,AD Pure,AD Pure
7678A77484A67316A66802A6,59,7316,0,0,7316,AD Pure,AD Pure,AD Pure
7678A77484A67316A66802A6,60,7316,0,0,7316,AD Pure,AD Pure,AD Pure
7678A77484A67316A66802A6,61,7316,0,0,7316,AD Pure,AD Pure,AD Pure
7678A77484A67316A66802A6,62,7316,0,0,7316,AD Pure,AD Pure,AD Pure
7678A77484A67316A66802A6,63,7316,0,0,7316,AD Pure,AD Pure,AD Pure
7678A77484A67316A66802A6,64,7316,0,0,7316,AD Pure,AD Pure,AD Pure
7678A77484A67316A66802A6,65,7316,0,0,7316,AD Pure,AD Pure,AD Pure
7678A77484A67316A66802A6,66,7316,0,0,7316,AD Pure,AD Pure,AD Pure
7678A77484A67316A66802A6,67,7316,0,0,7316,AD Pure,AD Pure,AD Pure
7678A77484A67316A66802A6,68,7316,0,0,7316,AD Pure,AD Pure,AD Pure
7678A77484A67316A66802A6,69,7316,0,0,7316,AD Pure,AD Pure,AD Pure
7678A77484A67316A66802A6,70,7316,0,0,7316,AD Pure,AD Pure,AD Pure
7678A77484A67316A66802A6,71,7316,0,0,7316,AD Pure,AD Pure,AD Pure
7678A77484A67316A66802A6,72,7316,0,0,7316,AD Pure,AD Pure,AD Pure
7678A77484A67316A66802A6,73,7316,0,0,7316,AD Pure,AD Pure,AD Pure
7678A77484A67316A66802A6,74,7316,0,0,7316,AD Pure,AD Pure,AD Pure
7678A77484A67316A66802A6,75,7316,0,0,7316,AD Pure,AD Pure,AD Pure
7678A77484A67316A66802A6,76,7316,0,0,7316,AD Pure,AD Pure,AD Pure
7678A77484A67316A66802A6,77,7316,0,0,7316,AD Pure,AD Pure,AD Pure
7678A77484A67316A66802A6,78,7316,0,0,7316,AD Pure,AD Pure,AD Pure
7678A77484A67316A66802A6,79,7316,0,0,7316,AD Pure,AD Pure,AD Pure
7678A77484A67316A66802A6,80,7316,0,0,7316,AD Pure,AD Pure,AD Pure
7678A77484A67316A66802A6,81,7316,0,0,7316,AD Pure,AD Pure,AD Pure
7678A77484A67316A66802A6,82,7316,0,0,7316,AD Pure,AD Pure,AD Pure
7678A77484A67316A66802A6,83,7316,0,0,7316,AD Pure,AD Pure,AD Pure
7678A77484A67316A66802A6,84,7316,0,0,7316,AD Pure,AD Pure,AD Pure
7678A77484A67316A66802A6,85,7316,0,0,7316,AD Pure,AD Pure,AD Pure
7678A77484A67316A66802A6,86,7316,0,0,7316,AD Pure,AD Pure,AD Pure
7678A77484A67316A66802A6,87,7316,0,0,7316,AD Pure,AD Pure,AD Pure
7678A77484A67316A66802A6,88,7316,0,0,7316,AD Pure,AD Pure,AD Pure
7678A77484A67316A66802A6,89,7316,0,0,7316,AD Pure,AD Pure,AD Pure
7678A77484A67316A66802A6,90,7316,0,0,7316,AD Pure,AD Pure,AD Pure
7678A77484A67316A66802A6,91,7316,0,0,7316,AD Pure,AD Pure,AD Pure
7678A77484A67316A66802A6,92,7316,0,0,7316,AD Pure,AD Pure,AD Pure
7678A77484A67316A66802A6,93,7316,0,0,7316,AD Pure,AD Pure,AD Pure
7678A77484A67316A66802A6,94,7316,0,0,7316,AD Pure,AD Pure,AD Pure
7678A77484A67316A66802A6,95,7316,0,0,7316,AD Pure,AD Pure,AD Pure
7678A77484A67316A66802A6,96,7316,0,0,7316,AD Pure,AD Pure,AD Pure
7678A77484A67316A66802A6,97,7316,0,0,7316,AD Pure,AD Pure,AD Pure
7678A77484A67316A66802A6,98,7316,0,0,7316,AD Pure,AD Pure,AD Pure
7678A77484A67316A66802A6,99,7484,0,0,7484,Control,Control,Control
7678A77484A67316A66802A6,100,7484,0,0,7484,Control,Control,Control
7678A77484A67316A66802A6,101,7484,0,0,7484,Control,Control,Control
7678A77484A67316A66802A6,102,7484,0,0,7484,Control,Control,Control
7678A77484A67316A66802A6,103,7484,0,0,7484,Control,Control,Control
7678A77484A67316A66802A6,104,7484,0,0,7484,Control,Control,Control
7678A77484A67316A66802A6,105,7484,0,0,7484,Control,Control,Control
7678A77484A67316A66802A6,106,7484,0,0,7484,Control,Control,Control
7678A77484A67316A66802A6,107,7484,0,0,7484,Control,Control,Control
7678A77484A67316A66802A6,108,7484,0,0,7484,Control,Control,Control
7678A77484A67316A66802A6,109,7484,0,0,7484,Control,Control,Control
7678A77484A67316A66802A6,110,7484,0,0,7484,Control,Control,Control
7678A77484A67316A66802A6,111,7484,0,0,7484,Control,Control,Control
7678A77484A67316A66802A6,112,7484,0,0,7484,Control,Control,Control
7678A77484A67316A66802A6,113,7484,0,0,7484,Control,Control,Control
7678A77484A67316A66802A6,114,7484,0,0,7484,Control,Control,Control
7678A77484A67316A66802A6,115,7484,0,0,7484,Control,Control,Control
7678A77484A67316A66802A6,116,7484,0,0,7484,Control,Control,Control
7678A77484A67316A66802A6,117,7484,0,0,7484,Control,Control,Control
7678A77484A67316A66802A6,118,7484,0,0,7484,Control,Control,Control
7678A77484A67316A66802A6,119,7484,0,0,7484,Control,Control,Control
7678A77484A67316A66802A6,120,7484,0,0,7484,Control,Control,Control
7678A77484A67316A66802A6,121,7484,0,0,7484,Control,Control,Control
7678A77484A67316A66802A6,122,7484,0,0,7484,Control,Control,Control
7678A77484A67316A66802A6,123,7484,0,0,7484,Control,Control,Control
7678A77484A67316A66802A6,124,7484,0,0,7484,Control,Control,Control
7678A77484A67316A66802A6,125,7484,0,0,7484,Control,Control,Control
7678A77484A67316A66802A6,126,7484,0,0,7484,Control,Control,Control
7678A77484A67316A66802A6,127,7484,0,0,7484,Control,Control,Control
7678A77484A67316A66802A6,128,7484,0,0,7484,Control,Control,Control
7678A77484A67316A66802A6,129,7484,0,0,7484,Control,Control,Control
7678A77484A67316A66802A6,130,7484,0,0,7484,Control,Control,Control
7678A77484A67316A66802A6,131,7484,0,0,7484,Control,Control,Control
7678A77484A67316A66802A6,132,7484,0,0,7484,Control,Control,Control
7678A77484A67316A66802A6,133,7484,0,0,7484,Control,Control,Control
7678A77484A67316A66802A6,134,7484,0,0,7484,Control,Control,Control
7678A77484A67316A66802A6,135,7484,0,0,7484,Control,Control,Control
7678A77484A67316A66802A6,136,7484,0,0,7484,Control,Control,Control
7678A77484A67316A66802A6,137,7484,0,0,7484,Control,Control,Control
7678A77484A67316A66802A6,138,7484,0,0,7484,Control,Control,Control
7678A77484A67316A66802A6,139,7484,0,0,7484,Control,Control,Control
7678A77484A67316A66802A6,140,7484,0,0,7484,Control,Control,Control
7678A77484A67316A66802A6,141,7678,0,0,7678,Control,Control,Control
7678A77484A67316A66802A6,142,7678,0,0,7678,Control,Control,Control
7678A77484A67316A66802A6,143,7678,0,0,7678,Control,Control,Control
7678A77484A67316A66802A6,144,7678,0,0,7678,Control,Control,Control
7678A77484A67316A66802A6,145,7678,0,0,7678,Control,Control,Control
7678A77484A67316A66802A6,146,7678,0,0,7678,Control,Control,Control
7678A77484A67316A66802A6,147,7678,0,0,7678,Control,Control,Control
7678A77484A67316A66802A6,148,7678,0,0,7678,Control,Control,Control
7678A77484A67316A66802A6,149,7678,0,0,7678,Control,Control,Control
7678A77484A67316A66802A6,150,7678,0,0,7678,Control,Control,Control
7678A77484A67316A66802A6,151,7678,0,0,7678,Control,Control,Control
7678A77484A67316A66802A6,152,7678,0,0,7678,Control,Control,Control
7678A77484A67316A66802A6,153,7678,0,0,7678,Control,Control,Control
7678A77484A67316A66802A6,154,7678,0,0,7678,Control,Control,Control
7678A77484A67316A66802A6,155,7678,0,0,7678,Control,Control,Control
7678A77484A67316A66802A6,156,7678,0,0,7678,Control,Control,Control
7678A77484A67316A66802A6,157,7678,0,0,7678,Control,Control,Control
7678A77484A67316A66802A6,158,7678,0,0,7678,Control,Control,Control
7678A77484A67316A66802A6,159,7678,0,0,7678,Control,Control,Control
7678A77484A67316A66802A6,160,7678,0,0,7678,Control,Control,Control
7678A77484A67316A66802A6,161,7678,0,0,7678,Control,Control,Control
7678A77484A67316A66802A6,162,7678,0,0,7678,Control,Control,Control
7678A77484A67316A66802A6,163,7678,0,0,7678,Control,Control,Control
7678A77484A67316A66802A6,164,7678,0,0,7678,Control,Control,Control
7678A77484A67316A66802A6,165,7678,0,0,7678,Control,Control,Control
7678A77484A67316A66802A6,166,7678,0,0,7678,Control,Control,Control
7678A77484A67316A66802A6,167,7678,0,0,7678,Control,Control,Control
7678A77484A67316A66802A6,168,7678,0,0,7678,Control,Control,Control
7678A77484A67316A66802A6,169,7678,0,0,7678,Control,Control,Control
7678A77484A67316A66802A6,170,7678,0,0,7678,Control,Control,Control
7678A77484A67316A66802A6,171,7678,0,0,7678,Control,Control,Control
7678A77484A67316A66802A6,172,7678,0,0,7678,Control,Control,Control
7678A77484A67316A66802A6,173,7678,0,0,7678,Control,Control,Control
7678A77484A67316A66802A6,174,7678,0,0,7678,Control,Control,Control
7678A77484A67316A66802A6,175,7678,0,0,7678,Control,Control,Control
7678A77484A67316A66802A6,176,7678,0,0,7678,Control,Control,Control
7678A77484A67316A66802A6,177,7678,0,0,7678,Control,Control,Control
7678A77484A67316A66802A6,178,7678,0,0,7678,Control,Control,Control
7678A77484A67316A66802A6,179,7678,0,0,7678,Control,Control,Control
7678A77484A67316A66802A6,180,7678,0,0,7678,Control,Control,Control
7678A77484A67316A66802A6,181,7678,0,0,7678,Control,Control,Control
7678A77484A67316A66802A6,182,7678,0,0,7678,Control,Control,Control
7678A77484A67316A66802A6,183,7678,0,0,7678,Control,Control,Control
7678A77484A67316A66802A6,184,7678,0,0,7678,Control,Control,Control
7678A77484A67316A66802A6,185,7678,0,0,7678,Control,Control,Control
7678A77484A67316A66802A6,186,7678,0,0,7678,Control,Control,Control
7678A77484A67316A66802A6,187,7678,0,0,7678,Control,Control,Control
7678A77484A67316A66802A6,188,7678,0,0,7678,Control,Control,Control
7678A77484A67316A66802A6,189,7678,0,0,7678,Control,Control,Control
7678A77484A67316A66802A6,190,7678,0,0,7678,Control,Control,Control
7678A77484A67316A66802A6,191,7678,0,0,7678,Control,Control,Control
7678A77484A67316A66802A6,192,7678,0,0,7678,Control,Control,Control
7678A77484A67316A66802A6,193,7678,0,0,7678,Control,Control,Control
7678A77484A67316A66802A6,194,7678,0,0,7678,Control,Control,Control
7678A77484A67316A66802A6,195,7678,0,0,7678,Control,Control,Control
7678A77484A67316A66802A6,196,7678,0,0,7678,Control,Control,Control
7678A77484A67316A66802A6,197,7678,0,0,7678,Control,Control,Control
7999A76751A66791A76981A7,1,6981,0,0,6981,AD+LATE,AD+LATE,AD+LATE
7999A76751A66791A76981A7,2,6981,0,0,6981,AD+LATE,AD+LATE,AD+LATE
7999A76751A66791A76981A7,3,6981,0,0,6981,AD+LATE,AD+LATE,AD+LATE
7999A76751A66791A76981A7,4,6981,0,0,6981,AD+LATE,AD+LATE,AD+LATE
7999A76751A66791A76981A7,5,6981,0,0,6981,AD+LATE,AD+LATE,AD+LATE
7999A76751A66791A76981A7,6,6981,0,0,6981,AD+LATE,AD+LATE,AD+LATE
7999A76751A66791A76981A7,7,6981,0,0,6981,AD+LATE,AD+LATE,AD+LATE
7999A76751A66791A76981A7,8,6981,0,0,6981,AD+LATE,AD+LATE,AD+LATE
7999A76751A66791A76981A7,9,6981,0,0,6981,AD+LATE,AD+LATE,AD+LATE
7999A76751A66791A76981A7,10,6981,0,0,6981,AD+LATE,AD+LATE,AD+LATE
7999A76751A66791A76981A7,11,6981,0,0,6981,AD+LATE,AD+LATE,AD+LATE
7999A76751A66791A76981A7,12,6981,0,0,6981,AD+LATE,AD+LATE,AD+LATE
7999A76751A66791A76981A7,13,6981,0,0,6981,AD+LATE,AD+LATE,AD+LATE
7999A76751A66791A76981A7,14,6981,0,0,6981,AD+LATE,AD+LATE,AD+LATE
7999A76751A66791A76981A7,15,6981,0,0,6981,AD+LATE,AD+LATE,AD+LATE
7999A76751A66791A76981A7,16,6981,0,0,6981,AD+LATE,AD+LATE,AD+LATE
7999A76751A66791A76981A7,17,6981,0,0,6981,AD+LATE,AD+LATE,AD+LATE
7999A76751A66791A76981A7,18,6981,0,0,6981,AD+LATE,AD+LATE,AD+LATE
7999A76751A66791A76981A7,19,6981,0,0,6981,AD+LATE,AD+LATE,AD+LATE
7999A76751A66791A76981A7,20,6981,0,0,6981,AD+LATE,AD+LATE,AD+LATE
7999A76751A66791A76981A7,21,6981,0,0,6981,AD+LATE,AD+LATE,AD+LATE
7999A76751A66791A76981A7,22,6981,0,0,6981,AD+LATE,AD+LATE,AD+LATE
7999A76751A66791A76981A7,23,6981,0,0,6981,AD+LATE,AD+LATE,AD+LATE
7999A76751A66791A76981A7,24,6981,0,0,6981,AD+LATE,AD+LATE,AD+LATE
7999A76751A66791A76981A7,25,6791,0,0,6791,AD Pure,AD Pure,AD Pure
7999A76751A66791A76981A7,26,6791,0,0,6791,AD Pure,AD Pure,AD Pure
7999A76751A66791A76981A7,27,6791,0,0,6791,AD Pure,AD Pure,AD Pure
7999A76751A66791A76981A7,28,6791,0,0,6791,AD Pure,AD Pure,AD Pure
7999A76751A66791A76981A7,29,6791,0,0,6791,AD Pure,AD Pure,AD Pure
7999A76751A66791A76981A7,30,6791,0,0,6791,AD Pure,AD Pure,AD Pure
7999A76751A66791A76981A7,31,6791,0,0,6791,AD Pure,AD Pure,AD Pure
7999A76751A66791A76981A7,32,6791,0,0,6791,AD Pure,AD Pure,AD Pure
7999A76751A66791A76981A7,33,6791,0,0,6791,AD Pure,AD Pure,AD Pure
7999A76751A66791A76981A7,34,6791,0,0,6791,AD Pure,AD Pure,AD Pure
7999A76751A66791A76981A7,35,6791,0,0,6791,AD Pure,AD Pure,AD Pure
7999A76751A66791A76981A7,36,6791,0,0,6791,AD Pure,AD Pure,AD Pure
7999A76751A66791A76981A7,37,6791,0,0,6791,AD Pure,AD Pure,AD Pure
7999A76751A66791A76981A7,38,6791,0,0,6791,AD Pure,AD Pure,AD Pure
7999A76751A66791A76981A7,39,6791,0,0,6791,AD Pure,AD Pure,AD Pure
7999A76751A66791A76981A7,40,6791,0,0,6791,AD Pure,AD Pure,AD Pure
7999A76751A66791A76981A7,41,6791,0,0,6791,AD Pure,AD Pure,AD Pure
7999A76751A66791A76981A7,42,6791,0,0,6791,AD Pure,AD Pure,AD Pure
7999A76751A66791A76981A7,43,6791,0,0,6791,AD Pure,AD Pure,AD Pure
7999A76751A66791A76981A7,44,6791,0,0,6791,AD Pure,AD Pure,AD Pure
7999A76751A66791A76981A7,45,6791,0,0,6791,AD Pure,AD Pure,AD Pure
7999A76751A66791A76981A7,46,6791,0,0,6791,AD Pure,AD Pure,AD Pure
7999A76751A66791A76981A7,47,6791,0,0,6791,AD Pure,AD Pure,AD Pure
7999A76751A66791A76981A7,48,6791,0,0,6791,AD Pure,AD Pure,AD Pure
7999A76751A66791A76981A7,49,6791,0,0,6791,AD Pure,AD Pure,AD Pure
7999A76751A66791A76981A7,50,6791,0,0,6791,AD Pure,AD Pure,AD Pure
7999A76751A66791A76981A7,51,6791,0,0,6791,AD Pure,AD Pure,AD Pure
7999A76751A66791A76981A7,52,6791,0,0,6791,AD Pure,AD Pure,AD Pure
7999A76751A66791A76981A7,53,6791,0,0,6791,AD Pure,AD Pure,AD Pure
7999A76751A66791A76981A7,54,6791,0,0,6791,AD Pure,AD Pure,AD Pure
7999A76751A66791A76981A7,55,6791,0,0,6791,AD Pure,AD Pure,AD Pure
7999A76751A66791A76981A7,56,6791,0,0,6791,AD Pure,AD Pure,AD Pure
7999A76751A66791A76981A7,57,6791,0,0,6791,AD Pure,AD Pure,AD Pure
7999A76751A66791A76981A7,58,6751,0,0,6751,AD+LATE,AD+LATE,AD+LATE
7999A76751A66791A76981A7,59,6751,0,0,6751,AD+LATE,AD+LATE,AD+LATE
7999A76751A66791A76981A7,60,6751,0,0,6751,AD+LATE,AD+LATE,AD+LATE
7999A76751A66791A76981A7,61,6751,0,0,6751,AD+LATE,AD+LATE,AD+LATE
7999A76751A66791A76981A7,62,6751,0,0,6751,AD+LATE,AD+LATE,AD+LATE
7999A76751A66791A76981A7,63,6751,0,0,6751,AD+LATE,AD+LATE,AD+LATE
7999A76751A66791A76981A7,64,6751,0,0,6751,AD+LATE,AD+LATE,AD+LATE
7999A76751A66791A76981A7,65,6751,0,0,6751,AD+LATE,AD+LATE,AD+LATE
7999A76751A66791A76981A7,66,6751,0,0,6751,AD+LATE,AD+LATE,AD+LATE
7999A76751A66791A76981A7,67,6751,0,0,6751,AD+LATE,AD+LATE,AD+LATE
7999A76751A66791A76981A7,68,6751,0,0,6751,AD+LATE,AD+LATE,AD+LATE
7999A76751A66791A76981A7,69,6751,0,0,6751,AD+LATE,AD+LATE,AD+LATE
7999A76751A66791A76981A7,70,6751,0,0,6751,AD+LATE,AD+LATE,AD+LATE
7999A76751A66791A76981A7,71,6751,0,0,6751,AD+LATE,AD+LATE,AD+LATE
7999A76751A66791A76981A7,72,6751,0,0,6751,AD+LATE,AD+LATE,AD+LATE
7999A76751A66791A76981A7,73,6751,0,0,6751,AD+LATE,AD+LATE,AD+LATE
7999A76751A66791A76981A7,74,6751,0,0,6751,AD+LATE,AD+LATE,AD+LATE
7999A76751A66791A76981A7,75,6751,0,0,6751,AD+LATE,AD+LATE,AD+LATE
7999A76751A66791A76981A7,76,6751,0,0,6751,AD+LATE,AD+LATE,AD+LATE
7999A76751A66791A76981A7,77,6751,0,0,6751,AD+LATE,AD+LATE,AD+LATE
7999A76751A66791A76981A7,78,6751,0,0,6751,AD+LATE,AD+LATE,AD+LATE
7999A76751A66791A76981A7,79,6751,0,0,6751,AD+LATE,AD+LATE,AD+LATE
7999A76751A66791A76981A7,80,6751,0,0,6751,AD+LATE,AD+LATE,AD+LATE
7999A76751A66791A76981A7,81,6751,0,0,6751,AD+LATE,AD+LATE,AD+LATE
7999A76751A66791A76981A7,82,6751,0,0,6751,AD+LATE,AD+LATE,AD+LATE
7999A76751A66791A76981A7,83,6751,0,0,6751,AD+LATE,AD+LATE,AD+LATE
7999A76751A66791A76981A7,84,6751,0,0,6751,AD+LATE,AD+LATE,AD+LATE
7999A76751A66791A76981A7,85,6751,0,0,6751,AD+LATE,AD+LATE,AD+LATE
7999A76751A66791A76981A7,86,6751,0,0,6751,AD+LATE,AD+LATE,AD+LATE
7999A76751A66791A76981A7,87,6751,0,0,6751,AD+LATE,AD+LATE,AD+LATE
7999A76751A66791A76981A7,88,6751,0,0,6751,AD+LATE,AD+LATE,AD+LATE
7999A76751A66791A76981A7,89,6751,0,0,6751,AD+LATE,AD+LATE,AD+LATE
7999A76751A66791A76981A7,90,6751,0,0,6751,AD+LATE,AD+LATE,AD+LATE
7999A76751A66791A76981A7,91,6751,0,0,6751,AD+LATE,AD+LATE,AD+LATE
7999A76751A66791A76981A7,92,6751,0,0,6751,AD+LATE,AD+LATE,AD+LATE
7999A76751A66791A76981A7,93,6751,0,0,6751,AD+LATE,AD+LATE,AD+LATE
7999A76751A66791A76981A7,94,6751,0,0,6751,AD+LATE,AD+LATE,AD+LATE
7999A76751A66791A76981A7,95,6751,0,0,6751,AD+LATE,AD+LATE,AD+LATE
7999A76751A66791A76981A7,96,6751,0,0,6751,AD+LATE,AD+LATE,AD+LATE
7999A76751A66791A76981A7,97,6751,0,0,6751,AD+LATE,AD+LATE,AD+LATE
7999A76751A66791A76981A7,98,6751,0,0,6751,AD+LATE,AD+LATE,AD+LATE
7999A76751A66791A76981A7,99,6751,0,0,6751,AD+LATE,AD+LATE,AD+LATE
7999A76751A66791A76981A7,100,6751,0,0,6751,AD+LATE,AD+LATE,AD+LATE
7999A76751A66791A76981A7,101,6751,0,0,6751,AD+LATE,AD+LATE,AD+LATE
7999A76751A66791A76981A7,102,6751,0,0,6751,AD+LATE,AD+LATE,AD+LATE
7999A76751A66791A76981A7,103,7999,0,0,7999,AD Pure,AD Pure,AD Pure
7999A76751A66791A76981A7,104,7999,0,0,7999,AD Pure,AD Pure,AD Pure
7999A76751A66791A76981A7,105,7999,0,0,7999,AD Pure,AD Pure,AD Pure
7999A76751A66791A76981A7,106,7999,0,0,7999,AD Pure,AD Pure,AD Pure
7999A76751A66791A76981A7,107,7999,0,0,7999,AD Pure,AD Pure,AD Pure
7999A76751A66791A76981A7,108,7999,0,0,7999,AD Pure,AD Pure,AD Pure
7999A76751A66791A76981A7,109,7999,0,0,7999,AD Pure,AD Pure,AD Pure
7999A76751A66791A76981A7,110,7999,0,0,7999,AD Pure,AD Pure,AD Pure
7999A76751A66791A76981A7,111,7999,0,0,7999,AD Pure,AD Pure,AD Pure
7999A76751A66791A76981A7,112,7999,0,0,7999,AD Pure,AD Pure,AD Pure
7999A76751A66791A76981A7,113,7999,0,0,7999,AD Pure,AD Pure,AD Pure
7999A76751A66791A76981A7,114,7999,0,0,7999,AD Pure,AD Pure,AD Pure
7999A76751A66791A76981A7,115,7999,0,0,7999,AD Pure,AD Pure,AD Pure
7999A76751A66791A76981A7,116,7999,0,0,7999,AD Pure,AD Pure,AD Pure
7999A76751A66791A76981A7,117,7999,0,0,7999,AD Pure,AD Pure,AD Pure
7999A76751A66791A76981A7,118,7999,0,0,7999,AD Pure,AD Pure,AD Pure
7999A76751A66791A76981A7,119,7999,0,0,7999,AD Pure,AD Pure,AD Pure
7999A76751A66791A76981A7,120,7999,0,0,7999,AD Pure,AD Pure,AD Pure
7999A76751A66791A76981A7,121,7999,0,0,7999,AD Pure,AD Pure,AD Pure
7999A76751A66791A76981A7,122,7999,0,0,7999,AD Pure,AD Pure,AD Pure
7999A76751A66791A76981A7,123,7999,0,0,7999,AD Pure,AD Pure,AD Pure
7999A76751A66791A76981A7,124,7999,0,0,7999,AD Pure,AD Pure,AD Pure
7999A76751A66791A76981A7,125,7999,0,0,7999,AD Pure,AD Pure,AD Pure
7999A76751A66791A76981A7,126,7999,0,0,7999,AD Pure,AD Pure,AD Pure
7999A76751A66791A76981A7,127,7999,0,0,7999,AD Pure,AD Pure,AD Pure
7999A76751A66791A76981A7,128,7999,0,0,7999,AD Pure,AD Pure,AD Pure
7999A76751A66791A76981A7,129,7999,0,0,7999,AD Pure,AD Pure,AD Pure
7999A76751A66791A76981A7,130,7999,0,0,7999,AD Pure,AD Pure,AD Pure
7999A76751A66791A76981A7,131,7999,0,0,7999,AD Pure,AD Pure,AD Pure
7999A76751A66791A76981A7,132,7999,0,0,7999,AD Pure,AD Pure,AD Pure
7999A76751A66791A76981A7,133,7999,0,0,7999,AD Pure,AD Pure,AD Pure
7999A76751A66791A76981A7,134,7999,0,0,7999,AD Pure,AD Pure,AD Pure
7999A76751A66791A76981A7,135,7999,0,0,7999,AD Pure,AD Pure,AD Pure
7999A76751A66791A76981A7,136,7999,0,0,7999,AD Pure,AD Pure,AD Pure
7999A76751A66791A76981A7,137,7999,0,0,7999,AD Pure,AD Pure,AD Pure
7999A76751A66791A76981A7,138,7999,0,0,7999,AD Pure,AD Pure,AD Pure
7999A76751A66791A76981A7,139,7999,0,0,7999,AD Pure,AD Pure,AD Pure
7999A76751A66791A76981A7,140,7999,0,0,7999,AD Pure,AD Pure,AD Pure
7999A76751A66791A76981A7,141,7999,0,0,7999,AD Pure,AD Pure,AD Pure
7999A76751A66791A76981A7,142,7999,0,0,7999,AD Pure,AD Pure,AD Pure
7999A76751A66791A76981A7,143,7999,0,0,7999,AD Pure,AD Pure,AD Pure
7999A76751A66791A76981A7,144,7999,0,0,7999,AD Pure,AD Pure,AD Pure
7999A76751A66791A76981A7,145,7999,0,0,7999,AD Pure,AD Pure,AD Pure
7999A76751A66791A76981A7,146,7999,0,0,7999,AD Pure,AD Pure,AD Pure
7999A76751A66791A76981A7,147,7999,0,0,7999,AD Pure,AD Pure,AD Pure
7999A76751A66791A76981A7,148,7999,0,0,7999,AD Pure,AD Pure,AD Pure
7999A76751A66791A76981A7,149,7999,0,0,7999,AD Pure,AD Pure,AD Pure
7999A76751A66791A76981A7,150,7999,0,0,7999,AD Pure,AD Pure,AD Pure
7999A76751A66791A76981A7,151,7999,0,0,7999,AD Pure,AD Pure,AD Pure
7999A76751A66791A76981A7,152,7999,0,0,7999,AD Pure,AD Pure,AD Pure
7999A76751A66791A76981A7,153,7999,0,0,7999,AD Pure,AD Pure,AD Pure
7999A76751A66791A76981A7,154,7999,0,0,7999,AD Pure,AD Pure,AD Pure
7999A76751A66791A76981A7,155,7999,0,0,7999,AD Pure,AD Pure,AD Pure
