Slide,Case,Block,Region,FOVs
7104 A29 A23,7104,A29,Tumor bulk,1
7104 A29 A23,7104,A29,Tumor bulk,2
7104 A29 A23,7104,A29,Tumor bulk,3
7104 A29 A23,7104,A29,Tumor bulk,4
7104 A29 A23,7104,A29,Tumor bulk,5
7104 A29 A23,7104,A29,Tumor bulk,6
7104 A29 A23,7104,A29,Tumor bulk,7
7104 A29 A23,7104,A29,Tumor bulk,8
7104 A29 A23,7104,A29,Tumor bulk,9
7104 A29 A23,7104,A29,Tumor bulk,10
7104 A29 A23,7104,A29,Tumor bulk,11
7104 A29 A23,7104,A29,Tumor bulk,12
7104 A29 A23,7104,A29,Tumor bulk,13
7104 A29 A23,7104,A29,Tumor bulk,14
7104 A29 A23,7104,A29,Tumor bulk,15
7104 A29 A23,7104,A29,Tumor bulk,16
7104 A29 A23,7104,A29,Tumor bulk,17
7104 A29 A23,7104,A29,Tumor bulk,18
7104 A29 A23,7104,A29,Tumor bulk,19
7104 A29 A23,7104,A29,Tumor bulk,20
7104 A29 A23,7104,A29,Tumor bulk,21
7104 A29 A23,7104,A29,Tumor bulk,22
7104 A29 A23,7104,A29,Tumor bulk,23
7104 A29 A23,7104,A29,Tumor bulk,24
7104 A29 A23,7104,A29,Tumor bulk,25
7104 A29 A23,7104,A29,Tumor bulk,26
7104 A29 A23,7104,A29,Tumor bulk,27
7104 A29 A23,7104,A29,Tumor bulk,28
7104 A29 A23,7104,A29,Tumor bulk,29
7104 A29 A23,7104,A29,Tumor bulk,30
7104 A29 A23,7104,A29,Tumor bulk,31
7104 A29 A23,7104,A29,Tumor bulk,32
7104 A29 A23,7104,A29,Tumor bulk,33
7104 A29 A23,7104,A29,Tumor bulk,34
7104 A29 A23,7104,A29,Tumor bulk,35
7104 A29 A23,7104,A29,Tumor bulk,36
7104 A29 A23,7104,A29,Tumor bulk,37
7104 A29 A23,7104,A29,Tumor bulk,38
7104 A29 A23,7104,A29,Tumor bulk,39
7104 A29 A23,7104,A29,Tumor bulk,40
7104 A29 A23,7104,A29,Tumor bulk,41
7104 A29 A23,7104,A29,Tumor bulk,42
7104 A29 A23,7104,A29,Tumor bulk,43
7104 A29 A23,7104,A29,Tumor bulk,44
7104 A29 A23,7104,A29,Tumor bulk,45
7104 A29 A23,7104,A29,Tumor bulk,46
7104 A29 A23,7104,A29,Tumor bulk,47
7104 A29 A23,7104,A29,Tumor bulk,48
7104 A29 A23,7104,A29,Tumor bulk,49
7104 A29 A23,7104,A29,Tumor bulk,50
7104 A29 A23,7104,A29,Tumor bulk,51
7104 A29 A23,7104,A29,Tumor bulk,52
7104 A29 A23,7104,A29,Tumor bulk,53
7104 A29 A23,7104,A29,Tumor bulk,54
7104 A29 A23,7104,A29,Tumor bulk,55
7104 A29 A23,7104,A29,Tumor bulk,56
7104 A29 A23,7104,A29,Tumor bulk,57
7104 A29 A23,7104,A29,Tumor bulk,58
7104 A29 A23,7104,A29,Tumor bulk,59
7104 A29 A23,7104,A29,Tumor bulk,60
7104 A29 A23,7104,A29,Tumor bulk,61
7104 A29 A23,7104,A29,Tumor bulk,62
7104 A29 A23,7104,A29,Tumor bulk,63
7104 A29 A23,7104,A29,Tumor bulk,64
7104 A29 A23,7104,A29,Tumor bulk,65
7104 A29 A23,7104,A29,Tumor bulk,66
7104 A29 A23,7104,A29,Tumor bulk,67
7104 A29 A23,7104,A29,Tumor bulk,68
7104 A29 A23,7104,A29,Tumor bulk,69
7104 A29 A23,7104,A29,Tumor bulk,70
7104 A29 A23,7104,A29,Tumor bulk,71
7104 A29 A23,7104,A29,Tumor bulk,72
7104 A29 A23,7104,A29,Tumor bulk,73
7104 A29 A23,7104,A29,Tumor bulk,74
7104 A29 A23,7104,A29,Tumor bulk,75
7104 A29 A23,7104,A29,Tumor bulk,76
7104 A29 A23,7104,A29,Tumor bulk,77
7104 A29 A23,7104,A29,Tumor bulk,78
7104 A29 A23,7104,A29,Tumor bulk,79
7104 A29 A23,7104,A29,Tumor bulk,80
7104 A29 A23,7104,A29,Tumor bulk,81
7104 A29 A23,7104,A29,Tumor bulk,82
7104 A29 A23,7104,A29,Tumor bulk,83
7104 A29 A23,7104,A29,Tumor bulk,84
7104 A29 A23,7104,A29,Tumor bulk,85
7104 A29 A23,7104,A29,Tumor bulk,86
7104 A29 A23,7104,A29,Tumor bulk,87
7104 A29 A23,7104,A29,Tumor bulk,88
7104 A29 A23,7104,A29,Tumor bulk,89
7104 A29 A23,7104,A29,Tumor bulk,90
7104 A29 A23,7104,A29,Tumor bulk,91
7104 A29 A23,7104,A29,Tumor bulk,92
7104 A29 A23,7104,A29,Tumor bulk,93
7104 A29 A23,7104,A29,Tumor bulk,94
7104 A29 A23,7104,A29,Tumor bulk,95
7104 A29 A23,7104,A29,Tumor bulk,96
7104 A29 A23,7104,A29,Tumor bulk,97
7104 A29 A23,7104,A29,Tumor bulk,98
7104 A29 A23,7104,A29,Tumor bulk,99
7104 A29 A23,7104,A29,Tumor bulk,100
7104 A29 A23,7104,A23,Infiltrating edge,101
7104 A29 A23,7104,A23,Infiltrating edge,102
7104 A29 A23,7104,A23,Infiltrating edge,103
7104 A29 A23,7104,A23,Infiltrating edge,104
7104 A29 A23,7104,A23,Infiltrating edge,105
7104 A29 A23,7104,A23,Infiltrating edge,106
7104 A29 A23,7104,A23,Infiltrating edge,107
7104 A29 A23,7104,A23,Infiltrating edge,108
7104 A29 A23,7104,A23,Infiltrating edge,109
7104 A29 A23,7104,A23,Infiltrating edge,110
7104 A29 A23,7104,A23,Infiltrating edge,111
7104 A29 A23,7104,A23,Infiltrating edge,112
7104 A29 A23,7104,A23,Infiltrating edge,113
7104 A29 A23,7104,A23,Infiltrating edge,114
7104 A29 A23,7104,A23,Infiltrating edge,115
7104 A29 A23,7104,A23,Infiltrating edge,116
7104 A29 A23,7104,A23,Infiltrating edge,117
7104 A29 A23,7104,A23,Infiltrating edge,118
7104 A29 A23,7104,A23,Infiltrating edge,119
7104 A29 A23,7104,A23,Infiltrating edge,120
7104 A29 A23,7104,A23,Infiltrating edge,121
7104 A29 A23,7104,A23,Infiltrating edge,122
7104 A29 A23,7104,A23,Infiltrating edge,123
7104 A29 A23,7104,A23,Infiltrating edge,124
7104 A29 A23,7104,A23,Infiltrating edge,125
7104 A29 A23,7104,A23,Infiltrating edge,126
7104 A29 A23,7104,A23,Infiltrating edge,127
7104 A29 A23,7104,A23,Infiltrating edge,128
7104 A29 A23,7104,A23,Infiltrating edge,129
7104 A29 A23,7104,A23,Infiltrating edge,130
7104 A29 A23,7104,A23,Infiltrating edge,131
7104 A29 A23,7104,A23,Infiltrating edge,132
7104 A29 A23,7104,A23,Infiltrating edge,133
7104 A29 A23,7104,A23,Infiltrating edge,134
7104 A29 A23,7104,A23,Infiltrating edge,135
7104 A29 A23,7104,A23,Infiltrating edge,136
7104 A29 A23,7104,A23,Infiltrating edge,137
7104 A29 A23,7104,A23,Infiltrating edge,138
7104 A29 A23,7104,A23,Infiltrating edge,139
7104 A29 A23,7104,A23,Infiltrating edge,140
7104 A29 A23,7104,A23,Infiltrating edge,141
7104 A29 A23,7104,A23,Infiltrating edge,142
7104 A29 A23,7104,A23,Infiltrating edge,143
7104 A29 A23,7104,A23,Infiltrating edge,144
7104 A29 A23,7104,A23,Infiltrating edge,145
7104 A29 A23,7104,A23,Infiltrating edge,146
7104 A29 A23,7104,A23,Infiltrating edge,147
7104 A29 A23,7104,A23,Infiltrating edge,148
7104 A29 A23,7104,A23,Infiltrating edge,149
7104 A29 A23,7104,A23,Infiltrating edge,150
7104 A29 A23,7104,A23,Infiltrating edge,151
7104 A29 A23,7104,A23,Infiltrating edge,152
7104 A29 A23,7104,A23,Infiltrating edge,153
7104 A29 A23,7104,A23,Infiltrating edge,154
7104 A29 A23,7104,A23,Infiltrating edge,155
7104 A29 A23,7104,A23,Infiltrating edge,156
7104 A29 A23,7104,A23,Infiltrating edge,157
7104 A29 A23,7104,A23,Infiltrating edge,158
7104 A29 A23,7104,A23,Infiltrating edge,159
7104 A29 A23,7104,A23,Infiltrating edge,160
7104 A29 A23,7104,A23,Infiltrating edge,161
7104 A29 A23,7104,A23,Infiltrating edge,162
7104 A29 A23,7104,A23,Infiltrating edge,163
7104 A29 A23,7104,A23,Infiltrating edge,164
7104 A29 A23,7104,A23,Infiltrating edge,165
7104 A29 A23,7104,A23,Infiltrating edge,166
7104 A29 A23,7104,A23,Infiltrating edge,167
7104 A29 A23,7104,A23,Infiltrating edge,168
7104 A29 A23,7104,A23,Infiltrating edge,169
7104 A29 A23,7104,A23,Infiltrating edge,170
7104 A29 A23,7104,A23,Infiltrating edge,171
7104 A29 A23,7104,A23,Infiltrating edge,172
7104 A29 A23,7104,A23,Infiltrating edge,173
7104 A29 A23,7104,A23,Infiltrating edge,174
7104 A29 A23,7104,A23,Infiltrating edge,175
7104 A29 A23,7104,A23,Infiltrating edge,176
7104 A29 A23,7104,A23,Infiltrating edge,177
7104 A29 A23,7104,A23,Infiltrating edge,178
7104 A29 A23,7104,A23,Infiltrating edge,179
7104 A29 A23,7104,A23,Infiltrating edge,180
7104 A29 A23,7104,A23,Infiltrating edge,181
7104 A29 A23,7104,A23,Infiltrating edge,182
7104 A29 A23,7104,A23,Infiltrating edge,183
7104 A29 A23,7104,A23,Infiltrating edge,184
7104 A29 A23,7104,A23,Infiltrating edge,185
7104 A29 A23,7104,A23,Infiltrating edge,186
7104 A29 A23,7104,A23,Infiltrating edge,187
7104 A29 A23,7104,A23,Infiltrating edge,188
7104 A29 A23,7104,A23,Infiltrating edge,189
7104 A29 A23,7104,A23,Infiltrating edge,190
7104 A29 A23,7104,A23,Infiltrating edge,191
7104 A29 A23,7104,A23,Infiltrating edge,192
7104 A29 A23,7104,A23,Infiltrating edge,193
7104 A29 A23,7104,A23,Infiltrating edge,194
7104 A29 A23,7104,A23,Infiltrating edge,195
7104 A29 A23,7104,A23,Infiltrating edge,196
7104 A29 A23,7104,A23,Infiltrating edge,197
7104 A29 A23,7104,A23,Infiltrating edge,198
7104 A29 A23,7104,A23,Infiltrating edge,199
7104 A29 A23,7104,A23,Infiltrating edge,200
7104 A6 7130 G2,7104,A6,Contralateral uninvolved,1
7104 A6 7130 G2,7104,A6,Contralateral uninvolved,2
7104 A6 7130 G2,7104,A6,Contralateral uninvolved,3
7104 A6 7130 G2,7104,A6,Contralateral uninvolved,4
7104 A6 7130 G2,7104,A6,Contralateral uninvolved,5
7104 A6 7130 G2,7104,A6,Contralateral uninvolved,6
7104 A6 7130 G2,7104,A6,Contralateral uninvolved,7
7104 A6 7130 G2,7104,A6,Contralateral uninvolved,8
7104 A6 7130 G2,7104,A6,Contralateral uninvolved,9
7104 A6 7130 G2,7104,A6,Contralateral uninvolved,10
7104 A6 7130 G2,7104,A6,Contralateral uninvolved,11
7104 A6 7130 G2,7104,A6,Contralateral uninvolved,12
7104 A6 7130 G2,7104,A6,Contralateral uninvolved,13
7104 A6 7130 G2,7104,A6,Contralateral uninvolved,14
7104 A6 7130 G2,7104,A6,Contralateral uninvolved,15
7104 A6 7130 G2,7104,A6,Contralateral uninvolved,16
7104 A6 7130 G2,7104,A6,Contralateral uninvolved,17
7104 A6 7130 G2,7104,A6,Contralateral uninvolved,18
7104 A6 7130 G2,7104,A6,Contralateral uninvolved,19
7104 A6 7130 G2,7104,A6,Contralateral uninvolved,20
7104 A6 7130 G2,7104,A6,Contralateral uninvolved,21
7104 A6 7130 G2,7104,A6,Contralateral uninvolved,22
7104 A6 7130 G2,7104,A6,Contralateral uninvolved,23
7104 A6 7130 G2,7104,A6,Contralateral uninvolved,24
7104 A6 7130 G2,7104,A6,Contralateral uninvolved,25
7104 A6 7130 G2,7104,A6,Contralateral uninvolved,26
7104 A6 7130 G2,7104,A6,Contralateral uninvolved,27
7104 A6 7130 G2,7104,A6,Contralateral uninvolved,28
7104 A6 7130 G2,7104,A6,Contralateral uninvolved,29
7104 A6 7130 G2,7104,A6,Contralateral uninvolved,30
7104 A6 7130 G2,7104,A6,Contralateral uninvolved,31
7104 A6 7130 G2,7104,A6,Contralateral uninvolved,32
7104 A6 7130 G2,7104,A6,Contralateral uninvolved,33
7104 A6 7130 G2,7104,A6,Contralateral uninvolved,34
7104 A6 7130 G2,7104,A6,Contralateral uninvolved,35
7104 A6 7130 G2,7104,A6,Contralateral uninvolved,36
7104 A6 7130 G2,7104,A6,Contralateral uninvolved,37
7104 A6 7130 G2,7104,A6,Contralateral uninvolved,38
7104 A6 7130 G2,7104,A6,Contralateral uninvolved,39
7104 A6 7130 G2,7104,A6,Contralateral uninvolved,40
7104 A6 7130 G2,7104,A6,Contralateral uninvolved,41
7104 A6 7130 G2,7104,A6,Contralateral uninvolved,42
7104 A6 7130 G2,7104,A6,Contralateral uninvolved,43
7104 A6 7130 G2,7104,A6,Contralateral uninvolved,44
7104 A6 7130 G2,7104,A6,Contralateral uninvolved,45
7104 A6 7130 G2,7104,A6,Contralateral uninvolved,46
7104 A6 7130 G2,7104,A6,Contralateral uninvolved,47
7104 A6 7130 G2,7104,A6,Contralateral uninvolved,48
7104 A6 7130 G2,7104,A6,Contralateral uninvolved,49
7104 A6 7130 G2,7104,A6,Contralateral uninvolved,50
7104 A6 7130 G2,7104,A6,Contralateral uninvolved,51
7104 A6 7130 G2,7104,A6,Contralateral uninvolved,52
7104 A6 7130 G2,7104,A6,Contralateral uninvolved,53
7104 A6 7130 G2,7104,A6,Contralateral uninvolved,54
7104 A6 7130 G2,7104,A6,Contralateral uninvolved,55
7104 A6 7130 G2,7104,A6,Contralateral uninvolved,56
7104 A6 7130 G2,7104,A6,Contralateral uninvolved,57
7104 A6 7130 G2,7104,A6,Contralateral uninvolved,58
7104 A6 7130 G2,7104,A6,Contralateral uninvolved,59
7104 A6 7130 G2,7104,A6,Contralateral uninvolved,60
7104 A6 7130 G2,7104,A6,Contralateral uninvolved,61
7104 A6 7130 G2,7104,A6,Contralateral uninvolved,62
7104 A6 7130 G2,7104,A6,Contralateral uninvolved,63
7104 A6 7130 G2,7104,A6,Contralateral uninvolved,64
7104 A6 7130 G2,7104,A6,Contralateral uninvolved,65
7104 A6 7130 G2,7104,A6,Contralateral uninvolved,66
7104 A6 7130 G2,7104,A6,Contralateral uninvolved,67
7104 A6 7130 G2,7104,A6,Contralateral uninvolved,68
7104 A6 7130 G2,7104,A6,Contralateral uninvolved,69
7104 A6 7130 G2,7104,A6,Contralateral uninvolved,70
7104 A6 7130 G2,7104,A6,Contralateral uninvolved,71
7104 A6 7130 G2,7104,A6,Contralateral uninvolved,72
7104 A6 7130 G2,7104,A6,Contralateral uninvolved,73
7104 A6 7130 G2,7104,A6,Contralateral uninvolved,74
7104 A6 7130 G2,7104,A6,Contralateral uninvolved,75
7104 A6 7130 G2,7104,A6,Contralateral uninvolved,76
7104 A6 7130 G2,7104,A6,Contralateral uninvolved,77
7104 A6 7130 G2,7104,A6,Contralateral uninvolved,78
7104 A6 7130 G2,7104,A6,Contralateral uninvolved,79
7104 A6 7130 G2,7104,A6,Contralateral uninvolved,80
7104 A6 7130 G2,7104,A6,Contralateral uninvolved,81
7104 A6 7130 G2,7104,A6,Contralateral uninvolved,82
7104 A6 7130 G2,7104,A6,Contralateral uninvolved,83
7104 A6 7130 G2,7104,A6,Contralateral uninvolved,84
7104 A6 7130 G2,7104,A6,Contralateral uninvolved,85
7104 A6 7130 G2,7104,A6,Contralateral uninvolved,86
7104 A6 7130 G2,7104,A6,Contralateral uninvolved,87
7104 A6 7130 G2,7104,A6,Contralateral uninvolved,88
7104 A6 7130 G2,7104,A6,Contralateral uninvolved,89
7104 A6 7130 G2,7104,A6,Contralateral uninvolved,90
7104 A6 7130 G2,7104,A6,Contralateral uninvolved,91
7104 A6 7130 G2,7104,A6,Contralateral uninvolved,92
7104 A6 7130 G2,7104,A6,Contralateral uninvolved,93
7104 A6 7130 G2,7104,A6,Contralateral uninvolved,94
7104 A6 7130 G2,7104,A6,Contralateral uninvolved,95
7104 A6 7130 G2,7104,A6,Contralateral uninvolved,96
7104 A6 7130 G2,7104,A6,Contralateral uninvolved,97
7104 A6 7130 G2,7104,A6,Contralateral uninvolved,98
7104 A6 7130 G2,7104,A6,Contralateral uninvolved,99
7104 A6 7130 G2,7104,A6,Contralateral uninvolved,100
7104 A6 7130 G2,7130,G2,Infiltrating edge,101
7104 A6 7130 G2,7130,G2,Infiltrating edge,102
7104 A6 7130 G2,7130,G2,Infiltrating edge,103
7104 A6 7130 G2,7130,G2,Infiltrating edge,104
7104 A6 7130 G2,7130,G2,Infiltrating edge,105
7104 A6 7130 G2,7130,G2,Infiltrating edge,106
7104 A6 7130 G2,7130,G2,Infiltrating edge,107
7104 A6 7130 G2,7130,G2,Infiltrating edge,108
7104 A6 7130 G2,7130,G2,Infiltrating edge,109
7104 A6 7130 G2,7130,G2,Infiltrating edge,110
7104 A6 7130 G2,7130,G2,Infiltrating edge,111
7104 A6 7130 G2,7130,G2,Infiltrating edge,112
7104 A6 7130 G2,7130,G2,Infiltrating edge,113
7104 A6 7130 G2,7130,G2,Infiltrating edge,114
7104 A6 7130 G2,7130,G2,Infiltrating edge,115
7104 A6 7130 G2,7130,G2,Infiltrating edge,116
7104 A6 7130 G2,7130,G2,Infiltrating edge,117
7104 A6 7130 G2,7130,G2,Infiltrating edge,118
7104 A6 7130 G2,7130,G2,Infiltrating edge,119
7104 A6 7130 G2,7130,G2,Infiltrating edge,120
7104 A6 7130 G2,7130,G2,Infiltrating edge,121
7104 A6 7130 G2,7130,G2,Infiltrating edge,122
7104 A6 7130 G2,7130,G2,Infiltrating edge,123
7104 A6 7130 G2,7130,G2,Infiltrating edge,124
7104 A6 7130 G2,7130,G2,Infiltrating edge,125
7104 A6 7130 G2,7130,G2,Infiltrating edge,126
7104 A6 7130 G2,7130,G2,Infiltrating edge,127
7104 A6 7130 G2,7130,G2,Infiltrating edge,128
7104 A6 7130 G2,7130,G2,Infiltrating edge,129
7104 A6 7130 G2,7130,G2,Infiltrating edge,130
7104 A6 7130 G2,7130,G2,Infiltrating edge,131
7104 A6 7130 G2,7130,G2,Infiltrating edge,132
7104 A6 7130 G2,7130,G2,Infiltrating edge,133
7104 A6 7130 G2,7130,G2,Infiltrating edge,134
7104 A6 7130 G2,7130,G2,Infiltrating edge,135
7104 A6 7130 G2,7130,G2,Infiltrating edge,136
7104 A6 7130 G2,7130,G2,Infiltrating edge,137
7104 A6 7130 G2,7130,G2,Infiltrating edge,138
7104 A6 7130 G2,7130,G2,Infiltrating edge,139
7104 A6 7130 G2,7130,G2,Infiltrating edge,140
7104 A6 7130 G2,7130,G2,Infiltrating edge,141
7104 A6 7130 G2,7130,G2,Infiltrating edge,142
7104 A6 7130 G2,7130,G2,Infiltrating edge,143
7104 A6 7130 G2,7130,G2,Infiltrating edge,144
7104 A6 7130 G2,7130,G2,Infiltrating edge,145
7104 A6 7130 G2,7130,G2,Infiltrating edge,146
7104 A6 7130 G2,7130,G2,Infiltrating edge,147
7104 A6 7130 G2,7130,G2,Infiltrating edge,148
7104 A6 7130 G2,7130,G2,Infiltrating edge,149
7104 A6 7130 G2,7130,G2,Infiltrating edge,150
7104 A6 7130 G2,7130,G2,Infiltrating edge,151
7104 A6 7130 G2,7130,G2,Infiltrating edge,152
7104 A6 7130 G2,7130,G2,Infiltrating edge,153
7104 A6 7130 G2,7130,G2,Infiltrating edge,154
7104 A6 7130 G2,7130,G2,Infiltrating edge,155
7104 A6 7130 G2,7130,G2,Infiltrating edge,156
7104 A6 7130 G2,7130,G2,Infiltrating edge,157
7104 A6 7130 G2,7130,G2,Infiltrating edge,158
7104 A6 7130 G2,7130,G2,Infiltrating edge,159
7104 A6 7130 G2,7130,G2,Infiltrating edge,160
7104 A6 7130 G2,7130,G2,Infiltrating edge,161
7104 A6 7130 G2,7130,G2,Infiltrating edge,162
7104 A6 7130 G2,7130,G2,Infiltrating edge,163
7104 A6 7130 G2,7130,G2,Infiltrating edge,164
7104 A6 7130 G2,7130,G2,Infiltrating edge,165
7104 A6 7130 G2,7130,G2,Infiltrating edge,166
7104 A6 7130 G2,7130,G2,Infiltrating edge,167
7104 A6 7130 G2,7130,G2,Infiltrating edge,168
7104 A6 7130 G2,7130,G2,Infiltrating edge,169
7104 A6 7130 G2,7130,G2,Infiltrating edge,170
7104 A6 7130 G2,7130,G2,Infiltrating edge,171
7104 A6 7130 G2,7130,G2,Infiltrating edge,172
7104 A6 7130 G2,7130,G2,Infiltrating edge,173
7104 A6 7130 G2,7130,G2,Infiltrating edge,174
7104 A6 7130 G2,7130,G2,Infiltrating edge,175
7104 A6 7130 G2,7130,G2,Infiltrating edge,176
7104 A6 7130 G2,7130,G2,Infiltrating edge,177
7104 A6 7130 G2,7130,G2,Infiltrating edge,178
7104 A6 7130 G2,7130,G2,Infiltrating edge,179
7104 A6 7130 G2,7130,G2,Infiltrating edge,180
7104 A6 7130 G2,7130,G2,Infiltrating edge,181
7104 A6 7130 G2,7130,G2,Infiltrating edge,182
7104 A6 7130 G2,7130,G2,Infiltrating edge,183
7104 A6 7130 G2,7130,G2,Infiltrating edge,184
7104 A6 7130 G2,7130,G2,Infiltrating edge,185
7104 A6 7130 G2,7130,G2,Infiltrating edge,186
7104 A6 7130 G2,7130,G2,Infiltrating edge,187
7104 A6 7130 G2,7130,G2,Infiltrating edge,188
7104 A6 7130 G2,7130,G2,Infiltrating edge,189
7104 A6 7130 G2,7130,G2,Infiltrating edge,190
7104 A6 7130 G2,7130,G2,Infiltrating edge,191
7104 A6 7130 G2,7130,G2,Infiltrating edge,192
7104 A6 7130 G2,7130,G2,Infiltrating edge,193
7104 A6 7130 G2,7130,G2,Infiltrating edge,194
7104 A6 7130 G2,7130,G2,Infiltrating edge,195
7104 A6 7130 G2,7130,G2,Infiltrating edge,196
7104 A6 7130 G2,7130,G2,Infiltrating edge,197
7104 A6 7130 G2,7130,G2,Infiltrating edge,198
7104 A6 7130 G2,7130,G2,Infiltrating edge,199
7104 A6 7130 G2,7130,G2,Infiltrating edge,200
7112 A8 7112 A7,7112,A7,Contralateral uninvolved,1
7112 A8 7112 A7,7112,A7,Contralateral uninvolved,2
7112 A8 7112 A7,7112,A7,Contralateral uninvolved,3
7112 A8 7112 A7,7112,A7,Contralateral uninvolved,4
7112 A8 7112 A7,7112,A7,Contralateral uninvolved,5
7112 A8 7112 A7,7112,A7,Contralateral uninvolved,6
7112 A8 7112 A7,7112,A7,Contralateral uninvolved,7
7112 A8 7112 A7,7112,A7,Contralateral uninvolved,8
7112 A8 7112 A7,7112,A7,Contralateral uninvolved,9
7112 A8 7112 A7,7112,A7,Contralateral uninvolved,10
7112 A8 7112 A7,7112,A7,Contralateral uninvolved,11
7112 A8 7112 A7,7112,A7,Contralateral uninvolved,12
7112 A8 7112 A7,7112,A7,Contralateral uninvolved,13
7112 A8 7112 A7,7112,A7,Contralateral uninvolved,14
7112 A8 7112 A7,7112,A7,Contralateral uninvolved,15
7112 A8 7112 A7,7112,A7,Contralateral uninvolved,16
7112 A8 7112 A7,7112,A7,Contralateral uninvolved,17
7112 A8 7112 A7,7112,A7,Contralateral uninvolved,18
7112 A8 7112 A7,7112,A7,Contralateral uninvolved,19
7112 A8 7112 A7,7112,A7,Contralateral uninvolved,20
7112 A8 7112 A7,7112,A7,Contralateral uninvolved,21
7112 A8 7112 A7,7112,A7,Contralateral uninvolved,22
7112 A8 7112 A7,7112,A7,Contralateral uninvolved,23
7112 A8 7112 A7,7112,A7,Contralateral uninvolved,24
7112 A8 7112 A7,7112,A7,Contralateral uninvolved,25
7112 A8 7112 A7,7112,A7,Contralateral uninvolved,26
7112 A8 7112 A7,7112,A7,Contralateral uninvolved,27
7112 A8 7112 A7,7112,A7,Contralateral uninvolved,28
7112 A8 7112 A7,7112,A7,Contralateral uninvolved,29
7112 A8 7112 A7,7112,A7,Contralateral uninvolved,30
7112 A8 7112 A7,7112,A7,Contralateral uninvolved,31
7112 A8 7112 A7,7112,A7,Contralateral uninvolved,32
7112 A8 7112 A7,7112,A7,Contralateral uninvolved,33
7112 A8 7112 A7,7112,A7,Contralateral uninvolved,34
7112 A8 7112 A7,7112,A7,Contralateral uninvolved,35
7112 A8 7112 A7,7112,A7,Contralateral uninvolved,36
7112 A8 7112 A7,7112,A7,Contralateral uninvolved,37
7112 A8 7112 A7,7112,A7,Contralateral uninvolved,38
7112 A8 7112 A7,7112,A7,Contralateral uninvolved,39
7112 A8 7112 A7,7112,A7,Contralateral uninvolved,40
7112 A8 7112 A7,7112,A7,Contralateral uninvolved,41
7112 A8 7112 A7,7112,A7,Contralateral uninvolved,42
7112 A8 7112 A7,7112,A7,Contralateral uninvolved,43
7112 A8 7112 A7,7112,A7,Contralateral uninvolved,44
7112 A8 7112 A7,7112,A7,Contralateral uninvolved,45
7112 A8 7112 A7,7112,A7,Contralateral uninvolved,46
7112 A8 7112 A7,7112,A7,Contralateral uninvolved,47
7112 A8 7112 A7,7112,A7,Contralateral uninvolved,48
7112 A8 7112 A7,7112,A7,Contralateral uninvolved,49
7112 A8 7112 A7,7112,A7,Contralateral uninvolved,50
7112 A8 7112 A7,7112,A7,Contralateral uninvolved,51
7112 A8 7112 A7,7112,A7,Contralateral uninvolved,52
7112 A8 7112 A7,7112,A7,Contralateral uninvolved,53
7112 A8 7112 A7,7112,A7,Contralateral uninvolved,54
7112 A8 7112 A7,7112,A7,Contralateral uninvolved,55
7112 A8 7112 A7,7112,A7,Contralateral uninvolved,56
7112 A8 7112 A7,7112,A7,Contralateral uninvolved,57
7112 A8 7112 A7,7112,A7,Contralateral uninvolved,58
7112 A8 7112 A7,7112,A7,Contralateral uninvolved,59
7112 A8 7112 A7,7112,A7,Contralateral uninvolved,60
7112 A8 7112 A7,7112,A7,Contralateral uninvolved,61
7112 A8 7112 A7,7112,A7,Contralateral uninvolved,62
7112 A8 7112 A7,7112,A7,Contralateral uninvolved,63
7112 A8 7112 A7,7112,A7,Contralateral uninvolved,64
7112 A8 7112 A7,7112,A7,Contralateral uninvolved,65
7112 A8 7112 A7,7112,A7,Contralateral uninvolved,66
7112 A8 7112 A7,7112,A7,Contralateral uninvolved,67
7112 A8 7112 A7,7112,A7,Contralateral uninvolved,68
7112 A8 7112 A7,7112,A7,Contralateral uninvolved,69
7112 A8 7112 A7,7112,A7,Contralateral uninvolved,70
7112 A8 7112 A7,7112,A7,Contralateral uninvolved,71
7112 A8 7112 A7,7112,A7,Contralateral uninvolved,72
7112 A8 7112 A7,7112,A7,Contralateral uninvolved,73
7112 A8 7112 A7,7112,A7,Contralateral uninvolved,74
7112 A8 7112 A7,7112,A7,Contralateral uninvolved,75
7112 A8 7112 A7,7112,A7,Contralateral uninvolved,76
7112 A8 7112 A7,7112,A7,Contralateral uninvolved,77
7112 A8 7112 A7,7112,A7,Contralateral uninvolved,78
7112 A8 7112 A7,7112,A7,Contralateral uninvolved,79
7112 A8 7112 A7,7112,A7,Contralateral uninvolved,80
7112 A8 7112 A7,7112,A7,Contralateral uninvolved,81
7112 A8 7112 A7,7112,A7,Contralateral uninvolved,82
7112 A8 7112 A7,7112,A7,Contralateral uninvolved,83
7112 A8 7112 A7,7112,A7,Contralateral uninvolved,84
7112 A8 7112 A7,7112,A7,Contralateral uninvolved,85
7112 A8 7112 A7,7112,A7,Contralateral uninvolved,86
7112 A8 7112 A7,7112,A7,Contralateral uninvolved,87
7112 A8 7112 A7,7112,A7,Contralateral uninvolved,88
7112 A8 7112 A7,7112,A7,Contralateral uninvolved,89
7112 A8 7112 A7,7112,A7,Contralateral uninvolved,90
7112 A8 7112 A7,7112,A7,Contralateral uninvolved,91
7112 A8 7112 A7,7112,A7,Contralateral uninvolved,92
7112 A8 7112 A7,7112,A7,Contralateral uninvolved,93
7112 A8 7112 A7,7112,A7,Contralateral uninvolved,94
7112 A8 7112 A7,7112,A7,Contralateral uninvolved,95
7112 A8 7112 A7,7112,A7,Contralateral uninvolved,96
7112 A8 7112 A7,7112,A7,Contralateral uninvolved,97
7112 A8 7112 A7,7112,A7,Contralateral uninvolved,98
7112 A8 7112 A7,7112,A7,Contralateral uninvolved,99
7112 A8 7112 A7,7112,A7,Contralateral uninvolved,100
7112 A8 7112 A7,7112,A8,Infiltrating edge,101
7112 A8 7112 A7,7112,A8,Infiltrating edge,102
7112 A8 7112 A7,7112,A8,Infiltrating edge,103
7112 A8 7112 A7,7112,A8,Infiltrating edge,104
7112 A8 7112 A7,7112,A8,Infiltrating edge,105
7112 A8 7112 A7,7112,A8,Infiltrating edge,106
7112 A8 7112 A7,7112,A8,Infiltrating edge,107
7112 A8 7112 A7,7112,A8,Infiltrating edge,108
7112 A8 7112 A7,7112,A8,Infiltrating edge,109
7112 A8 7112 A7,7112,A8,Infiltrating edge,110
7112 A8 7112 A7,7112,A8,Infiltrating edge,111
7112 A8 7112 A7,7112,A8,Infiltrating edge,112
7112 A8 7112 A7,7112,A8,Infiltrating edge,113
7112 A8 7112 A7,7112,A8,Infiltrating edge,114
7112 A8 7112 A7,7112,A8,Infiltrating edge,115
7112 A8 7112 A7,7112,A8,Infiltrating edge,116
7112 A8 7112 A7,7112,A8,Infiltrating edge,117
7112 A8 7112 A7,7112,A8,Infiltrating edge,118
7112 A8 7112 A7,7112,A8,Infiltrating edge,119
7112 A8 7112 A7,7112,A8,Infiltrating edge,120
7112 A8 7112 A7,7112,A8,Infiltrating edge,121
7112 A8 7112 A7,7112,A8,Infiltrating edge,122
7112 A8 7112 A7,7112,A8,Infiltrating edge,123
7112 A8 7112 A7,7112,A8,Infiltrating edge,124
7112 A8 7112 A7,7112,A8,Infiltrating edge,125
7112 A8 7112 A7,7112,A8,Infiltrating edge,126
7112 A8 7112 A7,7112,A8,Infiltrating edge,127
7112 A8 7112 A7,7112,A8,Infiltrating edge,128
7112 A8 7112 A7,7112,A8,Infiltrating edge,129
7112 A8 7112 A7,7112,A8,Infiltrating edge,130
7112 A8 7112 A7,7112,A8,Infiltrating edge,131
7112 A8 7112 A7,7112,A8,Infiltrating edge,132
7112 A8 7112 A7,7112,A8,Infiltrating edge,133
7112 A8 7112 A7,7112,A8,Infiltrating edge,134
7112 A8 7112 A7,7112,A8,Infiltrating edge,135
7112 A8 7112 A7,7112,A8,Infiltrating edge,136
7112 A8 7112 A7,7112,A8,Infiltrating edge,137
7112 A8 7112 A7,7112,A8,Infiltrating edge,138
7112 A8 7112 A7,7112,A8,Infiltrating edge,139
7112 A8 7112 A7,7112,A8,Infiltrating edge,140
7112 A8 7112 A7,7112,A8,Infiltrating edge,141
7112 A8 7112 A7,7112,A8,Infiltrating edge,142
7112 A8 7112 A7,7112,A8,Infiltrating edge,143
7112 A8 7112 A7,7112,A8,Infiltrating edge,144
7112 A8 7112 A7,7112,A8,Infiltrating edge,145
7112 A8 7112 A7,7112,A8,Infiltrating edge,146
7112 A8 7112 A7,7112,A8,Infiltrating edge,147
7112 A8 7112 A7,7112,A8,Infiltrating edge,148
7112 A8 7112 A7,7112,A8,Infiltrating edge,149
7112 A8 7112 A7,7112,A8,Infiltrating edge,150
7112 A8 7112 A7,7112,A8,Infiltrating edge,151
7112 A8 7112 A7,7112,A8,Infiltrating edge,152
7112 A8 7112 A7,7112,A8,Infiltrating edge,153
7112 A8 7112 A7,7112,A8,Infiltrating edge,154
7112 A8 7112 A7,7112,A8,Infiltrating edge,155
7112 A8 7112 A7,7112,A8,Infiltrating edge,156
7112 A8 7112 A7,7112,A8,Infiltrating edge,157
7112 A8 7112 A7,7112,A8,Infiltrating edge,158
7112 A8 7112 A7,7112,A8,Infiltrating edge,159
7112 A8 7112 A7,7112,A8,Infiltrating edge,160
7112 A8 7112 A7,7112,A8,Infiltrating edge,161
7112 A8 7112 A7,7112,A8,Infiltrating edge,162
7112 A8 7112 A7,7112,A8,Infiltrating edge,163
7112 A8 7112 A7,7112,A8,Infiltrating edge,164
7112 A8 7112 A7,7112,A8,Infiltrating edge,165
7112 A8 7112 A7,7112,A8,Infiltrating edge,166
7112 A8 7112 A7,7112,A8,Infiltrating edge,167
7112 A8 7112 A7,7112,A8,Infiltrating edge,168
7112 A8 7112 A7,7112,A8,Infiltrating edge,169
7112 A8 7112 A7,7112,A8,Infiltrating edge,170
7112 A8 7112 A7,7112,A8,Infiltrating edge,171
7112 A8 7112 A7,7112,A8,Infiltrating edge,172
7112 A8 7112 A7,7112,A8,Infiltrating edge,173
7112 A8 7112 A7,7112,A8,Infiltrating edge,174
7112 A8 7112 A7,7112,A8,Infiltrating edge,175
7112 A8 7112 A7,7112,A8,Infiltrating edge,176
7112 A8 7112 A7,7112,A8,Infiltrating edge,177
7112 A8 7112 A7,7112,A8,Infiltrating edge,178
7112 A8 7112 A7,7112,A8,Infiltrating edge,179
7112 A8 7112 A7,7112,A8,Infiltrating edge,180
7112 A8 7112 A7,7112,A8,Infiltrating edge,181
7112 A8 7112 A7,7112,A8,Infiltrating edge,182
7112 A8 7112 A7,7112,A8,Infiltrating edge,183
7112 A8 7112 A7,7112,A8,Infiltrating edge,184
7112 A8 7112 A7,7112,A8,Infiltrating edge,185
7112 A8 7112 A7,7112,A8,Infiltrating edge,186
7112 A8 7112 A7,7112,A8,Infiltrating edge,187
7112 A8 7112 A7,7112,A8,Infiltrating edge,188
7112 A8 7112 A7,7112,A8,Infiltrating edge,189
7112 A8 7112 A7,7112,A8,Infiltrating edge,190
7112 A8 7112 A7,7112,A8,Infiltrating edge,191
7112 A8 7112 A7,7112,A8,Infiltrating edge,192
7112 A8 7112 A7,7112,A8,Infiltrating edge,193
7112 A8 7112 A7,7112,A8,Infiltrating edge,194
7112 A8 7112 A7,7112,A8,Infiltrating edge,195
7112 A8 7112 A7,7112,A8,Infiltrating edge,196
7112 A8 7112 A7,7112,A8,Infiltrating edge,197
7112 A8 7112 A7,7112,A8,Infiltrating edge,198
7112 A8 7112 A7,7112,A8,Infiltrating edge,199
7112 A8 7112 A7,7112,A8,Infiltrating edge,200
7134 A7 7439 A6,7134,A7,Contralateral uninvolved,1
7134 A7 7439 A6,7134,A7,Contralateral uninvolved,2
7134 A7 7439 A6,7134,A7,Contralateral uninvolved,3
7134 A7 7439 A6,7134,A7,Contralateral uninvolved,4
7134 A7 7439 A6,7134,A7,Contralateral uninvolved,5
7134 A7 7439 A6,7134,A7,Contralateral uninvolved,6
7134 A7 7439 A6,7134,A7,Contralateral uninvolved,7
7134 A7 7439 A6,7134,A7,Contralateral uninvolved,8
7134 A7 7439 A6,7134,A7,Contralateral uninvolved,9
7134 A7 7439 A6,7134,A7,Contralateral uninvolved,10
7134 A7 7439 A6,7134,A7,Contralateral uninvolved,11
7134 A7 7439 A6,7134,A7,Contralateral uninvolved,12
7134 A7 7439 A6,7134,A7,Contralateral uninvolved,13
7134 A7 7439 A6,7134,A7,Contralateral uninvolved,14
7134 A7 7439 A6,7134,A7,Contralateral uninvolved,15
7134 A7 7439 A6,7134,A7,Contralateral uninvolved,16
7134 A7 7439 A6,7134,A7,Contralateral uninvolved,17
7134 A7 7439 A6,7134,A7,Contralateral uninvolved,18
7134 A7 7439 A6,7134,A7,Contralateral uninvolved,19
7134 A7 7439 A6,7134,A7,Contralateral uninvolved,20
7134 A7 7439 A6,7134,A7,Contralateral uninvolved,21
7134 A7 7439 A6,7134,A7,Contralateral uninvolved,22
7134 A7 7439 A6,7134,A7,Contralateral uninvolved,23
7134 A7 7439 A6,7134,A7,Contralateral uninvolved,24
7134 A7 7439 A6,7134,A7,Contralateral uninvolved,25
7134 A7 7439 A6,7134,A7,Contralateral uninvolved,26
7134 A7 7439 A6,7134,A7,Contralateral uninvolved,27
7134 A7 7439 A6,7134,A7,Contralateral uninvolved,28
7134 A7 7439 A6,7134,A7,Contralateral uninvolved,29
7134 A7 7439 A6,7134,A7,Contralateral uninvolved,30
7134 A7 7439 A6,7134,A7,Contralateral uninvolved,31
7134 A7 7439 A6,7134,A7,Contralateral uninvolved,32
7134 A7 7439 A6,7134,A7,Contralateral uninvolved,33
7134 A7 7439 A6,7134,A7,Contralateral uninvolved,34
7134 A7 7439 A6,7134,A7,Contralateral uninvolved,35
7134 A7 7439 A6,7134,A7,Contralateral uninvolved,36
7134 A7 7439 A6,7134,A7,Contralateral uninvolved,37
7134 A7 7439 A6,7134,A7,Contralateral uninvolved,38
7134 A7 7439 A6,7134,A7,Contralateral uninvolved,39
7134 A7 7439 A6,7134,A7,Contralateral uninvolved,40
7134 A7 7439 A6,7134,A7,Contralateral uninvolved,41
7134 A7 7439 A6,7134,A7,Contralateral uninvolved,42
7134 A7 7439 A6,7134,A7,Contralateral uninvolved,43
7134 A7 7439 A6,7134,A7,Contralateral uninvolved,44
7134 A7 7439 A6,7134,A7,Contralateral uninvolved,45
7134 A7 7439 A6,7134,A7,Contralateral uninvolved,46
7134 A7 7439 A6,7134,A7,Contralateral uninvolved,47
7134 A7 7439 A6,7134,A7,Contralateral uninvolved,48
7134 A7 7439 A6,7134,A7,Contralateral uninvolved,49
7134 A7 7439 A6,7134,A7,Contralateral uninvolved,50
7134 A7 7439 A6,7134,A7,Contralateral uninvolved,51
7134 A7 7439 A6,7134,A7,Contralateral uninvolved,52
7134 A7 7439 A6,7134,A7,Contralateral uninvolved,53
7134 A7 7439 A6,7134,A7,Contralateral uninvolved,54
7134 A7 7439 A6,7134,A7,Contralateral uninvolved,55
7134 A7 7439 A6,7134,A7,Contralateral uninvolved,56
7134 A7 7439 A6,7134,A7,Contralateral uninvolved,57
7134 A7 7439 A6,7134,A7,Contralateral uninvolved,58
7134 A7 7439 A6,7134,A7,Contralateral uninvolved,59
7134 A7 7439 A6,7134,A7,Contralateral uninvolved,60
7134 A7 7439 A6,7134,A7,Contralateral uninvolved,61
7134 A7 7439 A6,7134,A7,Contralateral uninvolved,62
7134 A7 7439 A6,7134,A7,Contralateral uninvolved,63
7134 A7 7439 A6,7134,A7,Contralateral uninvolved,64
7134 A7 7439 A6,7134,A7,Contralateral uninvolved,65
7134 A7 7439 A6,7134,A7,Contralateral uninvolved,66
7134 A7 7439 A6,7134,A7,Contralateral uninvolved,67
7134 A7 7439 A6,7134,A7,Contralateral uninvolved,68
7134 A7 7439 A6,7134,A7,Contralateral uninvolved,69
7134 A7 7439 A6,7134,A7,Contralateral uninvolved,70
7134 A7 7439 A6,7134,A7,Contralateral uninvolved,71
7134 A7 7439 A6,7134,A7,Contralateral uninvolved,72
7134 A7 7439 A6,7134,A7,Contralateral uninvolved,73
7134 A7 7439 A6,7134,A7,Contralateral uninvolved,74
7134 A7 7439 A6,7134,A7,Contralateral uninvolved,75
7134 A7 7439 A6,7134,A7,Contralateral uninvolved,76
7134 A7 7439 A6,7134,A7,Contralateral uninvolved,77
7134 A7 7439 A6,7134,A7,Contralateral uninvolved,78
7134 A7 7439 A6,7134,A7,Contralateral uninvolved,79
7134 A7 7439 A6,7134,A7,Contralateral uninvolved,80
7134 A7 7439 A6,7134,A7,Contralateral uninvolved,81
7134 A7 7439 A6,7134,A7,Contralateral uninvolved,82
7134 A7 7439 A6,7134,A7,Contralateral uninvolved,83
7134 A7 7439 A6,7134,A7,Contralateral uninvolved,84
7134 A7 7439 A6,7134,A7,Contralateral uninvolved,85
7134 A7 7439 A6,7134,A7,Contralateral uninvolved,86
7134 A7 7439 A6,7134,A7,Contralateral uninvolved,87
7134 A7 7439 A6,7134,A7,Contralateral uninvolved,88
7134 A7 7439 A6,7134,A7,Contralateral uninvolved,89
7134 A7 7439 A6,7134,A7,Contralateral uninvolved,90
7134 A7 7439 A6,7134,A7,Contralateral uninvolved,91
7134 A7 7439 A6,7134,A7,Contralateral uninvolved,92
7134 A7 7439 A6,7134,A7,Contralateral uninvolved,93
7134 A7 7439 A6,7134,A7,Contralateral uninvolved,94
7134 A7 7439 A6,7134,A7,Contralateral uninvolved,95
7134 A7 7439 A6,7134,A7,Contralateral uninvolved,96
7134 A7 7439 A6,7134,A7,Contralateral uninvolved,97
7134 A7 7439 A6,7134,A7,Contralateral uninvolved,98
7134 A7 7439 A6,7134,A7,Contralateral uninvolved,99
7134 A7 7439 A6,7134,A7,Contralateral uninvolved,100
7134 A7 7439 A6,7439,A6,Contralateral uninvolved,101
7134 A7 7439 A6,7439,A6,Contralateral uninvolved,102
7134 A7 7439 A6,7439,A6,Contralateral uninvolved,103
7134 A7 7439 A6,7439,A6,Contralateral uninvolved,104
7134 A7 7439 A6,7439,A6,Contralateral uninvolved,105
7134 A7 7439 A6,7439,A6,Contralateral uninvolved,106
7134 A7 7439 A6,7439,A6,Contralateral uninvolved,107
7134 A7 7439 A6,7439,A6,Contralateral uninvolved,108
7134 A7 7439 A6,7439,A6,Contralateral uninvolved,109
7134 A7 7439 A6,7439,A6,Contralateral uninvolved,110
7134 A7 7439 A6,7439,A6,Contralateral uninvolved,111
7134 A7 7439 A6,7439,A6,Contralateral uninvolved,112
7134 A7 7439 A6,7439,A6,Contralateral uninvolved,113
7134 A7 7439 A6,7439,A6,Contralateral uninvolved,114
7134 A7 7439 A6,7439,A6,Contralateral uninvolved,115
7134 A7 7439 A6,7439,A6,Contralateral uninvolved,116
7134 A7 7439 A6,7439,A6,Contralateral uninvolved,117
7134 A7 7439 A6,7439,A6,Contralateral uninvolved,118
7134 A7 7439 A6,7439,A6,Contralateral uninvolved,119
7134 A7 7439 A6,7439,A6,Contralateral uninvolved,120
7134 A7 7439 A6,7439,A6,Contralateral uninvolved,121
7134 A7 7439 A6,7439,A6,Contralateral uninvolved,122
7134 A7 7439 A6,7439,A6,Contralateral uninvolved,123
7134 A7 7439 A6,7439,A6,Contralateral uninvolved,124
7134 A7 7439 A6,7439,A6,Contralateral uninvolved,125
7134 A7 7439 A6,7439,A6,Contralateral uninvolved,126
7134 A7 7439 A6,7439,A6,Contralateral uninvolved,127
7134 A7 7439 A6,7439,A6,Contralateral uninvolved,128
7134 A7 7439 A6,7439,A6,Contralateral uninvolved,129
7134 A7 7439 A6,7439,A6,Contralateral uninvolved,130
7134 A7 7439 A6,7439,A6,Contralateral uninvolved,131
7134 A7 7439 A6,7439,A6,Contralateral uninvolved,132
7134 A7 7439 A6,7439,A6,Contralateral uninvolved,133
7134 A7 7439 A6,7439,A6,Contralateral uninvolved,134
7134 A7 7439 A6,7439,A6,Contralateral uninvolved,135
7134 A7 7439 A6,7439,A6,Contralateral uninvolved,136
7134 A7 7439 A6,7439,A6,Contralateral uninvolved,137
7134 A7 7439 A6,7439,A6,Contralateral uninvolved,138
7134 A7 7439 A6,7439,A6,Contralateral uninvolved,139
7134 A7 7439 A6,7439,A6,Contralateral uninvolved,140
7134 A7 7439 A6,7439,A6,Contralateral uninvolved,141
7134 A7 7439 A6,7439,A6,Contralateral uninvolved,142
7134 A7 7439 A6,7439,A6,Contralateral uninvolved,143
7134 A7 7439 A6,7439,A6,Contralateral uninvolved,144
7134 A7 7439 A6,7439,A6,Contralateral uninvolved,145
7134 A7 7439 A6,7439,A6,Contralateral uninvolved,146
7134 A7 7439 A6,7439,A6,Contralateral uninvolved,147
7134 A7 7439 A6,7439,A6,Contralateral uninvolved,148
7134 A7 7439 A6,7439,A6,Contralateral uninvolved,149
7134 A7 7439 A6,7439,A6,Contralateral uninvolved,150
7134 A7 7439 A6,7439,A6,Contralateral uninvolved,151
7134 A7 7439 A6,7439,A6,Contralateral uninvolved,152
7134 A7 7439 A6,7439,A6,Contralateral uninvolved,153
7134 A7 7439 A6,7439,A6,Contralateral uninvolved,154
7134 A7 7439 A6,7439,A6,Contralateral uninvolved,155
7134 A7 7439 A6,7439,A6,Contralateral uninvolved,156
7134 A7 7439 A6,7439,A6,Contralateral uninvolved,157
7134 A7 7439 A6,7439,A6,Contralateral uninvolved,158
7134 A7 7439 A6,7439,A6,Contralateral uninvolved,159
7134 A7 7439 A6,7439,A6,Contralateral uninvolved,160
7134 A7 7439 A6,7439,A6,Contralateral uninvolved,161
7134 A7 7439 A6,7439,A6,Contralateral uninvolved,162
7134 A7 7439 A6,7439,A6,Contralateral uninvolved,163
7134 A7 7439 A6,7439,A6,Contralateral uninvolved,164
7134 A7 7439 A6,7439,A6,Contralateral uninvolved,165
7134 A7 7439 A6,7439,A6,Contralateral uninvolved,166
7134 A7 7439 A6,7439,A6,Contralateral uninvolved,167
7134 A7 7439 A6,7439,A6,Contralateral uninvolved,168
7134 A7 7439 A6,7439,A6,Contralateral uninvolved,169
7134 A7 7439 A6,7439,A6,Contralateral uninvolved,170
7134 A7 7439 A6,7439,A6,Contralateral uninvolved,171
7134 A7 7439 A6,7439,A6,Contralateral uninvolved,172
7134 A7 7439 A6,7439,A6,Contralateral uninvolved,173
7134 A7 7439 A6,7439,A6,Contralateral uninvolved,174
7134 A7 7439 A6,7439,A6,Contralateral uninvolved,175
7134 A7 7439 A6,7439,A6,Contralateral uninvolved,176
7134 A7 7439 A6,7439,A6,Contralateral uninvolved,177
7134 A7 7439 A6,7439,A6,Contralateral uninvolved,178
7134 A7 7439 A6,7439,A6,Contralateral uninvolved,179
7134 A7 7439 A6,7439,A6,Contralateral uninvolved,180
7134 A7 7439 A6,7439,A6,Contralateral uninvolved,181
7134 A7 7439 A6,7439,A6,Contralateral uninvolved,182
7134 A7 7439 A6,7439,A6,Contralateral uninvolved,183
7134 A7 7439 A6,7439,A6,Contralateral uninvolved,184
7134 A7 7439 A6,7439,A6,Contralateral uninvolved,185
7134 A7 7439 A6,7439,A6,Contralateral uninvolved,186
7134 A7 7439 A6,7439,A6,Contralateral uninvolved,187
7134 A7 7439 A6,7439,A6,Contralateral uninvolved,188
7134 A7 7439 A6,7439,A6,Contralateral uninvolved,189
7134 A7 7439 A6,7439,A6,Contralateral uninvolved,190
7134 A7 7439 A6,7439,A6,Contralateral uninvolved,191
7134 A7 7439 A6,7439,A6,Contralateral uninvolved,192
7134 A7 7439 A6,7439,A6,Contralateral uninvolved,193
7134 A7 7439 A6,7439,A6,Contralateral uninvolved,194
7134 A7 7439 A6,7439,A6,Contralateral uninvolved,195
7134 A7 7439 A6,7439,A6,Contralateral uninvolved,196
7134 A7 7439 A6,7439,A6,Contralateral uninvolved,197
7134 A7 7439 A6,7439,A6,Contralateral uninvolved,198
7134 A7 7439 A6,7439,A6,Contralateral uninvolved,199
7134 A7 7439 A6,7439,A6,Contralateral uninvolved,200
7134 G2 G7,7134,G7,Tumor bulk,1
7134 G2 G7,7134,G7,Tumor bulk,2
7134 G2 G7,7134,G7,Tumor bulk,3
7134 G2 G7,7134,G7,Tumor bulk,4
7134 G2 G7,7134,G7,Tumor bulk,5
7134 G2 G7,7134,G7,Tumor bulk,6
7134 G2 G7,7134,G7,Tumor bulk,7
7134 G2 G7,7134,G7,Tumor bulk,8
7134 G2 G7,7134,G7,Tumor bulk,9
7134 G2 G7,7134,G7,Tumor bulk,10
7134 G2 G7,7134,G7,Tumor bulk,11
7134 G2 G7,7134,G7,Tumor bulk,12
7134 G2 G7,7134,G7,Tumor bulk,13
7134 G2 G7,7134,G7,Tumor bulk,14
7134 G2 G7,7134,G7,Tumor bulk,15
7134 G2 G7,7134,G7,Tumor bulk,16
7134 G2 G7,7134,G7,Tumor bulk,17
7134 G2 G7,7134,G7,Tumor bulk,18
7134 G2 G7,7134,G7,Tumor bulk,19
7134 G2 G7,7134,G7,Tumor bulk,20
7134 G2 G7,7134,G7,Tumor bulk,21
7134 G2 G7,7134,G7,Tumor bulk,22
7134 G2 G7,7134,G7,Tumor bulk,23
7134 G2 G7,7134,G7,Tumor bulk,24
7134 G2 G7,7134,G7,Tumor bulk,25
7134 G2 G7,7134,G7,Tumor bulk,26
7134 G2 G7,7134,G7,Tumor bulk,27
7134 G2 G7,7134,G7,Tumor bulk,28
7134 G2 G7,7134,G7,Tumor bulk,29
7134 G2 G7,7134,G7,Tumor bulk,30
7134 G2 G7,7134,G7,Tumor bulk,31
7134 G2 G7,7134,G7,Tumor bulk,32
7134 G2 G7,7134,G7,Tumor bulk,33
7134 G2 G7,7134,G7,Tumor bulk,34
7134 G2 G7,7134,G7,Tumor bulk,35
7134 G2 G7,7134,G7,Tumor bulk,36
7134 G2 G7,7134,G7,Tumor bulk,37
7134 G2 G7,7134,G7,Tumor bulk,38
7134 G2 G7,7134,G7,Tumor bulk,39
7134 G2 G7,7134,G7,Tumor bulk,40
7134 G2 G7,7134,G7,Tumor bulk,41
7134 G2 G7,7134,G7,Tumor bulk,42
7134 G2 G7,7134,G7,Tumor bulk,43
7134 G2 G7,7134,G7,Tumor bulk,44
7134 G2 G7,7134,G7,Tumor bulk,45
7134 G2 G7,7134,G7,Tumor bulk,46
7134 G2 G7,7134,G7,Tumor bulk,47
7134 G2 G7,7134,G7,Tumor bulk,48
7134 G2 G7,7134,G7,Tumor bulk,49
7134 G2 G7,7134,G7,Tumor bulk,50
7134 G2 G7,7134,G7,Tumor bulk,51
7134 G2 G7,7134,G7,Tumor bulk,52
7134 G2 G7,7134,G7,Tumor bulk,53
7134 G2 G7,7134,G7,Tumor bulk,54
7134 G2 G7,7134,G7,Tumor bulk,55
7134 G2 G7,7134,G7,Tumor bulk,56
7134 G2 G7,7134,G7,Tumor bulk,57
7134 G2 G7,7134,G7,Tumor bulk,58
7134 G2 G7,7134,G7,Tumor bulk,59
7134 G2 G7,7134,G7,Tumor bulk,60
7134 G2 G7,7134,G7,Tumor bulk,61
7134 G2 G7,7134,G7,Tumor bulk,62
7134 G2 G7,7134,G7,Tumor bulk,63
7134 G2 G7,7134,G7,Tumor bulk,64
7134 G2 G7,7134,G7,Tumor bulk,65
7134 G2 G7,7134,G7,Tumor bulk,66
7134 G2 G7,7134,G7,Tumor bulk,67
7134 G2 G7,7134,G7,Tumor bulk,68
7134 G2 G7,7134,G7,Tumor bulk,69
7134 G2 G7,7134,G7,Tumor bulk,70
7134 G2 G7,7134,G7,Tumor bulk,71
7134 G2 G7,7134,G7,Tumor bulk,72
7134 G2 G7,7134,G7,Tumor bulk,73
7134 G2 G7,7134,G7,Tumor bulk,74
7134 G2 G7,7134,G7,Tumor bulk,75
7134 G2 G7,7134,G7,Tumor bulk,76
7134 G2 G7,7134,G7,Tumor bulk,77
7134 G2 G7,7134,G7,Tumor bulk,78
7134 G2 G7,7134,G7,Tumor bulk,79
7134 G2 G7,7134,G7,Tumor bulk,80
7134 G2 G7,7134,G7,Tumor bulk,81
7134 G2 G7,7134,G7,Tumor bulk,82
7134 G2 G7,7134,G7,Tumor bulk,83
7134 G2 G7,7134,G7,Tumor bulk,84
7134 G2 G7,7134,G7,Tumor bulk,85
7134 G2 G7,7134,G7,Tumor bulk,86
7134 G2 G7,7134,G7,Tumor bulk,87
7134 G2 G7,7134,G7,Tumor bulk,88
7134 G2 G7,7134,G7,Tumor bulk,89
7134 G2 G7,7134,G7,Tumor bulk,90
7134 G2 G7,7134,G7,Tumor bulk,91
7134 G2 G7,7134,G7,Tumor bulk,92
7134 G2 G7,7134,G7,Tumor bulk,93
7134 G2 G7,7134,G7,Tumor bulk,94
7134 G2 G7,7134,G7,Tumor bulk,95
7134 G2 G7,7134,G7,Tumor bulk,96
7134 G2 G7,7134,G7,Tumor bulk,97
7134 G2 G7,7134,G7,Tumor bulk,98
7134 G2 G7,7134,G7,Tumor bulk,99
7134 G2 G7,7134,G7,Tumor bulk,100
7134 G2 G7,7134,G2,Infiltrating edge,101
7134 G2 G7,7134,G2,Infiltrating edge,102
7134 G2 G7,7134,G2,Infiltrating edge,103
7134 G2 G7,7134,G2,Infiltrating edge,104
7134 G2 G7,7134,G2,Infiltrating edge,105
7134 G2 G7,7134,G2,Infiltrating edge,106
7134 G2 G7,7134,G2,Infiltrating edge,107
7134 G2 G7,7134,G2,Infiltrating edge,108
7134 G2 G7,7134,G2,Infiltrating edge,109
7134 G2 G7,7134,G2,Infiltrating edge,110
7134 G2 G7,7134,G2,Infiltrating edge,111
7134 G2 G7,7134,G2,Infiltrating edge,112
7134 G2 G7,7134,G2,Infiltrating edge,113
7134 G2 G7,7134,G2,Infiltrating edge,114
7134 G2 G7,7134,G2,Infiltrating edge,115
7134 G2 G7,7134,G2,Infiltrating edge,116
7134 G2 G7,7134,G2,Infiltrating edge,117
7134 G2 G7,7134,G2,Infiltrating edge,118
7134 G2 G7,7134,G2,Infiltrating edge,119
7134 G2 G7,7134,G2,Infiltrating edge,120
7134 G2 G7,7134,G2,Infiltrating edge,121
7134 G2 G7,7134,G2,Infiltrating edge,122
7134 G2 G7,7134,G2,Infiltrating edge,123
7134 G2 G7,7134,G2,Infiltrating edge,124
7134 G2 G7,7134,G2,Infiltrating edge,125
7134 G2 G7,7134,G2,Infiltrating edge,126
7134 G2 G7,7134,G2,Infiltrating edge,127
7134 G2 G7,7134,G2,Infiltrating edge,128
7134 G2 G7,7134,G2,Infiltrating edge,129
7134 G2 G7,7134,G2,Infiltrating edge,130
7134 G2 G7,7134,G2,Infiltrating edge,131
7134 G2 G7,7134,G2,Infiltrating edge,132
7134 G2 G7,7134,G2,Infiltrating edge,133
7134 G2 G7,7134,G2,Infiltrating edge,134
7134 G2 G7,7134,G2,Infiltrating edge,135
7134 G2 G7,7134,G2,Infiltrating edge,136
7134 G2 G7,7134,G2,Infiltrating edge,137
7134 G2 G7,7134,G2,Infiltrating edge,138
7134 G2 G7,7134,G2,Infiltrating edge,139
7134 G2 G7,7134,G2,Infiltrating edge,140
7134 G2 G7,7134,G2,Infiltrating edge,141
7134 G2 G7,7134,G2,Infiltrating edge,142
7134 G2 G7,7134,G2,Infiltrating edge,143
7134 G2 G7,7134,G2,Infiltrating edge,144
7134 G2 G7,7134,G2,Infiltrating edge,145
7134 G2 G7,7134,G2,Infiltrating edge,146
7134 G2 G7,7134,G2,Infiltrating edge,147
7134 G2 G7,7134,G2,Infiltrating edge,148
7134 G2 G7,7134,G2,Infiltrating edge,149
7134 G2 G7,7134,G2,Infiltrating edge,150
7134 G2 G7,7134,G2,Infiltrating edge,151
7134 G2 G7,7134,G2,Infiltrating edge,152
7134 G2 G7,7134,G2,Infiltrating edge,153
7134 G2 G7,7134,G2,Infiltrating edge,154
7134 G2 G7,7134,G2,Infiltrating edge,155
7134 G2 G7,7134,G2,Infiltrating edge,156
7134 G2 G7,7134,G2,Infiltrating edge,157
7134 G2 G7,7134,G2,Infiltrating edge,158
7134 G2 G7,7134,G2,Infiltrating edge,159
7134 G2 G7,7134,G2,Infiltrating edge,160
7134 G2 G7,7134,G2,Infiltrating edge,161
7134 G2 G7,7134,G2,Infiltrating edge,162
7134 G2 G7,7134,G2,Infiltrating edge,163
7134 G2 G7,7134,G2,Infiltrating edge,164
7134 G2 G7,7134,G2,Infiltrating edge,165
7134 G2 G7,7134,G2,Infiltrating edge,166
7134 G2 G7,7134,G2,Infiltrating edge,167
7134 G2 G7,7134,G2,Infiltrating edge,168
7134 G2 G7,7134,G2,Infiltrating edge,169
7134 G2 G7,7134,G2,Infiltrating edge,170
7134 G2 G7,7134,G2,Infiltrating edge,171
7134 G2 G7,7134,G2,Infiltrating edge,172
7134 G2 G7,7134,G2,Infiltrating edge,173
7134 G2 G7,7134,G2,Infiltrating edge,174
7134 G2 G7,7134,G2,Infiltrating edge,175
7134 G2 G7,7134,G2,Infiltrating edge,176
7134 G2 G7,7134,G2,Infiltrating edge,177
7134 G2 G7,7134,G2,Infiltrating edge,178
7134 G2 G7,7134,G2,Infiltrating edge,179
7134 G2 G7,7134,G2,Infiltrating edge,180
7134 G2 G7,7134,G2,Infiltrating edge,181
7134 G2 G7,7134,G2,Infiltrating edge,182
7134 G2 G7,7134,G2,Infiltrating edge,183
7134 G2 G7,7134,G2,Infiltrating edge,184
7134 G2 G7,7134,G2,Infiltrating edge,185
7134 G2 G7,7134,G2,Infiltrating edge,186
7134 G2 G7,7134,G2,Infiltrating edge,187
7134 G2 G7,7134,G2,Infiltrating edge,188
7134 G2 G7,7134,G2,Infiltrating edge,189
7134 G2 G7,7134,G2,Infiltrating edge,190
7134 G2 G7,7134,G2,Infiltrating edge,191
7134 G2 G7,7134,G2,Infiltrating edge,192
7134 G2 G7,7134,G2,Infiltrating edge,193
7134 G2 G7,7134,G2,Infiltrating edge,194
7134 G2 G7,7134,G2,Infiltrating edge,195
7134 G2 G7,7134,G2,Infiltrating edge,196
7134 G2 G7,7134,G2,Infiltrating edge,197
7134 G2 G7,7134,G2,Infiltrating edge,198
7134 G2 G7,7134,G2,Infiltrating edge,199
7134 G2 G7,7134,G2,Infiltrating edge,200
7147 A6 7147 A10,7147,A10,Tumor bulk,1
7147 A6 7147 A10,7147,A10,Tumor bulk,2
7147 A6 7147 A10,7147,A10,Tumor bulk,3
7147 A6 7147 A10,7147,A10,Tumor bulk,4
7147 A6 7147 A10,7147,A10,Tumor bulk,5
7147 A6 7147 A10,7147,A10,Tumor bulk,6
7147 A6 7147 A10,7147,A10,Tumor bulk,7
7147 A6 7147 A10,7147,A10,Tumor bulk,8
7147 A6 7147 A10,7147,A10,Tumor bulk,9
7147 A6 7147 A10,7147,A10,Tumor bulk,10
7147 A6 7147 A10,7147,A10,Tumor bulk,11
7147 A6 7147 A10,7147,A10,Tumor bulk,12
7147 A6 7147 A10,7147,A10,Tumor bulk,13
7147 A6 7147 A10,7147,A10,Tumor bulk,14
7147 A6 7147 A10,7147,A10,Tumor bulk,15
7147 A6 7147 A10,7147,A10,Tumor bulk,16
7147 A6 7147 A10,7147,A10,Tumor bulk,17
7147 A6 7147 A10,7147,A10,Tumor bulk,18
7147 A6 7147 A10,7147,A10,Tumor bulk,19
7147 A6 7147 A10,7147,A10,Tumor bulk,20
7147 A6 7147 A10,7147,A10,Tumor bulk,21
7147 A6 7147 A10,7147,A10,Tumor bulk,22
7147 A6 7147 A10,7147,A10,Tumor bulk,23
7147 A6 7147 A10,7147,A10,Tumor bulk,24
7147 A6 7147 A10,7147,A10,Tumor bulk,25
7147 A6 7147 A10,7147,A10,Tumor bulk,26
7147 A6 7147 A10,7147,A10,Tumor bulk,27
7147 A6 7147 A10,7147,A10,Tumor bulk,28
7147 A6 7147 A10,7147,A10,Tumor bulk,29
7147 A6 7147 A10,7147,A10,Tumor bulk,30
7147 A6 7147 A10,7147,A10,Tumor bulk,31
7147 A6 7147 A10,7147,A10,Tumor bulk,32
7147 A6 7147 A10,7147,A10,Tumor bulk,33
7147 A6 7147 A10,7147,A10,Tumor bulk,34
7147 A6 7147 A10,7147,A10,Tumor bulk,35
7147 A6 7147 A10,7147,A10,Tumor bulk,36
7147 A6 7147 A10,7147,A10,Tumor bulk,37
7147 A6 7147 A10,7147,A10,Tumor bulk,38
7147 A6 7147 A10,7147,A10,Tumor bulk,39
7147 A6 7147 A10,7147,A10,Tumor bulk,40
7147 A6 7147 A10,7147,A10,Tumor bulk,41
7147 A6 7147 A10,7147,A10,Tumor bulk,42
7147 A6 7147 A10,7147,A10,Tumor bulk,43
7147 A6 7147 A10,7147,A10,Tumor bulk,44
7147 A6 7147 A10,7147,A10,Tumor bulk,45
7147 A6 7147 A10,7147,A10,Tumor bulk,46
7147 A6 7147 A10,7147,A10,Tumor bulk,47
7147 A6 7147 A10,7147,A10,Tumor bulk,48
7147 A6 7147 A10,7147,A10,Tumor bulk,49
7147 A6 7147 A10,7147,A10,Tumor bulk,50
7147 A6 7147 A10,7147,A10,Tumor bulk,51
7147 A6 7147 A10,7147,A10,Tumor bulk,52
7147 A6 7147 A10,7147,A10,Tumor bulk,53
7147 A6 7147 A10,7147,A10,Tumor bulk,54
7147 A6 7147 A10,7147,A10,Tumor bulk,55
7147 A6 7147 A10,7147,A10,Tumor bulk,56
7147 A6 7147 A10,7147,A10,Tumor bulk,57
7147 A6 7147 A10,7147,A10,Tumor bulk,58
7147 A6 7147 A10,7147,A10,Tumor bulk,59
7147 A6 7147 A10,7147,A10,Tumor bulk,60
7147 A6 7147 A10,7147,A10,Tumor bulk,61
7147 A6 7147 A10,7147,A10,Tumor bulk,62
7147 A6 7147 A10,7147,A10,Tumor bulk,63
7147 A6 7147 A10,7147,A10,Tumor bulk,64
7147 A6 7147 A10,7147,A10,Tumor bulk,65
7147 A6 7147 A10,7147,A10,Tumor bulk,66
7147 A6 7147 A10,7147,A10,Tumor bulk,67
7147 A6 7147 A10,7147,A10,Tumor bulk,68
7147 A6 7147 A10,7147,A10,Tumor bulk,69
7147 A6 7147 A10,7147,A10,Tumor bulk,70
7147 A6 7147 A10,7147,A10,Tumor bulk,71
7147 A6 7147 A10,7147,A10,Tumor bulk,72
7147 A6 7147 A10,7147,A10,Tumor bulk,73
7147 A6 7147 A10,7147,A10,Tumor bulk,74
7147 A6 7147 A10,7147,A10,Tumor bulk,75
7147 A6 7147 A10,7147,A10,Tumor bulk,76
7147 A6 7147 A10,7147,A10,Tumor bulk,77
7147 A6 7147 A10,7147,A10,Tumor bulk,78
7147 A6 7147 A10,7147,A10,Tumor bulk,79
7147 A6 7147 A10,7147,A10,Tumor bulk,80
7147 A6 7147 A10,7147,A10,Tumor bulk,81
7147 A6 7147 A10,7147,A10,Tumor bulk,82
7147 A6 7147 A10,7147,A10,Tumor bulk,83
7147 A6 7147 A10,7147,A10,Tumor bulk,84
7147 A6 7147 A10,7147,A10,Tumor bulk,85
7147 A6 7147 A10,7147,A10,Tumor bulk,86
7147 A6 7147 A10,7147,A10,Tumor bulk,87
7147 A6 7147 A10,7147,A10,Tumor bulk,88
7147 A6 7147 A10,7147,A10,Tumor bulk,89
7147 A6 7147 A10,7147,A10,Tumor bulk,90
7147 A6 7147 A10,7147,A10,Tumor bulk,91
7147 A6 7147 A10,7147,A10,Tumor bulk,92
7147 A6 7147 A10,7147,A10,Tumor bulk,93
7147 A6 7147 A10,7147,A10,Tumor bulk,94
7147 A6 7147 A10,7147,A10,Tumor bulk,95
7147 A6 7147 A10,7147,A10,Tumor bulk,96
7147 A6 7147 A10,7147,A10,Tumor bulk,97
7147 A6 7147 A10,7147,A10,Tumor bulk,98
7147 A6 7147 A10,7147,A10,Tumor bulk,99
7147 A6 7147 A10,7147,A10,Tumor bulk,100
7147 A6 7147 A10,7147,A6,Contralateral uninvolved,101
7147 A6 7147 A10,7147,A6,Contralateral uninvolved,102
7147 A6 7147 A10,7147,A6,Contralateral uninvolved,103
7147 A6 7147 A10,7147,A6,Contralateral uninvolved,104
7147 A6 7147 A10,7147,A6,Contralateral uninvolved,105
7147 A6 7147 A10,7147,A6,Contralateral uninvolved,106
7147 A6 7147 A10,7147,A6,Contralateral uninvolved,107
7147 A6 7147 A10,7147,A6,Contralateral uninvolved,108
7147 A6 7147 A10,7147,A6,Contralateral uninvolved,109
7147 A6 7147 A10,7147,A6,Contralateral uninvolved,110
7147 A6 7147 A10,7147,A6,Contralateral uninvolved,111
7147 A6 7147 A10,7147,A6,Contralateral uninvolved,112
7147 A6 7147 A10,7147,A6,Contralateral uninvolved,113
7147 A6 7147 A10,7147,A6,Contralateral uninvolved,114
7147 A6 7147 A10,7147,A6,Contralateral uninvolved,115
7147 A6 7147 A10,7147,A6,Contralateral uninvolved,116
7147 A6 7147 A10,7147,A6,Contralateral uninvolved,117
7147 A6 7147 A10,7147,A6,Contralateral uninvolved,118
7147 A6 7147 A10,7147,A6,Contralateral uninvolved,119
7147 A6 7147 A10,7147,A6,Contralateral uninvolved,120
7147 A6 7147 A10,7147,A6,Contralateral uninvolved,121
7147 A6 7147 A10,7147,A6,Contralateral uninvolved,122
7147 A6 7147 A10,7147,A6,Contralateral uninvolved,123
7147 A6 7147 A10,7147,A6,Contralateral uninvolved,124
7147 A6 7147 A10,7147,A6,Contralateral uninvolved,125
7147 A6 7147 A10,7147,A6,Contralateral uninvolved,126
7147 A6 7147 A10,7147,A6,Contralateral uninvolved,127
7147 A6 7147 A10,7147,A6,Contralateral uninvolved,128
7147 A6 7147 A10,7147,A6,Contralateral uninvolved,129
7147 A6 7147 A10,7147,A6,Contralateral uninvolved,130
7147 A6 7147 A10,7147,A6,Contralateral uninvolved,131
7147 A6 7147 A10,7147,A6,Contralateral uninvolved,132
7147 A6 7147 A10,7147,A6,Contralateral uninvolved,133
7147 A6 7147 A10,7147,A6,Contralateral uninvolved,134
7147 A6 7147 A10,7147,A6,Contralateral uninvolved,135
7147 A6 7147 A10,7147,A6,Contralateral uninvolved,136
7147 A6 7147 A10,7147,A6,Contralateral uninvolved,137
7147 A6 7147 A10,7147,A6,Contralateral uninvolved,138
7147 A6 7147 A10,7147,A6,Contralateral uninvolved,139
7147 A6 7147 A10,7147,A6,Contralateral uninvolved,140
7147 A6 7147 A10,7147,A6,Contralateral uninvolved,141
7147 A6 7147 A10,7147,A6,Contralateral uninvolved,142
7147 A6 7147 A10,7147,A6,Contralateral uninvolved,143
7147 A6 7147 A10,7147,A6,Contralateral uninvolved,144
7147 A6 7147 A10,7147,A6,Contralateral uninvolved,145
7147 A6 7147 A10,7147,A6,Contralateral uninvolved,146
7147 A6 7147 A10,7147,A6,Contralateral uninvolved,147
7147 A6 7147 A10,7147,A6,Contralateral uninvolved,148
7147 A6 7147 A10,7147,A6,Contralateral uninvolved,149
7147 A6 7147 A10,7147,A6,Contralateral uninvolved,150
7147 A6 7147 A10,7147,A6,Contralateral uninvolved,151
7147 A6 7147 A10,7147,A6,Contralateral uninvolved,152
7147 A6 7147 A10,7147,A6,Contralateral uninvolved,153
7147 A6 7147 A10,7147,A6,Contralateral uninvolved,154
7147 A6 7147 A10,7147,A6,Contralateral uninvolved,155
7147 A6 7147 A10,7147,A6,Contralateral uninvolved,156
7147 A6 7147 A10,7147,A6,Contralateral uninvolved,157
7147 A6 7147 A10,7147,A6,Contralateral uninvolved,158
7147 A6 7147 A10,7147,A6,Contralateral uninvolved,159
7147 A6 7147 A10,7147,A6,Contralateral uninvolved,160
7147 A6 7147 A10,7147,A6,Contralateral uninvolved,161
7147 A6 7147 A10,7147,A6,Contralateral uninvolved,162
7147 A6 7147 A10,7147,A6,Contralateral uninvolved,163
7147 A6 7147 A10,7147,A6,Contralateral uninvolved,164
7147 A6 7147 A10,7147,A6,Contralateral uninvolved,165
7147 A6 7147 A10,7147,A6,Contralateral uninvolved,166
7147 A6 7147 A10,7147,A6,Contralateral uninvolved,167
7147 A6 7147 A10,7147,A6,Contralateral uninvolved,168
7147 A6 7147 A10,7147,A6,Contralateral uninvolved,169
7147 A6 7147 A10,7147,A6,Contralateral uninvolved,170
7147 A6 7147 A10,7147,A6,Contralateral uninvolved,171
7147 A6 7147 A10,7147,A6,Contralateral uninvolved,172
7147 A6 7147 A10,7147,A6,Contralateral uninvolved,173
7147 A6 7147 A10,7147,A6,Contralateral uninvolved,174
7147 A6 7147 A10,7147,A6,Contralateral uninvolved,175
7147 A6 7147 A10,7147,A6,Contralateral uninvolved,176
7147 A6 7147 A10,7147,A6,Contralateral uninvolved,177
7147 A6 7147 A10,7147,A6,Contralateral uninvolved,178
7147 A6 7147 A10,7147,A6,Contralateral uninvolved,179
7147 A6 7147 A10,7147,A6,Contralateral uninvolved,180
7147 A6 7147 A10,7147,A6,Contralateral uninvolved,181
7147 A6 7147 A10,7147,A6,Contralateral uninvolved,182
7147 A6 7147 A10,7147,A6,Contralateral uninvolved,183
7147 A6 7147 A10,7147,A6,Contralateral uninvolved,184
7147 A6 7147 A10,7147,A6,Contralateral uninvolved,185
7147 A6 7147 A10,7147,A6,Contralateral uninvolved,186
7147 A6 7147 A10,7147,A6,Contralateral uninvolved,187
7147 A6 7147 A10,7147,A6,Contralateral uninvolved,188
7147 A6 7147 A10,7147,A6,Contralateral uninvolved,189
7147 A6 7147 A10,7147,A6,Contralateral uninvolved,190
7147 A6 7147 A10,7147,A6,Contralateral uninvolved,191
7147 A6 7147 A10,7147,A6,Contralateral uninvolved,192
7147 A6 7147 A10,7147,A6,Contralateral uninvolved,193
7147 A6 7147 A10,7147,A6,Contralateral uninvolved,194
7147 A6 7147 A10,7147,A6,Contralateral uninvolved,195
7147 A6 7147 A10,7147,A6,Contralateral uninvolved,196
7147 A6 7147 A10,7147,A6,Contralateral uninvolved,197
7147 A6 7147 A10,7147,A6,Contralateral uninvolved,198
7147 A6 7147 A10,7147,A6,Contralateral uninvolved,199
7147 A6 7147 A10,7147,A6,Contralateral uninvolved,200
7243 A7 7147 A1,7147,A1,Infiltrating edge,101
7243 A7 7147 A1,7147,A1,Infiltrating edge,102
7243 A7 7147 A1,7147,A1,Infiltrating edge,103
7243 A7 7147 A1,7147,A1,Infiltrating edge,104
7243 A7 7147 A1,7147,A1,Infiltrating edge,105
7243 A7 7147 A1,7147,A1,Infiltrating edge,106
7243 A7 7147 A1,7147,A1,Infiltrating edge,107
7243 A7 7147 A1,7147,A1,Infiltrating edge,108
7243 A7 7147 A1,7147,A1,Infiltrating edge,109
7243 A7 7147 A1,7147,A1,Infiltrating edge,110
7243 A7 7147 A1,7147,A1,Infiltrating edge,111
7243 A7 7147 A1,7147,A1,Infiltrating edge,112
7243 A7 7147 A1,7147,A1,Infiltrating edge,113
7243 A7 7147 A1,7147,A1,Infiltrating edge,114
7243 A7 7147 A1,7147,A1,Infiltrating edge,115
7243 A7 7147 A1,7147,A1,Infiltrating edge,116
7243 A7 7147 A1,7147,A1,Infiltrating edge,117
7243 A7 7147 A1,7147,A1,Infiltrating edge,118
7243 A7 7147 A1,7147,A1,Infiltrating edge,119
7243 A7 7147 A1,7147,A1,Infiltrating edge,120
7243 A7 7147 A1,7147,A1,Infiltrating edge,121
7243 A7 7147 A1,7147,A1,Infiltrating edge,122
7243 A7 7147 A1,7147,A1,Infiltrating edge,123
7243 A7 7147 A1,7147,A1,Infiltrating edge,124
7243 A7 7147 A1,7147,A1,Infiltrating edge,125
7243 A7 7147 A1,7147,A1,Infiltrating edge,126
7243 A7 7147 A1,7147,A1,Infiltrating edge,127
7243 A7 7147 A1,7147,A1,Infiltrating edge,128
7243 A7 7147 A1,7147,A1,Infiltrating edge,129
7243 A7 7147 A1,7147,A1,Infiltrating edge,130
7243 A7 7147 A1,7147,A1,Infiltrating edge,131
7243 A7 7147 A1,7147,A1,Infiltrating edge,132
7243 A7 7147 A1,7147,A1,Infiltrating edge,133
7243 A7 7147 A1,7147,A1,Infiltrating edge,134
7243 A7 7147 A1,7147,A1,Infiltrating edge,135
7243 A7 7147 A1,7147,A1,Infiltrating edge,136
7243 A7 7147 A1,7147,A1,Infiltrating edge,137
7243 A7 7147 A1,7147,A1,Infiltrating edge,138
7243 A7 7147 A1,7147,A1,Infiltrating edge,139
7243 A7 7147 A1,7147,A1,Infiltrating edge,140
7243 A7 7147 A1,7147,A1,Infiltrating edge,141
7243 A7 7147 A1,7147,A1,Infiltrating edge,142
7243 A7 7147 A1,7147,A1,Infiltrating edge,143
7243 A7 7147 A1,7147,A1,Infiltrating edge,144
7243 A7 7147 A1,7147,A1,Infiltrating edge,145
7243 A7 7147 A1,7147,A1,Infiltrating edge,146
7243 A7 7147 A1,7147,A1,Infiltrating edge,147
7243 A7 7147 A1,7147,A1,Infiltrating edge,148
7243 A7 7147 A1,7147,A1,Infiltrating edge,149
7243 A7 7147 A1,7147,A1,Infiltrating edge,150
7243 A7 7147 A1,7147,A1,Infiltrating edge,151
7243 A7 7147 A1,7147,A1,Infiltrating edge,152
7243 A7 7147 A1,7147,A1,Infiltrating edge,153
7243 A7 7147 A1,7147,A1,Infiltrating edge,154
7243 A7 7147 A1,7147,A1,Infiltrating edge,155
7243 A7 7147 A1,7147,A1,Infiltrating edge,156
7243 A7 7147 A1,7147,A1,Infiltrating edge,157
7243 A7 7147 A1,7147,A1,Infiltrating edge,158
7243 A7 7147 A1,7147,A1,Infiltrating edge,159
7243 A7 7147 A1,7147,A1,Infiltrating edge,160
7243 A7 7147 A1,7147,A1,Infiltrating edge,161
7243 A7 7147 A1,7147,A1,Infiltrating edge,162
7243 A7 7147 A1,7147,A1,Infiltrating edge,163
7243 A7 7147 A1,7147,A1,Infiltrating edge,164
7243 A7 7147 A1,7147,A1,Infiltrating edge,165
7243 A7 7147 A1,7147,A1,Infiltrating edge,166
7243 A7 7147 A1,7147,A1,Infiltrating edge,167
7243 A7 7147 A1,7147,A1,Infiltrating edge,168
7243 A7 7147 A1,7147,A1,Infiltrating edge,169
7243 A7 7147 A1,7147,A1,Infiltrating edge,170
7243 A7 7147 A1,7147,A1,Infiltrating edge,171
7243 A7 7147 A1,7147,A1,Infiltrating edge,172
7243 A7 7147 A1,7147,A1,Infiltrating edge,173
7243 A7 7147 A1,7147,A1,Infiltrating edge,174
7243 A7 7147 A1,7147,A1,Infiltrating edge,175
7243 A7 7147 A1,7147,A1,Infiltrating edge,176
7243 A7 7147 A1,7147,A1,Infiltrating edge,177
7243 A7 7147 A1,7147,A1,Infiltrating edge,178
7243 A7 7147 A1,7147,A1,Infiltrating edge,179
7243 A7 7147 A1,7147,A1,Infiltrating edge,180
7243 A7 7147 A1,7147,A1,Infiltrating edge,181
7243 A7 7147 A1,7147,A1,Infiltrating edge,182
7243 A7 7147 A1,7147,A1,Infiltrating edge,183
7243 A7 7147 A1,7147,A1,Infiltrating edge,184
7243 A7 7147 A1,7147,A1,Infiltrating edge,185
7243 A7 7147 A1,7147,A1,Infiltrating edge,186
7243 A7 7147 A1,7147,A1,Infiltrating edge,187
7243 A7 7147 A1,7147,A1,Infiltrating edge,188
7243 A7 7147 A1,7147,A1,Infiltrating edge,189
7243 A7 7147 A1,7147,A1,Infiltrating edge,190
7243 A7 7147 A1,7147,A1,Infiltrating edge,191
7243 A7 7147 A1,7147,A1,Infiltrating edge,192
7243 A7 7147 A1,7147,A1,Infiltrating edge,193
7243 A7 7147 A1,7147,A1,Infiltrating edge,194
7243 A7 7147 A1,7147,A1,Infiltrating edge,195
7243 A7 7147 A1,7147,A1,Infiltrating edge,196
7243 A7 7147 A1,7147,A1,Infiltrating edge,197
7243 A7 7147 A1,7147,A1,Infiltrating edge,198
7243 A7 7147 A1,7147,A1,Infiltrating edge,199
7243 A7 7147 A1,7147,A1,Infiltrating edge,200
7243 A7 7147 A1,7243,A7,Contralateral uninvolved,1
7243 A7 7147 A1,7243,A7,Contralateral uninvolved,2
7243 A7 7147 A1,7243,A7,Contralateral uninvolved,3
7243 A7 7147 A1,7243,A7,Contralateral uninvolved,4
7243 A7 7147 A1,7243,A7,Contralateral uninvolved,5
7243 A7 7147 A1,7243,A7,Contralateral uninvolved,6
7243 A7 7147 A1,7243,A7,Contralateral uninvolved,7
7243 A7 7147 A1,7243,A7,Contralateral uninvolved,8
7243 A7 7147 A1,7243,A7,Contralateral uninvolved,9
7243 A7 7147 A1,7243,A7,Contralateral uninvolved,10
7243 A7 7147 A1,7243,A7,Contralateral uninvolved,11
7243 A7 7147 A1,7243,A7,Contralateral uninvolved,12
7243 A7 7147 A1,7243,A7,Contralateral uninvolved,13
7243 A7 7147 A1,7243,A7,Contralateral uninvolved,14
7243 A7 7147 A1,7243,A7,Contralateral uninvolved,15
7243 A7 7147 A1,7243,A7,Contralateral uninvolved,16
7243 A7 7147 A1,7243,A7,Contralateral uninvolved,17
7243 A7 7147 A1,7243,A7,Contralateral uninvolved,18
7243 A7 7147 A1,7243,A7,Contralateral uninvolved,19
7243 A7 7147 A1,7243,A7,Contralateral uninvolved,20
7243 A7 7147 A1,7243,A7,Contralateral uninvolved,21
7243 A7 7147 A1,7243,A7,Contralateral uninvolved,22
7243 A7 7147 A1,7243,A7,Contralateral uninvolved,23
7243 A7 7147 A1,7243,A7,Contralateral uninvolved,24
7243 A7 7147 A1,7243,A7,Contralateral uninvolved,25
7243 A7 7147 A1,7243,A7,Contralateral uninvolved,26
7243 A7 7147 A1,7243,A7,Contralateral uninvolved,27
7243 A7 7147 A1,7243,A7,Contralateral uninvolved,28
7243 A7 7147 A1,7243,A7,Contralateral uninvolved,29
7243 A7 7147 A1,7243,A7,Contralateral uninvolved,30
7243 A7 7147 A1,7243,A7,Contralateral uninvolved,31
7243 A7 7147 A1,7243,A7,Contralateral uninvolved,32
7243 A7 7147 A1,7243,A7,Contralateral uninvolved,33
7243 A7 7147 A1,7243,A7,Contralateral uninvolved,34
7243 A7 7147 A1,7243,A7,Contralateral uninvolved,35
7243 A7 7147 A1,7243,A7,Contralateral uninvolved,36
7243 A7 7147 A1,7243,A7,Contralateral uninvolved,37
7243 A7 7147 A1,7243,A7,Contralateral uninvolved,38
7243 A7 7147 A1,7243,A7,Contralateral uninvolved,39
7243 A7 7147 A1,7243,A7,Contralateral uninvolved,40
7243 A7 7147 A1,7243,A7,Contralateral uninvolved,41
7243 A7 7147 A1,7243,A7,Contralateral uninvolved,42
7243 A7 7147 A1,7243,A7,Contralateral uninvolved,43
7243 A7 7147 A1,7243,A7,Contralateral uninvolved,44
7243 A7 7147 A1,7243,A7,Contralateral uninvolved,45
7243 A7 7147 A1,7243,A7,Contralateral uninvolved,46
7243 A7 7147 A1,7243,A7,Contralateral uninvolved,47
7243 A7 7147 A1,7243,A7,Contralateral uninvolved,48
7243 A7 7147 A1,7243,A7,Contralateral uninvolved,49
7243 A7 7147 A1,7243,A7,Contralateral uninvolved,50
7243 A7 7147 A1,7243,A7,Contralateral uninvolved,51
7243 A7 7147 A1,7243,A7,Contralateral uninvolved,52
7243 A7 7147 A1,7243,A7,Contralateral uninvolved,53
7243 A7 7147 A1,7243,A7,Contralateral uninvolved,54
7243 A7 7147 A1,7243,A7,Contralateral uninvolved,55
7243 A7 7147 A1,7243,A7,Contralateral uninvolved,56
7243 A7 7147 A1,7243,A7,Contralateral uninvolved,57
7243 A7 7147 A1,7243,A7,Contralateral uninvolved,58
7243 A7 7147 A1,7243,A7,Contralateral uninvolved,59
7243 A7 7147 A1,7243,A7,Contralateral uninvolved,60
7243 A7 7147 A1,7243,A7,Contralateral uninvolved,61
7243 A7 7147 A1,7243,A7,Contralateral uninvolved,62
7243 A7 7147 A1,7243,A7,Contralateral uninvolved,63
7243 A7 7147 A1,7243,A7,Contralateral uninvolved,64
7243 A7 7147 A1,7243,A7,Contralateral uninvolved,65
7243 A7 7147 A1,7243,A7,Contralateral uninvolved,66
7243 A7 7147 A1,7243,A7,Contralateral uninvolved,67
7243 A7 7147 A1,7243,A7,Contralateral uninvolved,68
7243 A7 7147 A1,7243,A7,Contralateral uninvolved,69
7243 A7 7147 A1,7243,A7,Contralateral uninvolved,70
7243 A7 7147 A1,7243,A7,Contralateral uninvolved,71
7243 A7 7147 A1,7243,A7,Contralateral uninvolved,72
7243 A7 7147 A1,7243,A7,Contralateral uninvolved,73
7243 A7 7147 A1,7243,A7,Contralateral uninvolved,74
7243 A7 7147 A1,7243,A7,Contralateral uninvolved,75
7243 A7 7147 A1,7243,A7,Contralateral uninvolved,76
7243 A7 7147 A1,7243,A7,Contralateral uninvolved,77
7243 A7 7147 A1,7243,A7,Contralateral uninvolved,78
7243 A7 7147 A1,7243,A7,Contralateral uninvolved,79
7243 A7 7147 A1,7243,A7,Contralateral uninvolved,80
7243 A7 7147 A1,7243,A7,Contralateral uninvolved,81
7243 A7 7147 A1,7243,A7,Contralateral uninvolved,82
7243 A7 7147 A1,7243,A7,Contralateral uninvolved,83
7243 A7 7147 A1,7243,A7,Contralateral uninvolved,84
7243 A7 7147 A1,7243,A7,Contralateral uninvolved,85
7243 A7 7147 A1,7243,A7,Contralateral uninvolved,86
7243 A7 7147 A1,7243,A7,Contralateral uninvolved,87
7243 A7 7147 A1,7243,A7,Contralateral uninvolved,88
7243 A7 7147 A1,7243,A7,Contralateral uninvolved,89
7243 A7 7147 A1,7243,A7,Contralateral uninvolved,90
7243 A7 7147 A1,7243,A7,Contralateral uninvolved,91
7243 A7 7147 A1,7243,A7,Contralateral uninvolved,92
7243 A7 7147 A1,7243,A7,Contralateral uninvolved,93
7243 A7 7147 A1,7243,A7,Contralateral uninvolved,94
7243 A7 7147 A1,7243,A7,Contralateral uninvolved,95
7243 A7 7147 A1,7243,A7,Contralateral uninvolved,96
7243 A7 7147 A1,7243,A7,Contralateral uninvolved,97
7243 A7 7147 A1,7243,A7,Contralateral uninvolved,98
7243 A7 7147 A1,7243,A7,Contralateral uninvolved,99
7243 A7 7147 A1,7243,A7,Contralateral uninvolved,100
7243 G3 7332 A7,7243,G3,Infiltrating edge,101
7243 G3 7332 A7,7243,G3,Infiltrating edge,102
7243 G3 7332 A7,7243,G3,Infiltrating edge,103
7243 G3 7332 A7,7243,G3,Infiltrating edge,104
7243 G3 7332 A7,7243,G3,Infiltrating edge,105
7243 G3 7332 A7,7243,G3,Infiltrating edge,106
7243 G3 7332 A7,7243,G3,Infiltrating edge,107
7243 G3 7332 A7,7243,G3,Infiltrating edge,108
7243 G3 7332 A7,7243,G3,Infiltrating edge,109
7243 G3 7332 A7,7243,G3,Infiltrating edge,110
7243 G3 7332 A7,7243,G3,Infiltrating edge,111
7243 G3 7332 A7,7243,G3,Infiltrating edge,112
7243 G3 7332 A7,7243,G3,Infiltrating edge,113
7243 G3 7332 A7,7243,G3,Infiltrating edge,114
7243 G3 7332 A7,7243,G3,Infiltrating edge,115
7243 G3 7332 A7,7243,G3,Infiltrating edge,116
7243 G3 7332 A7,7243,G3,Infiltrating edge,117
7243 G3 7332 A7,7243,G3,Infiltrating edge,118
7243 G3 7332 A7,7243,G3,Infiltrating edge,119
7243 G3 7332 A7,7243,G3,Infiltrating edge,120
7243 G3 7332 A7,7243,G3,Infiltrating edge,121
7243 G3 7332 A7,7243,G3,Infiltrating edge,122
7243 G3 7332 A7,7243,G3,Infiltrating edge,123
7243 G3 7332 A7,7243,G3,Infiltrating edge,124
7243 G3 7332 A7,7243,G3,Infiltrating edge,125
7243 G3 7332 A7,7243,G3,Infiltrating edge,126
7243 G3 7332 A7,7243,G3,Infiltrating edge,127
7243 G3 7332 A7,7243,G3,Infiltrating edge,128
7243 G3 7332 A7,7243,G3,Infiltrating edge,129
7243 G3 7332 A7,7243,G3,Infiltrating edge,130
7243 G3 7332 A7,7243,G3,Infiltrating edge,131
7243 G3 7332 A7,7243,G3,Infiltrating edge,132
7243 G3 7332 A7,7243,G3,Infiltrating edge,133
7243 G3 7332 A7,7243,G3,Infiltrating edge,134
7243 G3 7332 A7,7243,G3,Infiltrating edge,135
7243 G3 7332 A7,7243,G3,Infiltrating edge,136
7243 G3 7332 A7,7243,G3,Infiltrating edge,137
7243 G3 7332 A7,7243,G3,Infiltrating edge,138
7243 G3 7332 A7,7243,G3,Infiltrating edge,139
7243 G3 7332 A7,7243,G3,Infiltrating edge,140
7243 G3 7332 A7,7243,G3,Infiltrating edge,141
7243 G3 7332 A7,7243,G3,Infiltrating edge,142
7243 G3 7332 A7,7243,G3,Infiltrating edge,143
7243 G3 7332 A7,7243,G3,Infiltrating edge,144
7243 G3 7332 A7,7243,G3,Infiltrating edge,145
7243 G3 7332 A7,7243,G3,Infiltrating edge,146
7243 G3 7332 A7,7243,G3,Infiltrating edge,147
7243 G3 7332 A7,7243,G3,Infiltrating edge,148
7243 G3 7332 A7,7243,G3,Infiltrating edge,149
7243 G3 7332 A7,7243,G3,Infiltrating edge,150
7243 G3 7332 A7,7243,G3,Infiltrating edge,151
7243 G3 7332 A7,7243,G3,Infiltrating edge,152
7243 G3 7332 A7,7243,G3,Infiltrating edge,153
7243 G3 7332 A7,7243,G3,Infiltrating edge,154
7243 G3 7332 A7,7243,G3,Infiltrating edge,155
7243 G3 7332 A7,7243,G3,Infiltrating edge,156
7243 G3 7332 A7,7243,G3,Infiltrating edge,157
7243 G3 7332 A7,7243,G3,Infiltrating edge,158
7243 G3 7332 A7,7243,G3,Infiltrating edge,159
7243 G3 7332 A7,7243,G3,Infiltrating edge,160
7243 G3 7332 A7,7243,G3,Infiltrating edge,161
7243 G3 7332 A7,7243,G3,Infiltrating edge,162
7243 G3 7332 A7,7243,G3,Infiltrating edge,163
7243 G3 7332 A7,7243,G3,Infiltrating edge,164
7243 G3 7332 A7,7243,G3,Infiltrating edge,165
7243 G3 7332 A7,7243,G3,Infiltrating edge,166
7243 G3 7332 A7,7243,G3,Infiltrating edge,167
7243 G3 7332 A7,7243,G3,Infiltrating edge,168
7243 G3 7332 A7,7243,G3,Infiltrating edge,169
7243 G3 7332 A7,7243,G3,Infiltrating edge,170
7243 G3 7332 A7,7243,G3,Infiltrating edge,171
7243 G3 7332 A7,7243,G3,Infiltrating edge,172
7243 G3 7332 A7,7243,G3,Infiltrating edge,173
7243 G3 7332 A7,7243,G3,Infiltrating edge,174
7243 G3 7332 A7,7243,G3,Infiltrating edge,175
7243 G3 7332 A7,7243,G3,Infiltrating edge,176
7243 G3 7332 A7,7243,G3,Infiltrating edge,177
7243 G3 7332 A7,7243,G3,Infiltrating edge,178
7243 G3 7332 A7,7243,G3,Infiltrating edge,179
7243 G3 7332 A7,7243,G3,Infiltrating edge,180
7243 G3 7332 A7,7243,G3,Infiltrating edge,181
7243 G3 7332 A7,7243,G3,Infiltrating edge,182
7243 G3 7332 A7,7243,G3,Infiltrating edge,183
7243 G3 7332 A7,7243,G3,Infiltrating edge,184
7243 G3 7332 A7,7243,G3,Infiltrating edge,185
7243 G3 7332 A7,7243,G3,Infiltrating edge,186
7243 G3 7332 A7,7243,G3,Infiltrating edge,187
7243 G3 7332 A7,7243,G3,Infiltrating edge,188
7243 G3 7332 A7,7243,G3,Infiltrating edge,189
7243 G3 7332 A7,7243,G3,Infiltrating edge,190
7243 G3 7332 A7,7243,G3,Infiltrating edge,191
7243 G3 7332 A7,7243,G3,Infiltrating edge,192
7243 G3 7332 A7,7243,G3,Infiltrating edge,193
7243 G3 7332 A7,7243,G3,Infiltrating edge,194
7243 G3 7332 A7,7243,G3,Infiltrating edge,195
7243 G3 7332 A7,7243,G3,Infiltrating edge,196
7243 G3 7332 A7,7243,G3,Infiltrating edge,197
7243 G3 7332 A7,7243,G3,Infiltrating edge,198
7243 G3 7332 A7,7243,G3,Infiltrating edge,199
7243 G3 7332 A7,7243,G3,Infiltrating edge,200
7243 G3 7332 A7,7332,A7,Contralateral uninvolved,1
7243 G3 7332 A7,7332,A7,Contralateral uninvolved,2
7243 G3 7332 A7,7332,A7,Contralateral uninvolved,3
7243 G3 7332 A7,7332,A7,Contralateral uninvolved,4
7243 G3 7332 A7,7332,A7,Contralateral uninvolved,5
7243 G3 7332 A7,7332,A7,Contralateral uninvolved,6
7243 G3 7332 A7,7332,A7,Contralateral uninvolved,7
7243 G3 7332 A7,7332,A7,Contralateral uninvolved,8
7243 G3 7332 A7,7332,A7,Contralateral uninvolved,9
7243 G3 7332 A7,7332,A7,Contralateral uninvolved,10
7243 G3 7332 A7,7332,A7,Contralateral uninvolved,11
7243 G3 7332 A7,7332,A7,Contralateral uninvolved,12
7243 G3 7332 A7,7332,A7,Contralateral uninvolved,13
7243 G3 7332 A7,7332,A7,Contralateral uninvolved,14
7243 G3 7332 A7,7332,A7,Contralateral uninvolved,15
7243 G3 7332 A7,7332,A7,Contralateral uninvolved,16
7243 G3 7332 A7,7332,A7,Contralateral uninvolved,17
7243 G3 7332 A7,7332,A7,Contralateral uninvolved,18
7243 G3 7332 A7,7332,A7,Contralateral uninvolved,19
7243 G3 7332 A7,7332,A7,Contralateral uninvolved,20
7243 G3 7332 A7,7332,A7,Contralateral uninvolved,21
7243 G3 7332 A7,7332,A7,Contralateral uninvolved,22
7243 G3 7332 A7,7332,A7,Contralateral uninvolved,23
7243 G3 7332 A7,7332,A7,Contralateral uninvolved,24
7243 G3 7332 A7,7332,A7,Contralateral uninvolved,25
7243 G3 7332 A7,7332,A7,Contralateral uninvolved,26
7243 G3 7332 A7,7332,A7,Contralateral uninvolved,27
7243 G3 7332 A7,7332,A7,Contralateral uninvolved,28
7243 G3 7332 A7,7332,A7,Contralateral uninvolved,29
7243 G3 7332 A7,7332,A7,Contralateral uninvolved,30
7243 G3 7332 A7,7332,A7,Contralateral uninvolved,31
7243 G3 7332 A7,7332,A7,Contralateral uninvolved,32
7243 G3 7332 A7,7332,A7,Contralateral uninvolved,33
7243 G3 7332 A7,7332,A7,Contralateral uninvolved,34
7243 G3 7332 A7,7332,A7,Contralateral uninvolved,35
7243 G3 7332 A7,7332,A7,Contralateral uninvolved,36
7243 G3 7332 A7,7332,A7,Contralateral uninvolved,37
7243 G3 7332 A7,7332,A7,Contralateral uninvolved,38
7243 G3 7332 A7,7332,A7,Contralateral uninvolved,39
7243 G3 7332 A7,7332,A7,Contralateral uninvolved,40
7243 G3 7332 A7,7332,A7,Contralateral uninvolved,41
7243 G3 7332 A7,7332,A7,Contralateral uninvolved,42
7243 G3 7332 A7,7332,A7,Contralateral uninvolved,43
7243 G3 7332 A7,7332,A7,Contralateral uninvolved,44
7243 G3 7332 A7,7332,A7,Contralateral uninvolved,45
7243 G3 7332 A7,7332,A7,Contralateral uninvolved,46
7243 G3 7332 A7,7332,A7,Contralateral uninvolved,47
7243 G3 7332 A7,7332,A7,Contralateral uninvolved,48
7243 G3 7332 A7,7332,A7,Contralateral uninvolved,49
7243 G3 7332 A7,7332,A7,Contralateral uninvolved,50
7243 G3 7332 A7,7332,A7,Contralateral uninvolved,51
7243 G3 7332 A7,7332,A7,Contralateral uninvolved,52
7243 G3 7332 A7,7332,A7,Contralateral uninvolved,53
7243 G3 7332 A7,7332,A7,Contralateral uninvolved,54
7243 G3 7332 A7,7332,A7,Contralateral uninvolved,55
7243 G3 7332 A7,7332,A7,Contralateral uninvolved,56
7243 G3 7332 A7,7332,A7,Contralateral uninvolved,57
7243 G3 7332 A7,7332,A7,Contralateral uninvolved,58
7243 G3 7332 A7,7332,A7,Contralateral uninvolved,59
7243 G3 7332 A7,7332,A7,Contralateral uninvolved,60
7243 G3 7332 A7,7332,A7,Contralateral uninvolved,61
7243 G3 7332 A7,7332,A7,Contralateral uninvolved,62
7243 G3 7332 A7,7332,A7,Contralateral uninvolved,63
7243 G3 7332 A7,7332,A7,Contralateral uninvolved,64
7243 G3 7332 A7,7332,A7,Contralateral uninvolved,65
7243 G3 7332 A7,7332,A7,Contralateral uninvolved,66
7243 G3 7332 A7,7332,A7,Contralateral uninvolved,67
7243 G3 7332 A7,7332,A7,Contralateral uninvolved,68
7243 G3 7332 A7,7332,A7,Contralateral uninvolved,69
7243 G3 7332 A7,7332,A7,Contralateral uninvolved,70
7243 G3 7332 A7,7332,A7,Contralateral uninvolved,71
7243 G3 7332 A7,7332,A7,Contralateral uninvolved,72
7243 G3 7332 A7,7332,A7,Contralateral uninvolved,73
7243 G3 7332 A7,7332,A7,Contralateral uninvolved,74
7243 G3 7332 A7,7332,A7,Contralateral uninvolved,75
7243 G3 7332 A7,7332,A7,Contralateral uninvolved,76
7243 G3 7332 A7,7332,A7,Contralateral uninvolved,77
7243 G3 7332 A7,7332,A7,Contralateral uninvolved,78
7243 G3 7332 A7,7332,A7,Contralateral uninvolved,79
7243 G3 7332 A7,7332,A7,Contralateral uninvolved,80
7243 G3 7332 A7,7332,A7,Contralateral uninvolved,81
7243 G3 7332 A7,7332,A7,Contralateral uninvolved,82
7243 G3 7332 A7,7332,A7,Contralateral uninvolved,83
7243 G3 7332 A7,7332,A7,Contralateral uninvolved,84
7243 G3 7332 A7,7332,A7,Contralateral uninvolved,85
7243 G3 7332 A7,7332,A7,Contralateral uninvolved,86
7243 G3 7332 A7,7332,A7,Contralateral uninvolved,87
7243 G3 7332 A7,7332,A7,Contralateral uninvolved,88
7243 G3 7332 A7,7332,A7,Contralateral uninvolved,89
7243 G3 7332 A7,7332,A7,Contralateral uninvolved,90
7243 G3 7332 A7,7332,A7,Contralateral uninvolved,91
7243 G3 7332 A7,7332,A7,Contralateral uninvolved,92
7243 G3 7332 A7,7332,A7,Contralateral uninvolved,93
7243 G3 7332 A7,7332,A7,Contralateral uninvolved,94
7243 G3 7332 A7,7332,A7,Contralateral uninvolved,95
7243 G3 7332 A7,7332,A7,Contralateral uninvolved,96
7243 G3 7332 A7,7332,A7,Contralateral uninvolved,97
7243 G3 7332 A7,7332,A7,Contralateral uninvolved,98
7243 G3 7332 A7,7332,A7,Contralateral uninvolved,99
7243 G3 7332 A7,7332,A7,Contralateral uninvolved,100
7243 G4 7971 G2,7243,G4,Tumor bulk,101
7243 G4 7971 G2,7243,G4,Tumor bulk,102
7243 G4 7971 G2,7243,G4,Tumor bulk,103
7243 G4 7971 G2,7243,G4,Tumor bulk,104
7243 G4 7971 G2,7243,G4,Tumor bulk,105
7243 G4 7971 G2,7243,G4,Tumor bulk,106
7243 G4 7971 G2,7243,G4,Tumor bulk,107
7243 G4 7971 G2,7243,G4,Tumor bulk,108
7243 G4 7971 G2,7243,G4,Tumor bulk,109
7243 G4 7971 G2,7243,G4,Tumor bulk,110
7243 G4 7971 G2,7243,G4,Tumor bulk,111
7243 G4 7971 G2,7243,G4,Tumor bulk,112
7243 G4 7971 G2,7243,G4,Tumor bulk,113
7243 G4 7971 G2,7243,G4,Tumor bulk,114
7243 G4 7971 G2,7243,G4,Tumor bulk,115
7243 G4 7971 G2,7243,G4,Tumor bulk,116
7243 G4 7971 G2,7243,G4,Tumor bulk,117
7243 G4 7971 G2,7243,G4,Tumor bulk,118
7243 G4 7971 G2,7243,G4,Tumor bulk,119
7243 G4 7971 G2,7243,G4,Tumor bulk,120
7243 G4 7971 G2,7243,G4,Tumor bulk,121
7243 G4 7971 G2,7243,G4,Tumor bulk,122
7243 G4 7971 G2,7243,G4,Tumor bulk,123
7243 G4 7971 G2,7243,G4,Tumor bulk,124
7243 G4 7971 G2,7243,G4,Tumor bulk,125
7243 G4 7971 G2,7243,G4,Tumor bulk,126
7243 G4 7971 G2,7243,G4,Tumor bulk,127
7243 G4 7971 G2,7243,G4,Tumor bulk,128
7243 G4 7971 G2,7243,G4,Tumor bulk,129
7243 G4 7971 G2,7243,G4,Tumor bulk,130
7243 G4 7971 G2,7243,G4,Tumor bulk,131
7243 G4 7971 G2,7243,G4,Tumor bulk,132
7243 G4 7971 G2,7243,G4,Tumor bulk,133
7243 G4 7971 G2,7243,G4,Tumor bulk,134
7243 G4 7971 G2,7243,G4,Tumor bulk,135
7243 G4 7971 G2,7243,G4,Tumor bulk,136
7243 G4 7971 G2,7243,G4,Tumor bulk,137
7243 G4 7971 G2,7243,G4,Tumor bulk,138
7243 G4 7971 G2,7243,G4,Tumor bulk,139
7243 G4 7971 G2,7243,G4,Tumor bulk,140
7243 G4 7971 G2,7243,G4,Tumor bulk,141
7243 G4 7971 G2,7243,G4,Tumor bulk,142
7243 G4 7971 G2,7243,G4,Tumor bulk,143
7243 G4 7971 G2,7243,G4,Tumor bulk,144
7243 G4 7971 G2,7243,G4,Tumor bulk,145
7243 G4 7971 G2,7243,G4,Tumor bulk,146
7243 G4 7971 G2,7243,G4,Tumor bulk,147
7243 G4 7971 G2,7243,G4,Tumor bulk,148
7243 G4 7971 G2,7243,G4,Tumor bulk,149
7243 G4 7971 G2,7243,G4,Tumor bulk,150
7243 G4 7971 G2,7243,G4,Tumor bulk,151
7243 G4 7971 G2,7243,G4,Tumor bulk,152
7243 G4 7971 G2,7243,G4,Tumor bulk,153
7243 G4 7971 G2,7243,G4,Tumor bulk,154
7243 G4 7971 G2,7243,G4,Tumor bulk,155
7243 G4 7971 G2,7243,G4,Tumor bulk,156
7243 G4 7971 G2,7243,G4,Tumor bulk,157
7243 G4 7971 G2,7243,G4,Tumor bulk,158
7243 G4 7971 G2,7243,G4,Tumor bulk,159
7243 G4 7971 G2,7243,G4,Tumor bulk,160
7243 G4 7971 G2,7243,G4,Tumor bulk,161
7243 G4 7971 G2,7243,G4,Tumor bulk,162
7243 G4 7971 G2,7243,G4,Tumor bulk,163
7243 G4 7971 G2,7243,G4,Tumor bulk,164
7243 G4 7971 G2,7243,G4,Tumor bulk,165
7243 G4 7971 G2,7243,G4,Tumor bulk,166
7243 G4 7971 G2,7243,G4,Tumor bulk,167
7243 G4 7971 G2,7243,G4,Tumor bulk,168
7243 G4 7971 G2,7243,G4,Tumor bulk,169
7243 G4 7971 G2,7243,G4,Tumor bulk,170
7243 G4 7971 G2,7243,G4,Tumor bulk,171
7243 G4 7971 G2,7243,G4,Tumor bulk,172
7243 G4 7971 G2,7243,G4,Tumor bulk,173
7243 G4 7971 G2,7243,G4,Tumor bulk,174
7243 G4 7971 G2,7243,G4,Tumor bulk,175
7243 G4 7971 G2,7243,G4,Tumor bulk,176
7243 G4 7971 G2,7243,G4,Tumor bulk,177
7243 G4 7971 G2,7243,G4,Tumor bulk,178
7243 G4 7971 G2,7243,G4,Tumor bulk,179
7243 G4 7971 G2,7243,G4,Tumor bulk,180
7243 G4 7971 G2,7243,G4,Tumor bulk,181
7243 G4 7971 G2,7243,G4,Tumor bulk,182
7243 G4 7971 G2,7243,G4,Tumor bulk,183
7243 G4 7971 G2,7243,G4,Tumor bulk,184
7243 G4 7971 G2,7243,G4,Tumor bulk,185
7243 G4 7971 G2,7243,G4,Tumor bulk,186
7243 G4 7971 G2,7243,G4,Tumor bulk,187
7243 G4 7971 G2,7243,G4,Tumor bulk,188
7243 G4 7971 G2,7243,G4,Tumor bulk,189
7243 G4 7971 G2,7243,G4,Tumor bulk,190
7243 G4 7971 G2,7243,G4,Tumor bulk,191
7243 G4 7971 G2,7243,G4,Tumor bulk,192
7243 G4 7971 G2,7243,G4,Tumor bulk,193
7243 G4 7971 G2,7243,G4,Tumor bulk,194
7243 G4 7971 G2,7243,G4,Tumor bulk,195
7243 G4 7971 G2,7243,G4,Tumor bulk,196
7243 G4 7971 G2,7243,G4,Tumor bulk,197
7243 G4 7971 G2,7243,G4,Tumor bulk,198
7243 G4 7971 G2,7243,G4,Tumor bulk,199
7243 G4 7971 G2,7243,G4,Tumor bulk,200
7243 G4 7971 G2,7971,G2,Infiltrating edge,1
7243 G4 7971 G2,7971,G2,Infiltrating edge,2
7243 G4 7971 G2,7971,G2,Infiltrating edge,3
7243 G4 7971 G2,7971,G2,Infiltrating edge,4
7243 G4 7971 G2,7971,G2,Infiltrating edge,5
7243 G4 7971 G2,7971,G2,Infiltrating edge,6
7243 G4 7971 G2,7971,G2,Infiltrating edge,7
7243 G4 7971 G2,7971,G2,Infiltrating edge,8
7243 G4 7971 G2,7971,G2,Infiltrating edge,9
7243 G4 7971 G2,7971,G2,Infiltrating edge,10
7243 G4 7971 G2,7971,G2,Infiltrating edge,11
7243 G4 7971 G2,7971,G2,Infiltrating edge,12
7243 G4 7971 G2,7971,G2,Infiltrating edge,13
7243 G4 7971 G2,7971,G2,Infiltrating edge,14
7243 G4 7971 G2,7971,G2,Infiltrating edge,15
7243 G4 7971 G2,7971,G2,Infiltrating edge,16
7243 G4 7971 G2,7971,G2,Infiltrating edge,17
7243 G4 7971 G2,7971,G2,Infiltrating edge,18
7243 G4 7971 G2,7971,G2,Infiltrating edge,19
7243 G4 7971 G2,7971,G2,Infiltrating edge,20
7243 G4 7971 G2,7971,G2,Infiltrating edge,21
7243 G4 7971 G2,7971,G2,Infiltrating edge,22
7243 G4 7971 G2,7971,G2,Infiltrating edge,23
7243 G4 7971 G2,7971,G2,Infiltrating edge,24
7243 G4 7971 G2,7971,G2,Infiltrating edge,25
7243 G4 7971 G2,7971,G2,Infiltrating edge,26
7243 G4 7971 G2,7971,G2,Infiltrating edge,27
7243 G4 7971 G2,7971,G2,Infiltrating edge,28
7243 G4 7971 G2,7971,G2,Infiltrating edge,29
7243 G4 7971 G2,7971,G2,Infiltrating edge,30
7243 G4 7971 G2,7971,G2,Infiltrating edge,31
7243 G4 7971 G2,7971,G2,Infiltrating edge,32
7243 G4 7971 G2,7971,G2,Infiltrating edge,33
7243 G4 7971 G2,7971,G2,Infiltrating edge,34
7243 G4 7971 G2,7971,G2,Infiltrating edge,35
7243 G4 7971 G2,7971,G2,Infiltrating edge,36
7243 G4 7971 G2,7971,G2,Infiltrating edge,37
7243 G4 7971 G2,7971,G2,Infiltrating edge,38
7243 G4 7971 G2,7971,G2,Infiltrating edge,39
7243 G4 7971 G2,7971,G2,Infiltrating edge,40
7243 G4 7971 G2,7971,G2,Infiltrating edge,41
7243 G4 7971 G2,7971,G2,Infiltrating edge,42
7243 G4 7971 G2,7971,G2,Infiltrating edge,43
7243 G4 7971 G2,7971,G2,Infiltrating edge,44
7243 G4 7971 G2,7971,G2,Infiltrating edge,45
7243 G4 7971 G2,7971,G2,Infiltrating edge,46
7243 G4 7971 G2,7971,G2,Infiltrating edge,47
7243 G4 7971 G2,7971,G2,Infiltrating edge,48
7243 G4 7971 G2,7971,G2,Infiltrating edge,49
7243 G4 7971 G2,7971,G2,Infiltrating edge,50
7243 G4 7971 G2,7971,G2,Infiltrating edge,51
7243 G4 7971 G2,7971,G2,Infiltrating edge,52
7243 G4 7971 G2,7971,G2,Infiltrating edge,53
7243 G4 7971 G2,7971,G2,Infiltrating edge,54
7243 G4 7971 G2,7971,G2,Infiltrating edge,55
7243 G4 7971 G2,7971,G2,Infiltrating edge,56
7243 G4 7971 G2,7971,G2,Infiltrating edge,57
7243 G4 7971 G2,7971,G2,Infiltrating edge,58
7243 G4 7971 G2,7971,G2,Infiltrating edge,59
7243 G4 7971 G2,7971,G2,Infiltrating edge,60
7243 G4 7971 G2,7971,G2,Infiltrating edge,61
7243 G4 7971 G2,7971,G2,Infiltrating edge,62
7243 G4 7971 G2,7971,G2,Infiltrating edge,63
7243 G4 7971 G2,7971,G2,Infiltrating edge,64
7243 G4 7971 G2,7971,G2,Infiltrating edge,65
7243 G4 7971 G2,7971,G2,Infiltrating edge,66
7243 G4 7971 G2,7971,G2,Infiltrating edge,67
7243 G4 7971 G2,7971,G2,Infiltrating edge,68
7243 G4 7971 G2,7971,G2,Infiltrating edge,69
7243 G4 7971 G2,7971,G2,Infiltrating edge,70
7243 G4 7971 G2,7971,G2,Infiltrating edge,71
7243 G4 7971 G2,7971,G2,Infiltrating edge,72
7243 G4 7971 G2,7971,G2,Infiltrating edge,73
7243 G4 7971 G2,7971,G2,Infiltrating edge,74
7243 G4 7971 G2,7971,G2,Infiltrating edge,75
7243 G4 7971 G2,7971,G2,Infiltrating edge,76
7243 G4 7971 G2,7971,G2,Infiltrating edge,77
7243 G4 7971 G2,7971,G2,Infiltrating edge,78
7243 G4 7971 G2,7971,G2,Infiltrating edge,79
7243 G4 7971 G2,7971,G2,Infiltrating edge,80
7243 G4 7971 G2,7971,G2,Infiltrating edge,81
7243 G4 7971 G2,7971,G2,Infiltrating edge,82
7243 G4 7971 G2,7971,G2,Infiltrating edge,83
7243 G4 7971 G2,7971,G2,Infiltrating edge,84
7243 G4 7971 G2,7971,G2,Infiltrating edge,85
7243 G4 7971 G2,7971,G2,Infiltrating edge,86
7243 G4 7971 G2,7971,G2,Infiltrating edge,87
7243 G4 7971 G2,7971,G2,Infiltrating edge,88
7243 G4 7971 G2,7971,G2,Infiltrating edge,89
7243 G4 7971 G2,7971,G2,Infiltrating edge,90
7243 G4 7971 G2,7971,G2,Infiltrating edge,91
7243 G4 7971 G2,7971,G2,Infiltrating edge,92
7243 G4 7971 G2,7971,G2,Infiltrating edge,93
7243 G4 7971 G2,7971,G2,Infiltrating edge,94
7243 G4 7971 G2,7971,G2,Infiltrating edge,95
7243 G4 7971 G2,7971,G2,Infiltrating edge,96
7243 G4 7971 G2,7971,G2,Infiltrating edge,97
7243 G4 7971 G2,7971,G2,Infiltrating edge,98
7243 G4 7971 G2,7971,G2,Infiltrating edge,99
7243 G4 7971 G2,7971,G2,Infiltrating edge,100
7329 A6 7822 A7,7329,A6,Contralateral uninvolved,110
7329 A6 7822 A7,7329,A6,Contralateral uninvolved,111
7329 A6 7822 A7,7329,A6,Contralateral uninvolved,112
7329 A6 7822 A7,7329,A6,Contralateral uninvolved,113
7329 A6 7822 A7,7329,A6,Contralateral uninvolved,114
7329 A6 7822 A7,7329,A6,Contralateral uninvolved,115
7329 A6 7822 A7,7329,A6,Contralateral uninvolved,116
7329 A6 7822 A7,7329,A6,Contralateral uninvolved,117
7329 A6 7822 A7,7329,A6,Contralateral uninvolved,118
7329 A6 7822 A7,7329,A6,Contralateral uninvolved,119
7329 A6 7822 A7,7329,A6,Contralateral uninvolved,120
7329 A6 7822 A7,7329,A6,Contralateral uninvolved,121
7329 A6 7822 A7,7329,A6,Contralateral uninvolved,122
7329 A6 7822 A7,7329,A6,Contralateral uninvolved,123
7329 A6 7822 A7,7329,A6,Contralateral uninvolved,124
7329 A6 7822 A7,7329,A6,Contralateral uninvolved,125
7329 A6 7822 A7,7329,A6,Contralateral uninvolved,126
7329 A6 7822 A7,7329,A6,Contralateral uninvolved,127
7329 A6 7822 A7,7329,A6,Contralateral uninvolved,128
7329 A6 7822 A7,7329,A6,Contralateral uninvolved,129
7329 A6 7822 A7,7329,A6,Contralateral uninvolved,130
7329 A6 7822 A7,7329,A6,Contralateral uninvolved,131
7329 A6 7822 A7,7329,A6,Contralateral uninvolved,132
7329 A6 7822 A7,7329,A6,Contralateral uninvolved,133
7329 A6 7822 A7,7329,A6,Contralateral uninvolved,134
7329 A6 7822 A7,7329,A6,Contralateral uninvolved,135
7329 A6 7822 A7,7329,A6,Contralateral uninvolved,136
7329 A6 7822 A7,7329,A6,Contralateral uninvolved,137
7329 A6 7822 A7,7329,A6,Contralateral uninvolved,138
7329 A6 7822 A7,7329,A6,Contralateral uninvolved,139
7329 A6 7822 A7,7329,A6,Contralateral uninvolved,140
7329 A6 7822 A7,7329,A6,Contralateral uninvolved,141
7329 A6 7822 A7,7329,A6,Contralateral uninvolved,142
7329 A6 7822 A7,7329,A6,Contralateral uninvolved,143
7329 A6 7822 A7,7329,A6,Contralateral uninvolved,144
7329 A6 7822 A7,7329,A6,Contralateral uninvolved,145
7329 A6 7822 A7,7329,A6,Contralateral uninvolved,146
7329 A6 7822 A7,7329,A6,Contralateral uninvolved,147
7329 A6 7822 A7,7329,A6,Contralateral uninvolved,148
7329 A6 7822 A7,7329,A6,Contralateral uninvolved,149
7329 A6 7822 A7,7329,A6,Contralateral uninvolved,150
7329 A6 7822 A7,7329,A6,Contralateral uninvolved,151
7329 A6 7822 A7,7329,A6,Contralateral uninvolved,152
7329 A6 7822 A7,7329,A6,Contralateral uninvolved,153
7329 A6 7822 A7,7329,A6,Contralateral uninvolved,154
7329 A6 7822 A7,7329,A6,Contralateral uninvolved,155
7329 A6 7822 A7,7329,A6,Contralateral uninvolved,156
7329 A6 7822 A7,7329,A6,Contralateral uninvolved,157
7329 A6 7822 A7,7329,A6,Contralateral uninvolved,158
7329 A6 7822 A7,7329,A6,Contralateral uninvolved,159
7329 A6 7822 A7,7329,A6,Contralateral uninvolved,160
7329 A6 7822 A7,7329,A6,Contralateral uninvolved,161
7329 A6 7822 A7,7329,A6,Contralateral uninvolved,162
7329 A6 7822 A7,7329,A6,Contralateral uninvolved,163
7329 A6 7822 A7,7329,A6,Contralateral uninvolved,164
7329 A6 7822 A7,7329,A6,Contralateral uninvolved,165
7329 A6 7822 A7,7329,A6,Contralateral uninvolved,166
7329 A6 7822 A7,7329,A6,Contralateral uninvolved,167
7329 A6 7822 A7,7329,A6,Contralateral uninvolved,168
7329 A6 7822 A7,7329,A6,Contralateral uninvolved,169
7329 A6 7822 A7,7329,A6,Contralateral uninvolved,170
7329 A6 7822 A7,7329,A6,Contralateral uninvolved,171
7329 A6 7822 A7,7329,A6,Contralateral uninvolved,172
7329 A6 7822 A7,7329,A6,Contralateral uninvolved,173
7329 A6 7822 A7,7329,A6,Contralateral uninvolved,174
7329 A6 7822 A7,7329,A6,Contralateral uninvolved,175
7329 A6 7822 A7,7329,A6,Contralateral uninvolved,176
7329 A6 7822 A7,7329,A6,Contralateral uninvolved,177
7329 A6 7822 A7,7329,A6,Contralateral uninvolved,178
7329 A6 7822 A7,7329,A6,Contralateral uninvolved,179
7329 A6 7822 A7,7329,A6,Contralateral uninvolved,188
7329 A6 7822 A7,7329,A6,Contralateral uninvolved,189
7329 A6 7822 A7,7329,A6,Contralateral uninvolved,190
7329 A6 7822 A7,7329,A6,Contralateral uninvolved,191
7329 A6 7822 A7,7329,A6,Contralateral uninvolved,192
7329 A6 7822 A7,7329,A6,Contralateral uninvolved,193
7329 A6 7822 A7,7329,A6,Contralateral uninvolved,194
7329 A6 7822 A7,7329,A6,Contralateral uninvolved,195
7329 A6 7822 A7,7329,A6,Contralateral uninvolved,196
7329 A6 7822 A7,7329,A6,Contralateral uninvolved,197
7329 A6 7822 A7,7329,A6,Contralateral uninvolved,198
7329 A6 7822 A7,7329,A6,Contralateral uninvolved,199
7329 A6 7822 A7,7329,A6,Contralateral uninvolved,200
7329 A6 7822 A7,7822,A7,Contralateral uninvolved,1
7329 A6 7822 A7,7822,A7,Contralateral uninvolved,2
7329 A6 7822 A7,7822,A7,Contralateral uninvolved,3
7329 A6 7822 A7,7822,A7,Contralateral uninvolved,4
7329 A6 7822 A7,7822,A7,Contralateral uninvolved,5
7329 A6 7822 A7,7822,A7,Contralateral uninvolved,6
7329 A6 7822 A7,7822,A7,Contralateral uninvolved,7
7329 A6 7822 A7,7822,A7,Contralateral uninvolved,8
7329 A6 7822 A7,7822,A7,Contralateral uninvolved,9
7329 A6 7822 A7,7822,A7,Contralateral uninvolved,10
7329 A6 7822 A7,7822,A7,Contralateral uninvolved,11
7329 A6 7822 A7,7822,A7,Contralateral uninvolved,12
7329 A6 7822 A7,7822,A7,Contralateral uninvolved,13
7329 A6 7822 A7,7822,A7,Contralateral uninvolved,14
7329 A6 7822 A7,7822,A7,Contralateral uninvolved,15
7329 A6 7822 A7,7822,A7,Contralateral uninvolved,16
7329 A6 7822 A7,7822,A7,Contralateral uninvolved,17
7329 A6 7822 A7,7822,A7,Contralateral uninvolved,18
7329 A6 7822 A7,7822,A7,Contralateral uninvolved,19
7329 A6 7822 A7,7822,A7,Contralateral uninvolved,20
7329 A6 7822 A7,7822,A7,Contralateral uninvolved,21
7329 A6 7822 A7,7822,A7,Contralateral uninvolved,22
7329 A6 7822 A7,7822,A7,Contralateral uninvolved,23
7329 A6 7822 A7,7822,A7,Contralateral uninvolved,24
7329 A6 7822 A7,7822,A7,Contralateral uninvolved,25
7329 A6 7822 A7,7822,A7,Contralateral uninvolved,26
7329 A6 7822 A7,7822,A7,Contralateral uninvolved,27
7329 A6 7822 A7,7822,A7,Contralateral uninvolved,28
7329 A6 7822 A7,7822,A7,Contralateral uninvolved,29
7329 A6 7822 A7,7822,A7,Contralateral uninvolved,30
7329 A6 7822 A7,7822,A7,Contralateral uninvolved,31
7329 A6 7822 A7,7822,A7,Contralateral uninvolved,32
7329 A6 7822 A7,7822,A7,Contralateral uninvolved,33
7329 A6 7822 A7,7822,A7,Contralateral uninvolved,34
7329 A6 7822 A7,7822,A7,Contralateral uninvolved,35
7329 A6 7822 A7,7822,A7,Contralateral uninvolved,36
7329 A6 7822 A7,7822,A7,Contralateral uninvolved,37
7329 A6 7822 A7,7822,A7,Contralateral uninvolved,38
7329 A6 7822 A7,7822,A7,Contralateral uninvolved,39
7329 A6 7822 A7,7822,A7,Contralateral uninvolved,40
7329 A6 7822 A7,7822,A7,Contralateral uninvolved,41
7329 A6 7822 A7,7822,A7,Contralateral uninvolved,42
7329 A6 7822 A7,7822,A7,Contralateral uninvolved,43
7329 A6 7822 A7,7822,A7,Contralateral uninvolved,44
7329 A6 7822 A7,7822,A7,Contralateral uninvolved,45
7329 A6 7822 A7,7822,A7,Contralateral uninvolved,46
7329 A6 7822 A7,7822,A7,Contralateral uninvolved,47
7329 A6 7822 A7,7822,A7,Contralateral uninvolved,48
7329 A6 7822 A7,7822,A7,Contralateral uninvolved,49
7329 A6 7822 A7,7822,A7,Contralateral uninvolved,50
7329 A6 7822 A7,7822,A7,Contralateral uninvolved,51
7329 A6 7822 A7,7822,A7,Contralateral uninvolved,52
7329 A6 7822 A7,7822,A7,Contralateral uninvolved,53
7329 A6 7822 A7,7822,A7,Contralateral uninvolved,54
7329 A6 7822 A7,7822,A7,Contralateral uninvolved,55
7329 A6 7822 A7,7822,A7,Contralateral uninvolved,56
7329 A6 7822 A7,7822,A7,Contralateral uninvolved,57
7329 A6 7822 A7,7822,A7,Contralateral uninvolved,58
7329 A6 7822 A7,7822,A7,Contralateral uninvolved,59
7329 A6 7822 A7,7822,A7,Contralateral uninvolved,60
7329 A6 7822 A7,7822,A7,Contralateral uninvolved,61
7329 A6 7822 A7,7822,A7,Contralateral uninvolved,62
7329 A6 7822 A7,7822,A7,Contralateral uninvolved,63
7329 A6 7822 A7,7822,A7,Contralateral uninvolved,64
7329 A6 7822 A7,7822,A7,Contralateral uninvolved,65
7329 A6 7822 A7,7822,A7,Contralateral uninvolved,66
7329 A6 7822 A7,7822,A7,Contralateral uninvolved,67
7329 A6 7822 A7,7822,A7,Contralateral uninvolved,68
7329 A6 7822 A7,7822,A7,Contralateral uninvolved,69
7329 A6 7822 A7,7822,A7,Contralateral uninvolved,70
7329 A6 7822 A7,7822,A7,Contralateral uninvolved,71
7329 A6 7822 A7,7822,A7,Contralateral uninvolved,72
7329 A6 7822 A7,7822,A7,Contralateral uninvolved,73
7329 A6 7822 A7,7822,A7,Contralateral uninvolved,74
7329 A6 7822 A7,7822,A7,Contralateral uninvolved,75
7329 A6 7822 A7,7822,A7,Contralateral uninvolved,76
7329 A6 7822 A7,7822,A7,Contralateral uninvolved,77
7329 A6 7822 A7,7822,A7,Contralateral uninvolved,78
7329 A6 7822 A7,7822,A7,Contralateral uninvolved,79
7329 A6 7822 A7,7822,A7,Contralateral uninvolved,80
7329 A6 7822 A7,7822,A7,Contralateral uninvolved,81
7329 A6 7822 A7,7822,A7,Contralateral uninvolved,82
7329 A6 7822 A7,7822,A7,Contralateral uninvolved,83
7329 A6 7822 A7,7822,A7,Contralateral uninvolved,84
7329 A6 7822 A7,7822,A7,Contralateral uninvolved,85
7329 A6 7822 A7,7822,A7,Contralateral uninvolved,86
7329 A6 7822 A7,7822,A7,Contralateral uninvolved,87
7329 A6 7822 A7,7822,A7,Contralateral uninvolved,88
7329 A6 7822 A7,7822,A7,Contralateral uninvolved,89
7329 A6 7822 A7,7822,A7,Contralateral uninvolved,90
7329 A6 7822 A7,7822,A7,Contralateral uninvolved,91
7329 A6 7822 A7,7822,A7,Contralateral uninvolved,92
7329 A6 7822 A7,7822,A7,Contralateral uninvolved,93
7329 A6 7822 A7,7822,A7,Contralateral uninvolved,94
7329 A6 7822 A7,7822,A7,Contralateral uninvolved,95
7329 A6 7822 A7,7822,A7,Contralateral uninvolved,96
7329 A6 7822 A7,7822,A7,Contralateral uninvolved,97
7329 A6 7822 A7,7822,A7,Contralateral uninvolved,98
7329 A6 7822 A7,7822,A7,Contralateral uninvolved,99
7329 A6 7822 A7,7822,A7,Contralateral uninvolved,100
7329 A6 7822 A7,7822,A7,Contralateral uninvolved,101
7329 A6 7822 A7,7822,A7,Contralateral uninvolved,102
7329 A6 7822 A7,7822,A7,Contralateral uninvolved,103
7329 A6 7822 A7,7822,A7,Contralateral uninvolved,104
7329 A6 7822 A7,7822,A7,Contralateral uninvolved,105
7329 A6 7822 A7,7822,A7,Contralateral uninvolved,106
7329 A6 7822 A7,7822,A7,Contralateral uninvolved,107
7329 A6 7822 A7,7822,A7,Contralateral uninvolved,108
7329 A6 7822 A7,7822,A7,Contralateral uninvolved,109
7329 A6 7822 A7,7822,A7,Contralateral uninvolved,180
7329 A6 7822 A7,7822,A7,Contralateral uninvolved,181
7329 A6 7822 A7,7822,A7,Contralateral uninvolved,182
7329 A6 7822 A7,7822,A7,Contralateral uninvolved,183
7329 A6 7822 A7,7822,A7,Contralateral uninvolved,184
7329 A6 7822 A7,7822,A7,Contralateral uninvolved,185
7329 A6 7822 A7,7822,A7,Contralateral uninvolved,186
7329 A6 7822 A7,7822,A7,Contralateral uninvolved,187
7347 G1 7347 G3,7347,G1,Infiltrating edge,1
7347 G1 7347 G3,7347,G1,Infiltrating edge,2
7347 G1 7347 G3,7347,G1,Infiltrating edge,3
7347 G1 7347 G3,7347,G1,Infiltrating edge,4
7347 G1 7347 G3,7347,G1,Infiltrating edge,5
7347 G1 7347 G3,7347,G1,Infiltrating edge,6
7347 G1 7347 G3,7347,G1,Infiltrating edge,7
7347 G1 7347 G3,7347,G1,Infiltrating edge,8
7347 G1 7347 G3,7347,G1,Infiltrating edge,9
7347 G1 7347 G3,7347,G1,Infiltrating edge,10
7347 G1 7347 G3,7347,G1,Infiltrating edge,11
7347 G1 7347 G3,7347,G1,Infiltrating edge,12
7347 G1 7347 G3,7347,G1,Infiltrating edge,13
7347 G1 7347 G3,7347,G1,Infiltrating edge,14
7347 G1 7347 G3,7347,G1,Infiltrating edge,15
7347 G1 7347 G3,7347,G1,Infiltrating edge,16
7347 G1 7347 G3,7347,G1,Infiltrating edge,17
7347 G1 7347 G3,7347,G1,Infiltrating edge,18
7347 G1 7347 G3,7347,G1,Infiltrating edge,19
7347 G1 7347 G3,7347,G1,Infiltrating edge,20
7347 G1 7347 G3,7347,G1,Infiltrating edge,21
7347 G1 7347 G3,7347,G1,Infiltrating edge,22
7347 G1 7347 G3,7347,G1,Infiltrating edge,23
7347 G1 7347 G3,7347,G1,Infiltrating edge,24
7347 G1 7347 G3,7347,G1,Infiltrating edge,25
7347 G1 7347 G3,7347,G1,Infiltrating edge,26
7347 G1 7347 G3,7347,G1,Infiltrating edge,27
7347 G1 7347 G3,7347,G1,Infiltrating edge,28
7347 G1 7347 G3,7347,G1,Infiltrating edge,29
7347 G1 7347 G3,7347,G1,Infiltrating edge,30
7347 G1 7347 G3,7347,G1,Infiltrating edge,31
7347 G1 7347 G3,7347,G1,Infiltrating edge,32
7347 G1 7347 G3,7347,G1,Infiltrating edge,33
7347 G1 7347 G3,7347,G1,Infiltrating edge,34
7347 G1 7347 G3,7347,G1,Infiltrating edge,35
7347 G1 7347 G3,7347,G1,Infiltrating edge,36
7347 G1 7347 G3,7347,G1,Infiltrating edge,37
7347 G1 7347 G3,7347,G1,Infiltrating edge,38
7347 G1 7347 G3,7347,G1,Infiltrating edge,39
7347 G1 7347 G3,7347,G1,Infiltrating edge,40
7347 G1 7347 G3,7347,G1,Infiltrating edge,41
7347 G1 7347 G3,7347,G1,Infiltrating edge,42
7347 G1 7347 G3,7347,G1,Infiltrating edge,43
7347 G1 7347 G3,7347,G1,Infiltrating edge,44
7347 G1 7347 G3,7347,G1,Infiltrating edge,45
7347 G1 7347 G3,7347,G1,Infiltrating edge,46
7347 G1 7347 G3,7347,G1,Infiltrating edge,47
7347 G1 7347 G3,7347,G1,Infiltrating edge,48
7347 G1 7347 G3,7347,G1,Infiltrating edge,49
7347 G1 7347 G3,7347,G1,Infiltrating edge,50
7347 G1 7347 G3,7347,G1,Infiltrating edge,51
7347 G1 7347 G3,7347,G1,Infiltrating edge,52
7347 G1 7347 G3,7347,G1,Infiltrating edge,53
7347 G1 7347 G3,7347,G1,Infiltrating edge,54
7347 G1 7347 G3,7347,G1,Infiltrating edge,55
7347 G1 7347 G3,7347,G1,Infiltrating edge,56
7347 G1 7347 G3,7347,G1,Infiltrating edge,57
7347 G1 7347 G3,7347,G1,Infiltrating edge,58
7347 G1 7347 G3,7347,G1,Infiltrating edge,59
7347 G1 7347 G3,7347,G1,Infiltrating edge,60
7347 G1 7347 G3,7347,G1,Infiltrating edge,61
7347 G1 7347 G3,7347,G1,Infiltrating edge,62
7347 G1 7347 G3,7347,G1,Infiltrating edge,63
7347 G1 7347 G3,7347,G1,Infiltrating edge,64
7347 G1 7347 G3,7347,G1,Infiltrating edge,65
7347 G1 7347 G3,7347,G1,Infiltrating edge,66
7347 G1 7347 G3,7347,G1,Infiltrating edge,67
7347 G1 7347 G3,7347,G1,Infiltrating edge,68
7347 G1 7347 G3,7347,G1,Infiltrating edge,69
7347 G1 7347 G3,7347,G1,Infiltrating edge,70
7347 G1 7347 G3,7347,G1,Infiltrating edge,71
7347 G1 7347 G3,7347,G1,Infiltrating edge,72
7347 G1 7347 G3,7347,G1,Infiltrating edge,73
7347 G1 7347 G3,7347,G1,Infiltrating edge,74
7347 G1 7347 G3,7347,G1,Infiltrating edge,75
7347 G1 7347 G3,7347,G1,Infiltrating edge,76
7347 G1 7347 G3,7347,G1,Infiltrating edge,77
7347 G1 7347 G3,7347,G1,Infiltrating edge,78
7347 G1 7347 G3,7347,G1,Infiltrating edge,79
7347 G1 7347 G3,7347,G1,Infiltrating edge,80
7347 G1 7347 G3,7347,G1,Infiltrating edge,81
7347 G1 7347 G3,7347,G1,Infiltrating edge,82
7347 G1 7347 G3,7347,G1,Infiltrating edge,83
7347 G1 7347 G3,7347,G1,Infiltrating edge,84
7347 G1 7347 G3,7347,G1,Infiltrating edge,85
7347 G1 7347 G3,7347,G1,Infiltrating edge,86
7347 G1 7347 G3,7347,G1,Infiltrating edge,87
7347 G1 7347 G3,7347,G1,Infiltrating edge,88
7347 G1 7347 G3,7347,G1,Infiltrating edge,89
7347 G1 7347 G3,7347,G1,Infiltrating edge,90
7347 G1 7347 G3,7347,G1,Infiltrating edge,91
7347 G1 7347 G3,7347,G1,Infiltrating edge,92
7347 G1 7347 G3,7347,G1,Infiltrating edge,93
7347 G1 7347 G3,7347,G1,Infiltrating edge,94
7347 G1 7347 G3,7347,G1,Infiltrating edge,95
7347 G1 7347 G3,7347,G1,Infiltrating edge,96
7347 G1 7347 G3,7347,G1,Infiltrating edge,97
7347 G1 7347 G3,7347,G1,Infiltrating edge,98
7347 G1 7347 G3,7347,G1,Infiltrating edge,99
7347 G1 7347 G3,7347,G1,Infiltrating edge,100
7347 G1 7347 G3,7347,G3,Tumor bulk,101
7347 G1 7347 G3,7347,G3,Tumor bulk,102
7347 G1 7347 G3,7347,G3,Tumor bulk,103
7347 G1 7347 G3,7347,G3,Tumor bulk,104
7347 G1 7347 G3,7347,G3,Tumor bulk,105
7347 G1 7347 G3,7347,G3,Tumor bulk,106
7347 G1 7347 G3,7347,G3,Tumor bulk,107
7347 G1 7347 G3,7347,G3,Tumor bulk,108
7347 G1 7347 G3,7347,G3,Tumor bulk,109
7347 G1 7347 G3,7347,G3,Tumor bulk,110
7347 G1 7347 G3,7347,G3,Tumor bulk,111
7347 G1 7347 G3,7347,G3,Tumor bulk,112
7347 G1 7347 G3,7347,G3,Tumor bulk,113
7347 G1 7347 G3,7347,G3,Tumor bulk,114
7347 G1 7347 G3,7347,G3,Tumor bulk,115
7347 G1 7347 G3,7347,G3,Tumor bulk,116
7347 G1 7347 G3,7347,G3,Tumor bulk,117
7347 G1 7347 G3,7347,G3,Tumor bulk,118
7347 G1 7347 G3,7347,G3,Tumor bulk,119
7347 G1 7347 G3,7347,G3,Tumor bulk,120
7347 G1 7347 G3,7347,G3,Tumor bulk,121
7347 G1 7347 G3,7347,G3,Tumor bulk,122
7347 G1 7347 G3,7347,G3,Tumor bulk,123
7347 G1 7347 G3,7347,G3,Tumor bulk,124
7347 G1 7347 G3,7347,G3,Tumor bulk,125
7347 G1 7347 G3,7347,G3,Tumor bulk,126
7347 G1 7347 G3,7347,G3,Tumor bulk,127
7347 G1 7347 G3,7347,G3,Tumor bulk,128
7347 G1 7347 G3,7347,G3,Tumor bulk,129
7347 G1 7347 G3,7347,G3,Tumor bulk,130
7347 G1 7347 G3,7347,G3,Tumor bulk,131
7347 G1 7347 G3,7347,G3,Tumor bulk,132
7347 G1 7347 G3,7347,G3,Tumor bulk,133
7347 G1 7347 G3,7347,G3,Tumor bulk,134
7347 G1 7347 G3,7347,G3,Tumor bulk,135
7347 G1 7347 G3,7347,G3,Tumor bulk,136
7347 G1 7347 G3,7347,G3,Tumor bulk,137
7347 G1 7347 G3,7347,G3,Tumor bulk,138
7347 G1 7347 G3,7347,G3,Tumor bulk,139
7347 G1 7347 G3,7347,G3,Tumor bulk,140
7347 G1 7347 G3,7347,G3,Tumor bulk,141
7347 G1 7347 G3,7347,G3,Tumor bulk,142
7347 G1 7347 G3,7347,G3,Tumor bulk,143
7347 G1 7347 G3,7347,G3,Tumor bulk,144
7347 G1 7347 G3,7347,G3,Tumor bulk,145
7347 G1 7347 G3,7347,G3,Tumor bulk,146
7347 G1 7347 G3,7347,G3,Tumor bulk,147
7347 G1 7347 G3,7347,G3,Tumor bulk,148
7347 G1 7347 G3,7347,G3,Tumor bulk,149
7347 G1 7347 G3,7347,G3,Tumor bulk,150
7347 G1 7347 G3,7347,G3,Tumor bulk,151
7347 G1 7347 G3,7347,G3,Tumor bulk,152
7347 G1 7347 G3,7347,G3,Tumor bulk,153
7347 G1 7347 G3,7347,G3,Tumor bulk,154
7347 G1 7347 G3,7347,G3,Tumor bulk,155
7347 G1 7347 G3,7347,G3,Tumor bulk,156
7347 G1 7347 G3,7347,G3,Tumor bulk,157
7347 G1 7347 G3,7347,G3,Tumor bulk,158
7347 G1 7347 G3,7347,G3,Tumor bulk,159
7347 G1 7347 G3,7347,G3,Tumor bulk,160
7347 G1 7347 G3,7347,G3,Tumor bulk,161
7347 G1 7347 G3,7347,G3,Tumor bulk,162
7347 G1 7347 G3,7347,G3,Tumor bulk,163
7347 G1 7347 G3,7347,G3,Tumor bulk,164
7347 G1 7347 G3,7347,G3,Tumor bulk,165
7347 G1 7347 G3,7347,G3,Tumor bulk,166
7347 G1 7347 G3,7347,G3,Tumor bulk,167
7347 G1 7347 G3,7347,G3,Tumor bulk,168
7347 G1 7347 G3,7347,G3,Tumor bulk,169
7347 G1 7347 G3,7347,G3,Tumor bulk,170
7347 G1 7347 G3,7347,G3,Tumor bulk,171
7347 G1 7347 G3,7347,G3,Tumor bulk,172
7347 G1 7347 G3,7347,G3,Tumor bulk,173
7347 G1 7347 G3,7347,G3,Tumor bulk,174
7347 G1 7347 G3,7347,G3,Tumor bulk,175
7347 G1 7347 G3,7347,G3,Tumor bulk,176
7347 G1 7347 G3,7347,G3,Tumor bulk,177
7347 G1 7347 G3,7347,G3,Tumor bulk,178
7347 G1 7347 G3,7347,G3,Tumor bulk,179
7347 G1 7347 G3,7347,G3,Tumor bulk,180
7347 G1 7347 G3,7347,G3,Tumor bulk,181
7347 G1 7347 G3,7347,G3,Tumor bulk,182
7347 G1 7347 G3,7347,G3,Tumor bulk,183
7347 G1 7347 G3,7347,G3,Tumor bulk,184
7347 G1 7347 G3,7347,G3,Tumor bulk,185
7347 G1 7347 G3,7347,G3,Tumor bulk,186
7347 G1 7347 G3,7347,G3,Tumor bulk,187
7347 G1 7347 G3,7347,G3,Tumor bulk,188
7347 G1 7347 G3,7347,G3,Tumor bulk,189
7347 G1 7347 G3,7347,G3,Tumor bulk,190
7347 G1 7347 G3,7347,G3,Tumor bulk,191
7347 G1 7347 G3,7347,G3,Tumor bulk,192
7347 G1 7347 G3,7347,G3,Tumor bulk,193
7347 G1 7347 G3,7347,G3,Tumor bulk,194
7347 G1 7347 G3,7347,G3,Tumor bulk,195
7347 G1 7347 G3,7347,G3,Tumor bulk,196
7347 G1 7347 G3,7347,G3,Tumor bulk,197
7347 G1 7347 G3,7347,G3,Tumor bulk,198
7347 G1 7347 G3,7347,G3,Tumor bulk,199
7347 G1 7347 G3,7347,G3,Tumor bulk,200
7353 A6 A18 A17,7353,A17 & A18,Infiltrating edge,1
7353 A6 A18 A17,7353,A17 & A18,Infiltrating edge,2
7353 A6 A18 A17,7353,A17 & A18,Infiltrating edge,3
7353 A6 A18 A17,7353,A17 & A18,Infiltrating edge,4
7353 A6 A18 A17,7353,A17 & A18,Infiltrating edge,5
7353 A6 A18 A17,7353,A17 & A18,Infiltrating edge,6
7353 A6 A18 A17,7353,A17 & A18,Infiltrating edge,7
7353 A6 A18 A17,7353,A17 & A18,Infiltrating edge,8
7353 A6 A18 A17,7353,A17 & A18,Infiltrating edge,9
7353 A6 A18 A17,7353,A17 & A18,Infiltrating edge,10
7353 A6 A18 A17,7353,A17 & A18,Infiltrating edge,11
7353 A6 A18 A17,7353,A17 & A18,Infiltrating edge,12
7353 A6 A18 A17,7353,A17 & A18,Infiltrating edge,13
7353 A6 A18 A17,7353,A17 & A18,Infiltrating edge,14
7353 A6 A18 A17,7353,A17 & A18,Infiltrating edge,15
7353 A6 A18 A17,7353,A17 & A18,Infiltrating edge,16
7353 A6 A18 A17,7353,A17 & A18,Infiltrating edge,17
7353 A6 A18 A17,7353,A17 & A18,Infiltrating edge,18
7353 A6 A18 A17,7353,A17 & A18,Infiltrating edge,19
7353 A6 A18 A17,7353,A17 & A18,Infiltrating edge,20
7353 A6 A18 A17,7353,A17 & A18,Infiltrating edge,21
7353 A6 A18 A17,7353,A17 & A18,Infiltrating edge,22
7353 A6 A18 A17,7353,A17 & A18,Infiltrating edge,23
7353 A6 A18 A17,7353,A17 & A18,Infiltrating edge,24
7353 A6 A18 A17,7353,A17 & A18,Infiltrating edge,25
7353 A6 A18 A17,7353,A17 & A18,Infiltrating edge,26
7353 A6 A18 A17,7353,A17 & A18,Infiltrating edge,27
7353 A6 A18 A17,7353,A17 & A18,Infiltrating edge,28
7353 A6 A18 A17,7353,A17 & A18,Infiltrating edge,29
7353 A6 A18 A17,7353,A17 & A18,Infiltrating edge,30
7353 A6 A18 A17,7353,A17 & A18,Infiltrating edge,31
7353 A6 A18 A17,7353,A17 & A18,Infiltrating edge,32
7353 A6 A18 A17,7353,A17 & A18,Infiltrating edge,33
7353 A6 A18 A17,7353,A17 & A18,Infiltrating edge,34
7353 A6 A18 A17,7353,A17 & A18,Infiltrating edge,35
7353 A6 A18 A17,7353,A17 & A18,Infiltrating edge,36
7353 A6 A18 A17,7353,A17 & A18,Infiltrating edge,37
7353 A6 A18 A17,7353,A17 & A18,Infiltrating edge,38
7353 A6 A18 A17,7353,A17 & A18,Infiltrating edge,39
7353 A6 A18 A17,7353,A17 & A18,Infiltrating edge,40
7353 A6 A18 A17,7353,A17 & A18,Infiltrating edge,41
7353 A6 A18 A17,7353,A17 & A18,Infiltrating edge,42
7353 A6 A18 A17,7353,A17 & A18,Infiltrating edge,43
7353 A6 A18 A17,7353,A17 & A18,Infiltrating edge,44
7353 A6 A18 A17,7353,A17 & A18,Infiltrating edge,45
7353 A6 A18 A17,7353,A17 & A18,Infiltrating edge,46
7353 A6 A18 A17,7353,A17 & A18,Infiltrating edge,47
7353 A6 A18 A17,7353,A17 & A18,Infiltrating edge,48
7353 A6 A18 A17,7353,A17 & A18,Infiltrating edge,49
7353 A6 A18 A17,7353,A17 & A18,Infiltrating edge,50
7353 A6 A18 A17,7353,A17 & A18,Infiltrating edge,51
7353 A6 A18 A17,7353,A17 & A18,Infiltrating edge,52
7353 A6 A18 A17,7353,A17 & A18,Infiltrating edge,53
7353 A6 A18 A17,7353,A17 & A18,Infiltrating edge,54
7353 A6 A18 A17,7353,A17 & A18,Infiltrating edge,55
7353 A6 A18 A17,7353,A17 & A18,Infiltrating edge,56
7353 A6 A18 A17,7353,A17 & A18,Infiltrating edge,57
7353 A6 A18 A17,7353,A17 & A18,Infiltrating edge,58
7353 A6 A18 A17,7353,A17 & A18,Infiltrating edge,59
7353 A6 A18 A17,7353,A17 & A18,Infiltrating edge,60
7353 A6 A18 A17,7353,A17 & A18,Infiltrating edge,61
7353 A6 A18 A17,7353,A17 & A18,Infiltrating edge,62
7353 A6 A18 A17,7353,A17 & A18,Infiltrating edge,63
7353 A6 A18 A17,7353,A17 & A18,Infiltrating edge,64
7353 A6 A18 A17,7353,A17 & A18,Infiltrating edge,65
7353 A6 A18 A17,7353,A17 & A18,Infiltrating edge,66
7353 A6 A18 A17,7353,A17 & A18,Infiltrating edge,67
7353 A6 A18 A17,7353,A17 & A18,Infiltrating edge,68
7353 A6 A18 A17,7353,A17 & A18,Infiltrating edge,69
7353 A6 A18 A17,7353,A17 & A18,Infiltrating edge,70
7353 A6 A18 A17,7353,A17 & A18,Infiltrating edge,71
7353 A6 A18 A17,7353,A17 & A18,Infiltrating edge,72
7353 A6 A18 A17,7353,A17 & A18,Infiltrating edge,73
7353 A6 A18 A17,7353,A17 & A18,Infiltrating edge,74
7353 A6 A18 A17,7353,A17 & A18,Infiltrating edge,75
7353 A6 A18 A17,7353,A17 & A18,Infiltrating edge,76
7353 A6 A18 A17,7353,A17 & A18,Infiltrating edge,77
7353 A6 A18 A17,7353,A17 & A18,Infiltrating edge,78
7353 A6 A18 A17,7353,A17 & A18,Infiltrating edge,79
7353 A6 A18 A17,7353,A17 & A18,Infiltrating edge,80
7353 A6 A18 A17,7353,A17 & A18,Infiltrating edge,81
7353 A6 A18 A17,7353,A17 & A18,Infiltrating edge,82
7353 A6 A18 A17,7353,A17 & A18,Infiltrating edge,83
7353 A6 A18 A17,7353,A17 & A18,Infiltrating edge,84
7353 A6 A18 A17,7353,A17 & A18,Infiltrating edge,85
7353 A6 A18 A17,7353,A17 & A18,Infiltrating edge,86
7353 A6 A18 A17,7353,A17 & A18,Infiltrating edge,87
7353 A6 A18 A17,7353,A17 & A18,Infiltrating edge,88
7353 A6 A18 A17,7353,A17 & A18,Infiltrating edge,89
7353 A6 A18 A17,7353,A17 & A18,Infiltrating edge,90
7353 A6 A18 A17,7353,A17 & A18,Infiltrating edge,91
7353 A6 A18 A17,7353,A17 & A18,Infiltrating edge,92
7353 A6 A18 A17,7353,A17 & A18,Infiltrating edge,93
7353 A6 A18 A17,7353,A17 & A18,Infiltrating edge,94
7353 A6 A18 A17,7353,A17 & A18,Infiltrating edge,95
7353 A6 A18 A17,7353,A17 & A18,Infiltrating edge,96
7353 A6 A18 A17,7353,A17 & A18,Infiltrating edge,97
7353 A6 A18 A17,7353,A17 & A18,Infiltrating edge,98
7353 A6 A18 A17,7353,A17 & A18,Infiltrating edge,99
7353 A6 A18 A17,7353,A17 & A18,Infiltrating edge,100
7353 A6 A18 A17,7353,A17 & A18,Infiltrating edge,101
7353 A6 A18 A17,7353,A17 & A18,Infiltrating edge,102
7353 A6 A18 A17,7353,A17 & A18,Infiltrating edge,103
7353 A6 A18 A17,7353,A17 & A18,Infiltrating edge,104
7353 A6 A18 A17,7353,A17 & A18,Infiltrating edge,105
7353 A6 A18 A17,7353,A17 & A18,Infiltrating edge,106
7353 A6 A18 A17,7353,A17 & A18,Infiltrating edge,107
7353 A6 A18 A17,7353,A17 & A18,Infiltrating edge,108
7353 A6 A18 A17,7353,A17 & A18,Infiltrating edge,109
7353 A6 A18 A17,7353,A17 & A18,Infiltrating edge,110
7353 A6 A18 A17,7353,A17 & A18,Infiltrating edge,111
7353 A6 A18 A17,7353,A17 & A18,Infiltrating edge,112
7353 A6 A18 A17,7353,A17 & A18,Infiltrating edge,113
7353 A6 A18 A17,7353,A17 & A18,Infiltrating edge,114
7353 A6 A18 A17,7353,A17 & A18,Infiltrating edge,115
7353 A6 A18 A17,7353,A17 & A18,Infiltrating edge,116
7353 A6 A18 A17,7353,A17 & A18,Infiltrating edge,117
7353 A6 A18 A17,7353,A17 & A18,Infiltrating edge,118
7353 A6 A18 A17,7353,A17 & A18,Infiltrating edge,119
7353 A6 A18 A17,7353,A17 & A18,Infiltrating edge,120
7353 A6 A18 A17,7353,A17 & A18,Infiltrating edge,121
7353 A6 A18 A17,7353,A17 & A18,Infiltrating edge,122
7353 A6 A18 A17,7353,A17 & A18,Infiltrating edge,123
7353 A6 A18 A17,7353,A17 & A18,Infiltrating edge,124
7353 A6 A18 A17,7353,A17 & A18,Infiltrating edge,125
7353 A6 A18 A17,7353,A17 & A18,Infiltrating edge,126
7353 A6 A18 A17,7353,A17 & A18,Infiltrating edge,127
7353 A6 A18 A17,7353,A17 & A18,Infiltrating edge,128
7353 A6 A18 A17,7353,A17 & A18,Infiltrating edge,129
7353 A6 A18 A17,7353,A17 & A18,Infiltrating edge,130
7353 A6 A18 A17,7353,A17 & A18,Infiltrating edge,131
7353 A6 A18 A17,7353,A17 & A18,Infiltrating edge,132
7353 A6 A18 A17,7353,A17 & A18,Infiltrating edge,133
7353 A6 A18 A17,7353,A17 & A18,Infiltrating edge,134
7353 A6 A18 A17,7353,A17 & A18,Infiltrating edge,135
7353 A6 A18 A17,7353,A6,Contralateral uninvolved,136
7353 A6 A18 A17,7353,A6,Contralateral uninvolved,137
7353 A6 A18 A17,7353,A6,Contralateral uninvolved,138
7353 A6 A18 A17,7353,A6,Contralateral uninvolved,139
7353 A6 A18 A17,7353,A6,Contralateral uninvolved,140
7353 A6 A18 A17,7353,A6,Contralateral uninvolved,141
7353 A6 A18 A17,7353,A6,Contralateral uninvolved,142
7353 A6 A18 A17,7353,A6,Contralateral uninvolved,143
7353 A6 A18 A17,7353,A6,Contralateral uninvolved,144
7353 A6 A18 A17,7353,A6,Contralateral uninvolved,145
7353 A6 A18 A17,7353,A6,Contralateral uninvolved,146
7353 A6 A18 A17,7353,A6,Contralateral uninvolved,147
7353 A6 A18 A17,7353,A6,Contralateral uninvolved,148
7353 A6 A18 A17,7353,A6,Contralateral uninvolved,149
7353 A6 A18 A17,7353,A6,Contralateral uninvolved,150
7353 A6 A18 A17,7353,A6,Contralateral uninvolved,151
7353 A6 A18 A17,7353,A6,Contralateral uninvolved,152
7353 A6 A18 A17,7353,A6,Contralateral uninvolved,153
7353 A6 A18 A17,7353,A6,Contralateral uninvolved,154
7353 A6 A18 A17,7353,A6,Contralateral uninvolved,155
7353 A6 A18 A17,7353,A6,Contralateral uninvolved,156
7353 A6 A18 A17,7353,A6,Contralateral uninvolved,157
7353 A6 A18 A17,7353,A6,Contralateral uninvolved,158
7353 A6 A18 A17,7353,A6,Contralateral uninvolved,159
7353 A6 A18 A17,7353,A6,Contralateral uninvolved,160
7353 A6 A18 A17,7353,A6,Contralateral uninvolved,161
7353 A6 A18 A17,7353,A6,Contralateral uninvolved,162
7353 A6 A18 A17,7353,A6,Contralateral uninvolved,163
7353 A6 A18 A17,7353,A6,Contralateral uninvolved,164
7353 A6 A18 A17,7353,A6,Contralateral uninvolved,165
7353 A6 A18 A17,7353,A6,Contralateral uninvolved,166
7353 A6 A18 A17,7353,A6,Contralateral uninvolved,167
7353 A6 A18 A17,7353,A6,Contralateral uninvolved,168
7353 A6 A18 A17,7353,A6,Contralateral uninvolved,169
7353 A6 A18 A17,7353,A6,Contralateral uninvolved,170
7353 A6 A18 A17,7353,A6,Contralateral uninvolved,171
7353 A6 A18 A17,7353,A6,Contralateral uninvolved,172
7353 A6 A18 A17,7353,A6,Contralateral uninvolved,173
7353 A6 A18 A17,7353,A6,Contralateral uninvolved,174
7353 A6 A18 A17,7353,A6,Contralateral uninvolved,175
7353 A6 A18 A17,7353,A6,Contralateral uninvolved,176
7353 A6 A18 A17,7353,A6,Contralateral uninvolved,177
7353 A6 A18 A17,7353,A6,Contralateral uninvolved,178
7353 A6 A18 A17,7353,A6,Contralateral uninvolved,179
7353 A6 A18 A17,7353,A6,Contralateral uninvolved,180
7353 A6 A18 A17,7353,A17 & A18,Infiltrating edge,181
7353 A6 A18 A17,7353,A17 & A18,Infiltrating edge,182
7353 A6 A18 A17,7353,A17 & A18,Infiltrating edge,183
7353 A6 A18 A17,7353,A17 & A18,Infiltrating edge,184
7353 A6 A18 A17,7353,A17 & A18,Infiltrating edge,185
7353 A6 A18 A17,7353,A17 & A18,Infiltrating edge,186
7353 A6 A18 A17,7353,A17 & A18,Infiltrating edge,187
7353 A6 A18 A17,7353,A17 & A18,Infiltrating edge,188
7353 A6 A18 A17,7353,A17 & A18,Infiltrating edge,189
7353 A6 A18 A17,7353,A17 & A18,Infiltrating edge,190
7353 A6 A18 A17,7353,A17 & A18,Infiltrating edge,191
7353 A6 A18 A17,7353,A17 & A18,Infiltrating edge,192
7353 A6 A18 A17,7353,A17 & A18,Infiltrating edge,193
7353 A6 A18 A17,7353,A17 & A18,Infiltrating edge,194
7353 A6 A18 A17,7353,A17 & A18,Infiltrating edge,195
7353 A6 A18 A17,7353,A17 & A18,Infiltrating edge,196
7353 A6 A18 A17,7353,A17 & A18,Infiltrating edge,197
7353 A6 A18 A17,7353,A17 & A18,Infiltrating edge,198
7353 A6 A18 A17,7353,A17 & A18,Infiltrating edge,199
7353 A6 A18 A17,7353,A17 & A18,Infiltrating edge,200
7353 A6 A18 A17,7353,A17 & A18,Infiltrating edge,201
7353 A6 A18 A17,7353,A17 & A18,Infiltrating edge,202
7353 A6 A18 A17,7353,A17 & A18,Infiltrating edge,203
7353 A6 A18 A17,7353,A17 & A18,Infiltrating edge,204
7353 A6 A18 A17,7353,A17 & A18,Infiltrating edge,205
7423 A7 7347 A6,7347,A6,Contralateral uninvolved,101
7423 A7 7347 A6,7347,A6,Contralateral uninvolved,102
7423 A7 7347 A6,7347,A6,Contralateral uninvolved,103
7423 A7 7347 A6,7347,A6,Contralateral uninvolved,104
7423 A7 7347 A6,7347,A6,Contralateral uninvolved,105
7423 A7 7347 A6,7347,A6,Contralateral uninvolved,106
7423 A7 7347 A6,7347,A6,Contralateral uninvolved,107
7423 A7 7347 A6,7347,A6,Contralateral uninvolved,108
7423 A7 7347 A6,7347,A6,Contralateral uninvolved,109
7423 A7 7347 A6,7347,A6,Contralateral uninvolved,110
7423 A7 7347 A6,7347,A6,Contralateral uninvolved,111
7423 A7 7347 A6,7347,A6,Contralateral uninvolved,112
7423 A7 7347 A6,7347,A6,Contralateral uninvolved,113
7423 A7 7347 A6,7347,A6,Contralateral uninvolved,114
7423 A7 7347 A6,7347,A6,Contralateral uninvolved,115
7423 A7 7347 A6,7347,A6,Contralateral uninvolved,116
7423 A7 7347 A6,7347,A6,Contralateral uninvolved,117
7423 A7 7347 A6,7347,A6,Contralateral uninvolved,118
7423 A7 7347 A6,7347,A6,Contralateral uninvolved,119
7423 A7 7347 A6,7347,A6,Contralateral uninvolved,120
7423 A7 7347 A6,7347,A6,Contralateral uninvolved,121
7423 A7 7347 A6,7347,A6,Contralateral uninvolved,122
7423 A7 7347 A6,7347,A6,Contralateral uninvolved,123
7423 A7 7347 A6,7347,A6,Contralateral uninvolved,124
7423 A7 7347 A6,7347,A6,Contralateral uninvolved,125
7423 A7 7347 A6,7347,A6,Contralateral uninvolved,126
7423 A7 7347 A6,7347,A6,Contralateral uninvolved,127
7423 A7 7347 A6,7347,A6,Contralateral uninvolved,128
7423 A7 7347 A6,7347,A6,Contralateral uninvolved,129
7423 A7 7347 A6,7347,A6,Contralateral uninvolved,130
7423 A7 7347 A6,7347,A6,Contralateral uninvolved,131
7423 A7 7347 A6,7347,A6,Contralateral uninvolved,132
7423 A7 7347 A6,7347,A6,Contralateral uninvolved,133
7423 A7 7347 A6,7347,A6,Contralateral uninvolved,134
7423 A7 7347 A6,7347,A6,Contralateral uninvolved,135
7423 A7 7347 A6,7347,A6,Contralateral uninvolved,136
7423 A7 7347 A6,7347,A6,Contralateral uninvolved,137
7423 A7 7347 A6,7347,A6,Contralateral uninvolved,138
7423 A7 7347 A6,7347,A6,Contralateral uninvolved,139
7423 A7 7347 A6,7347,A6,Contralateral uninvolved,140
7423 A7 7347 A6,7347,A6,Contralateral uninvolved,141
7423 A7 7347 A6,7347,A6,Contralateral uninvolved,142
7423 A7 7347 A6,7347,A6,Contralateral uninvolved,143
7423 A7 7347 A6,7347,A6,Contralateral uninvolved,144
7423 A7 7347 A6,7347,A6,Contralateral uninvolved,145
7423 A7 7347 A6,7347,A6,Contralateral uninvolved,146
7423 A7 7347 A6,7347,A6,Contralateral uninvolved,147
7423 A7 7347 A6,7347,A6,Contralateral uninvolved,148
7423 A7 7347 A6,7347,A6,Contralateral uninvolved,149
7423 A7 7347 A6,7347,A6,Contralateral uninvolved,150
7423 A7 7347 A6,7347,A6,Contralateral uninvolved,151
7423 A7 7347 A6,7347,A6,Contralateral uninvolved,152
7423 A7 7347 A6,7347,A6,Contralateral uninvolved,153
7423 A7 7347 A6,7347,A6,Contralateral uninvolved,154
7423 A7 7347 A6,7347,A6,Contralateral uninvolved,155
7423 A7 7347 A6,7347,A6,Contralateral uninvolved,156
7423 A7 7347 A6,7347,A6,Contralateral uninvolved,157
7423 A7 7347 A6,7347,A6,Contralateral uninvolved,158
7423 A7 7347 A6,7347,A6,Contralateral uninvolved,159
7423 A7 7347 A6,7347,A6,Contralateral uninvolved,160
7423 A7 7347 A6,7347,A6,Contralateral uninvolved,161
7423 A7 7347 A6,7347,A6,Contralateral uninvolved,162
7423 A7 7347 A6,7347,A6,Contralateral uninvolved,163
7423 A7 7347 A6,7347,A6,Contralateral uninvolved,164
7423 A7 7347 A6,7347,A6,Contralateral uninvolved,165
7423 A7 7347 A6,7347,A6,Contralateral uninvolved,166
7423 A7 7347 A6,7347,A6,Contralateral uninvolved,167
7423 A7 7347 A6,7347,A6,Contralateral uninvolved,168
7423 A7 7347 A6,7347,A6,Contralateral uninvolved,169
7423 A7 7347 A6,7347,A6,Contralateral uninvolved,170
7423 A7 7347 A6,7347,A6,Contralateral uninvolved,171
7423 A7 7347 A6,7347,A6,Contralateral uninvolved,172
7423 A7 7347 A6,7347,A6,Contralateral uninvolved,173
7423 A7 7347 A6,7347,A6,Contralateral uninvolved,174
7423 A7 7347 A6,7347,A6,Contralateral uninvolved,175
7423 A7 7347 A6,7347,A6,Contralateral uninvolved,176
7423 A7 7347 A6,7347,A6,Contralateral uninvolved,177
7423 A7 7347 A6,7347,A6,Contralateral uninvolved,178
7423 A7 7347 A6,7347,A6,Contralateral uninvolved,179
7423 A7 7347 A6,7347,A6,Contralateral uninvolved,180
7423 A7 7347 A6,7347,A6,Contralateral uninvolved,181
7423 A7 7347 A6,7347,A6,Contralateral uninvolved,182
7423 A7 7347 A6,7347,A6,Contralateral uninvolved,183
7423 A7 7347 A6,7347,A6,Contralateral uninvolved,184
7423 A7 7347 A6,7347,A6,Contralateral uninvolved,185
7423 A7 7347 A6,7347,A6,Contralateral uninvolved,186
7423 A7 7347 A6,7347,A6,Contralateral uninvolved,187
7423 A7 7347 A6,7347,A6,Contralateral uninvolved,188
7423 A7 7347 A6,7347,A6,Contralateral uninvolved,189
7423 A7 7347 A6,7347,A6,Contralateral uninvolved,190
7423 A7 7347 A6,7347,A6,Contralateral uninvolved,191
7423 A7 7347 A6,7347,A6,Contralateral uninvolved,192
7423 A7 7347 A6,7347,A6,Contralateral uninvolved,193
7423 A7 7347 A6,7347,A6,Contralateral uninvolved,194
7423 A7 7347 A6,7347,A6,Contralateral uninvolved,195
7423 A7 7347 A6,7347,A6,Contralateral uninvolved,196
7423 A7 7347 A6,7347,A6,Contralateral uninvolved,197
7423 A7 7347 A6,7347,A6,Contralateral uninvolved,198
7423 A7 7347 A6,7347,A6,Contralateral uninvolved,199
7423 A7 7347 A6,7347,A6,Contralateral uninvolved,200
7423 A7 7347 A6,7423,A7,Contralateral uninvolved,1
7423 A7 7347 A6,7423,A7,Contralateral uninvolved,2
7423 A7 7347 A6,7423,A7,Contralateral uninvolved,3
7423 A7 7347 A6,7423,A7,Contralateral uninvolved,4
7423 A7 7347 A6,7423,A7,Contralateral uninvolved,5
7423 A7 7347 A6,7423,A7,Contralateral uninvolved,6
7423 A7 7347 A6,7423,A7,Contralateral uninvolved,7
7423 A7 7347 A6,7423,A7,Contralateral uninvolved,8
7423 A7 7347 A6,7423,A7,Contralateral uninvolved,9
7423 A7 7347 A6,7423,A7,Contralateral uninvolved,10
7423 A7 7347 A6,7423,A7,Contralateral uninvolved,11
7423 A7 7347 A6,7423,A7,Contralateral uninvolved,12
7423 A7 7347 A6,7423,A7,Contralateral uninvolved,13
7423 A7 7347 A6,7423,A7,Contralateral uninvolved,14
7423 A7 7347 A6,7423,A7,Contralateral uninvolved,15
7423 A7 7347 A6,7423,A7,Contralateral uninvolved,16
7423 A7 7347 A6,7423,A7,Contralateral uninvolved,17
7423 A7 7347 A6,7423,A7,Contralateral uninvolved,18
7423 A7 7347 A6,7423,A7,Contralateral uninvolved,19
7423 A7 7347 A6,7423,A7,Contralateral uninvolved,20
7423 A7 7347 A6,7423,A7,Contralateral uninvolved,21
7423 A7 7347 A6,7423,A7,Contralateral uninvolved,22
7423 A7 7347 A6,7423,A7,Contralateral uninvolved,23
7423 A7 7347 A6,7423,A7,Contralateral uninvolved,24
7423 A7 7347 A6,7423,A7,Contralateral uninvolved,25
7423 A7 7347 A6,7423,A7,Contralateral uninvolved,26
7423 A7 7347 A6,7423,A7,Contralateral uninvolved,27
7423 A7 7347 A6,7423,A7,Contralateral uninvolved,28
7423 A7 7347 A6,7423,A7,Contralateral uninvolved,29
7423 A7 7347 A6,7423,A7,Contralateral uninvolved,30
7423 A7 7347 A6,7423,A7,Contralateral uninvolved,31
7423 A7 7347 A6,7423,A7,Contralateral uninvolved,32
7423 A7 7347 A6,7423,A7,Contralateral uninvolved,33
7423 A7 7347 A6,7423,A7,Contralateral uninvolved,34
7423 A7 7347 A6,7423,A7,Contralateral uninvolved,35
7423 A7 7347 A6,7423,A7,Contralateral uninvolved,36
7423 A7 7347 A6,7423,A7,Contralateral uninvolved,37
7423 A7 7347 A6,7423,A7,Contralateral uninvolved,38
7423 A7 7347 A6,7423,A7,Contralateral uninvolved,39
7423 A7 7347 A6,7423,A7,Contralateral uninvolved,40
7423 A7 7347 A6,7423,A7,Contralateral uninvolved,41
7423 A7 7347 A6,7423,A7,Contralateral uninvolved,42
7423 A7 7347 A6,7423,A7,Contralateral uninvolved,43
7423 A7 7347 A6,7423,A7,Contralateral uninvolved,44
7423 A7 7347 A6,7423,A7,Contralateral uninvolved,45
7423 A7 7347 A6,7423,A7,Contralateral uninvolved,46
7423 A7 7347 A6,7423,A7,Contralateral uninvolved,47
7423 A7 7347 A6,7423,A7,Contralateral uninvolved,48
7423 A7 7347 A6,7423,A7,Contralateral uninvolved,49
7423 A7 7347 A6,7423,A7,Contralateral uninvolved,50
7423 A7 7347 A6,7423,A7,Contralateral uninvolved,51
7423 A7 7347 A6,7423,A7,Contralateral uninvolved,52
7423 A7 7347 A6,7423,A7,Contralateral uninvolved,53
7423 A7 7347 A6,7423,A7,Contralateral uninvolved,54
7423 A7 7347 A6,7423,A7,Contralateral uninvolved,55
7423 A7 7347 A6,7423,A7,Contralateral uninvolved,56
7423 A7 7347 A6,7423,A7,Contralateral uninvolved,57
7423 A7 7347 A6,7423,A7,Contralateral uninvolved,58
7423 A7 7347 A6,7423,A7,Contralateral uninvolved,59
7423 A7 7347 A6,7423,A7,Contralateral uninvolved,60
7423 A7 7347 A6,7423,A7,Contralateral uninvolved,61
7423 A7 7347 A6,7423,A7,Contralateral uninvolved,62
7423 A7 7347 A6,7423,A7,Contralateral uninvolved,63
7423 A7 7347 A6,7423,A7,Contralateral uninvolved,64
7423 A7 7347 A6,7423,A7,Contralateral uninvolved,65
7423 A7 7347 A6,7423,A7,Contralateral uninvolved,66
7423 A7 7347 A6,7423,A7,Contralateral uninvolved,67
7423 A7 7347 A6,7423,A7,Contralateral uninvolved,68
7423 A7 7347 A6,7423,A7,Contralateral uninvolved,69
7423 A7 7347 A6,7423,A7,Contralateral uninvolved,70
7423 A7 7347 A6,7423,A7,Contralateral uninvolved,71
7423 A7 7347 A6,7423,A7,Contralateral uninvolved,72
7423 A7 7347 A6,7423,A7,Contralateral uninvolved,73
7423 A7 7347 A6,7423,A7,Contralateral uninvolved,74
7423 A7 7347 A6,7423,A7,Contralateral uninvolved,75
7423 A7 7347 A6,7423,A7,Contralateral uninvolved,76
7423 A7 7347 A6,7423,A7,Contralateral uninvolved,77
7423 A7 7347 A6,7423,A7,Contralateral uninvolved,78
7423 A7 7347 A6,7423,A7,Contralateral uninvolved,79
7423 A7 7347 A6,7423,A7,Contralateral uninvolved,80
7423 A7 7347 A6,7423,A7,Contralateral uninvolved,81
7423 A7 7347 A6,7423,A7,Contralateral uninvolved,82
7423 A7 7347 A6,7423,A7,Contralateral uninvolved,83
7423 A7 7347 A6,7423,A7,Contralateral uninvolved,84
7423 A7 7347 A6,7423,A7,Contralateral uninvolved,85
7423 A7 7347 A6,7423,A7,Contralateral uninvolved,86
7423 A7 7347 A6,7423,A7,Contralateral uninvolved,87
7423 A7 7347 A6,7423,A7,Contralateral uninvolved,88
7423 A7 7347 A6,7423,A7,Contralateral uninvolved,89
7423 A7 7347 A6,7423,A7,Contralateral uninvolved,90
7423 A7 7347 A6,7423,A7,Contralateral uninvolved,91
7423 A7 7347 A6,7423,A7,Contralateral uninvolved,92
7423 A7 7347 A6,7423,A7,Contralateral uninvolved,93
7423 A7 7347 A6,7423,A7,Contralateral uninvolved,94
7423 A7 7347 A6,7423,A7,Contralateral uninvolved,95
7423 A7 7347 A6,7423,A7,Contralateral uninvolved,96
7423 A7 7347 A6,7423,A7,Contralateral uninvolved,97
7423 A7 7347 A6,7423,A7,Contralateral uninvolved,98
7423 A7 7347 A6,7423,A7,Contralateral uninvolved,99
7423 A7 7347 A6,7423,A7,Contralateral uninvolved,100
7454 A7 7455 A6,7454,A7,Contralateral uninvolved,101
7454 A7 7455 A6,7454,A7,Contralateral uninvolved,102
7454 A7 7455 A6,7454,A7,Contralateral uninvolved,103
7454 A7 7455 A6,7454,A7,Contralateral uninvolved,104
7454 A7 7455 A6,7454,A7,Contralateral uninvolved,105
7454 A7 7455 A6,7454,A7,Contralateral uninvolved,106
7454 A7 7455 A6,7454,A7,Contralateral uninvolved,107
7454 A7 7455 A6,7454,A7,Contralateral uninvolved,108
7454 A7 7455 A6,7454,A7,Contralateral uninvolved,109
7454 A7 7455 A6,7454,A7,Contralateral uninvolved,110
7454 A7 7455 A6,7454,A7,Contralateral uninvolved,111
7454 A7 7455 A6,7454,A7,Contralateral uninvolved,112
7454 A7 7455 A6,7454,A7,Contralateral uninvolved,113
7454 A7 7455 A6,7454,A7,Contralateral uninvolved,114
7454 A7 7455 A6,7454,A7,Contralateral uninvolved,115
7454 A7 7455 A6,7454,A7,Contralateral uninvolved,116
7454 A7 7455 A6,7454,A7,Contralateral uninvolved,117
7454 A7 7455 A6,7454,A7,Contralateral uninvolved,118
7454 A7 7455 A6,7454,A7,Contralateral uninvolved,119
7454 A7 7455 A6,7454,A7,Contralateral uninvolved,120
7454 A7 7455 A6,7454,A7,Contralateral uninvolved,121
7454 A7 7455 A6,7454,A7,Contralateral uninvolved,122
7454 A7 7455 A6,7454,A7,Contralateral uninvolved,123
7454 A7 7455 A6,7454,A7,Contralateral uninvolved,124
7454 A7 7455 A6,7454,A7,Contralateral uninvolved,125
7454 A7 7455 A6,7454,A7,Contralateral uninvolved,126
7454 A7 7455 A6,7454,A7,Contralateral uninvolved,127
7454 A7 7455 A6,7454,A7,Contralateral uninvolved,128
7454 A7 7455 A6,7454,A7,Contralateral uninvolved,129
7454 A7 7455 A6,7454,A7,Contralateral uninvolved,130
7454 A7 7455 A6,7454,A7,Contralateral uninvolved,131
7454 A7 7455 A6,7454,A7,Contralateral uninvolved,132
7454 A7 7455 A6,7454,A7,Contralateral uninvolved,133
7454 A7 7455 A6,7454,A7,Contralateral uninvolved,134
7454 A7 7455 A6,7454,A7,Contralateral uninvolved,135
7454 A7 7455 A6,7454,A7,Contralateral uninvolved,136
7454 A7 7455 A6,7454,A7,Contralateral uninvolved,137
7454 A7 7455 A6,7454,A7,Contralateral uninvolved,138
7454 A7 7455 A6,7454,A7,Contralateral uninvolved,139
7454 A7 7455 A6,7454,A7,Contralateral uninvolved,140
7454 A7 7455 A6,7454,A7,Contralateral uninvolved,141
7454 A7 7455 A6,7454,A7,Contralateral uninvolved,142
7454 A7 7455 A6,7454,A7,Contralateral uninvolved,143
7454 A7 7455 A6,7454,A7,Contralateral uninvolved,144
7454 A7 7455 A6,7454,A7,Contralateral uninvolved,145
7454 A7 7455 A6,7454,A7,Contralateral uninvolved,146
7454 A7 7455 A6,7454,A7,Contralateral uninvolved,147
7454 A7 7455 A6,7454,A7,Contralateral uninvolved,148
7454 A7 7455 A6,7454,A7,Contralateral uninvolved,149
7454 A7 7455 A6,7454,A7,Contralateral uninvolved,150
7454 A7 7455 A6,7454,A7,Contralateral uninvolved,151
7454 A7 7455 A6,7454,A7,Contralateral uninvolved,152
7454 A7 7455 A6,7454,A7,Contralateral uninvolved,153
7454 A7 7455 A6,7454,A7,Contralateral uninvolved,154
7454 A7 7455 A6,7454,A7,Contralateral uninvolved,155
7454 A7 7455 A6,7454,A7,Contralateral uninvolved,156
7454 A7 7455 A6,7454,A7,Contralateral uninvolved,157
7454 A7 7455 A6,7454,A7,Contralateral uninvolved,158
7454 A7 7455 A6,7454,A7,Contralateral uninvolved,159
7454 A7 7455 A6,7454,A7,Contralateral uninvolved,160
7454 A7 7455 A6,7454,A7,Contralateral uninvolved,161
7454 A7 7455 A6,7454,A7,Contralateral uninvolved,162
7454 A7 7455 A6,7454,A7,Contralateral uninvolved,163
7454 A7 7455 A6,7454,A7,Contralateral uninvolved,164
7454 A7 7455 A6,7454,A7,Contralateral uninvolved,165
7454 A7 7455 A6,7454,A7,Contralateral uninvolved,166
7454 A7 7455 A6,7454,A7,Contralateral uninvolved,167
7454 A7 7455 A6,7454,A7,Contralateral uninvolved,168
7454 A7 7455 A6,7454,A7,Contralateral uninvolved,169
7454 A7 7455 A6,7454,A7,Contralateral uninvolved,170
7454 A7 7455 A6,7454,A7,Contralateral uninvolved,171
7454 A7 7455 A6,7454,A7,Contralateral uninvolved,172
7454 A7 7455 A6,7454,A7,Contralateral uninvolved,173
7454 A7 7455 A6,7454,A7,Contralateral uninvolved,174
7454 A7 7455 A6,7454,A7,Contralateral uninvolved,175
7454 A7 7455 A6,7454,A7,Contralateral uninvolved,176
7454 A7 7455 A6,7454,A7,Contralateral uninvolved,177
7454 A7 7455 A6,7454,A7,Contralateral uninvolved,178
7454 A7 7455 A6,7454,A7,Contralateral uninvolved,179
7454 A7 7455 A6,7454,A7,Contralateral uninvolved,180
7454 A7 7455 A6,7454,A7,Contralateral uninvolved,181
7454 A7 7455 A6,7454,A7,Contralateral uninvolved,182
7454 A7 7455 A6,7454,A7,Contralateral uninvolved,183
7454 A7 7455 A6,7454,A7,Contralateral uninvolved,184
7454 A7 7455 A6,7454,A7,Contralateral uninvolved,185
7454 A7 7455 A6,7454,A7,Contralateral uninvolved,186
7454 A7 7455 A6,7454,A7,Contralateral uninvolved,187
7454 A7 7455 A6,7454,A7,Contralateral uninvolved,188
7454 A7 7455 A6,7454,A7,Contralateral uninvolved,189
7454 A7 7455 A6,7454,A7,Contralateral uninvolved,190
7454 A7 7455 A6,7454,A7,Contralateral uninvolved,191
7454 A7 7455 A6,7454,A7,Contralateral uninvolved,192
7454 A7 7455 A6,7454,A7,Contralateral uninvolved,193
7454 A7 7455 A6,7454,A7,Contralateral uninvolved,194
7454 A7 7455 A6,7454,A7,Contralateral uninvolved,195
7454 A7 7455 A6,7454,A7,Contralateral uninvolved,196
7454 A7 7455 A6,7454,A7,Contralateral uninvolved,197
7454 A7 7455 A6,7454,A7,Contralateral uninvolved,198
7454 A7 7455 A6,7454,A7,Contralateral uninvolved,199
7454 A7 7455 A6,7454,A7,Contralateral uninvolved,200
7454 A7 7455 A6,7455,A6,Contralateral uninvolved,1
7454 A7 7455 A6,7455,A6,Contralateral uninvolved,2
7454 A7 7455 A6,7455,A6,Contralateral uninvolved,3
7454 A7 7455 A6,7455,A6,Contralateral uninvolved,4
7454 A7 7455 A6,7455,A6,Contralateral uninvolved,5
7454 A7 7455 A6,7455,A6,Contralateral uninvolved,6
7454 A7 7455 A6,7455,A6,Contralateral uninvolved,7
7454 A7 7455 A6,7455,A6,Contralateral uninvolved,8
7454 A7 7455 A6,7455,A6,Contralateral uninvolved,9
7454 A7 7455 A6,7455,A6,Contralateral uninvolved,10
7454 A7 7455 A6,7455,A6,Contralateral uninvolved,11
7454 A7 7455 A6,7455,A6,Contralateral uninvolved,12
7454 A7 7455 A6,7455,A6,Contralateral uninvolved,13
7454 A7 7455 A6,7455,A6,Contralateral uninvolved,14
7454 A7 7455 A6,7455,A6,Contralateral uninvolved,15
7454 A7 7455 A6,7455,A6,Contralateral uninvolved,16
7454 A7 7455 A6,7455,A6,Contralateral uninvolved,17
7454 A7 7455 A6,7455,A6,Contralateral uninvolved,18
7454 A7 7455 A6,7455,A6,Contralateral uninvolved,19
7454 A7 7455 A6,7455,A6,Contralateral uninvolved,20
7454 A7 7455 A6,7455,A6,Contralateral uninvolved,21
7454 A7 7455 A6,7455,A6,Contralateral uninvolved,22
7454 A7 7455 A6,7455,A6,Contralateral uninvolved,23
7454 A7 7455 A6,7455,A6,Contralateral uninvolved,24
7454 A7 7455 A6,7455,A6,Contralateral uninvolved,25
7454 A7 7455 A6,7455,A6,Contralateral uninvolved,26
7454 A7 7455 A6,7455,A6,Contralateral uninvolved,27
7454 A7 7455 A6,7455,A6,Contralateral uninvolved,28
7454 A7 7455 A6,7455,A6,Contralateral uninvolved,29
7454 A7 7455 A6,7455,A6,Contralateral uninvolved,30
7454 A7 7455 A6,7455,A6,Contralateral uninvolved,31
7454 A7 7455 A6,7455,A6,Contralateral uninvolved,32
7454 A7 7455 A6,7455,A6,Contralateral uninvolved,33
7454 A7 7455 A6,7455,A6,Contralateral uninvolved,34
7454 A7 7455 A6,7455,A6,Contralateral uninvolved,35
7454 A7 7455 A6,7455,A6,Contralateral uninvolved,36
7454 A7 7455 A6,7455,A6,Contralateral uninvolved,37
7454 A7 7455 A6,7455,A6,Contralateral uninvolved,38
7454 A7 7455 A6,7455,A6,Contralateral uninvolved,39
7454 A7 7455 A6,7455,A6,Contralateral uninvolved,40
7454 A7 7455 A6,7455,A6,Contralateral uninvolved,41
7454 A7 7455 A6,7455,A6,Contralateral uninvolved,42
7454 A7 7455 A6,7455,A6,Contralateral uninvolved,43
7454 A7 7455 A6,7455,A6,Contralateral uninvolved,44
7454 A7 7455 A6,7455,A6,Contralateral uninvolved,45
7454 A7 7455 A6,7455,A6,Contralateral uninvolved,46
7454 A7 7455 A6,7455,A6,Contralateral uninvolved,47
7454 A7 7455 A6,7455,A6,Contralateral uninvolved,48
7454 A7 7455 A6,7455,A6,Contralateral uninvolved,49
7454 A7 7455 A6,7455,A6,Contralateral uninvolved,50
7454 A7 7455 A6,7455,A6,Contralateral uninvolved,51
7454 A7 7455 A6,7455,A6,Contralateral uninvolved,52
7454 A7 7455 A6,7455,A6,Contralateral uninvolved,53
7454 A7 7455 A6,7455,A6,Contralateral uninvolved,54
7454 A7 7455 A6,7455,A6,Contralateral uninvolved,55
7454 A7 7455 A6,7455,A6,Contralateral uninvolved,56
7454 A7 7455 A6,7455,A6,Contralateral uninvolved,57
7454 A7 7455 A6,7455,A6,Contralateral uninvolved,58
7454 A7 7455 A6,7455,A6,Contralateral uninvolved,59
7454 A7 7455 A6,7455,A6,Contralateral uninvolved,60
7454 A7 7455 A6,7455,A6,Contralateral uninvolved,61
7454 A7 7455 A6,7455,A6,Contralateral uninvolved,62
7454 A7 7455 A6,7455,A6,Contralateral uninvolved,63
7454 A7 7455 A6,7455,A6,Contralateral uninvolved,64
7454 A7 7455 A6,7455,A6,Contralateral uninvolved,65
7454 A7 7455 A6,7455,A6,Contralateral uninvolved,66
7454 A7 7455 A6,7455,A6,Contralateral uninvolved,67
7454 A7 7455 A6,7455,A6,Contralateral uninvolved,68
7454 A7 7455 A6,7455,A6,Contralateral uninvolved,69
7454 A7 7455 A6,7455,A6,Contralateral uninvolved,70
7454 A7 7455 A6,7455,A6,Contralateral uninvolved,71
7454 A7 7455 A6,7455,A6,Contralateral uninvolved,72
7454 A7 7455 A6,7455,A6,Contralateral uninvolved,73
7454 A7 7455 A6,7455,A6,Contralateral uninvolved,74
7454 A7 7455 A6,7455,A6,Contralateral uninvolved,75
7454 A7 7455 A6,7455,A6,Contralateral uninvolved,76
7454 A7 7455 A6,7455,A6,Contralateral uninvolved,77
7454 A7 7455 A6,7455,A6,Contralateral uninvolved,78
7454 A7 7455 A6,7455,A6,Contralateral uninvolved,79
7454 A7 7455 A6,7455,A6,Contralateral uninvolved,80
7454 A7 7455 A6,7455,A6,Contralateral uninvolved,81
7454 A7 7455 A6,7455,A6,Contralateral uninvolved,82
7454 A7 7455 A6,7455,A6,Contralateral uninvolved,83
7454 A7 7455 A6,7455,A6,Contralateral uninvolved,84
7454 A7 7455 A6,7455,A6,Contralateral uninvolved,85
7454 A7 7455 A6,7455,A6,Contralateral uninvolved,86
7454 A7 7455 A6,7455,A6,Contralateral uninvolved,87
7454 A7 7455 A6,7455,A6,Contralateral uninvolved,88
7454 A7 7455 A6,7455,A6,Contralateral uninvolved,89
7454 A7 7455 A6,7455,A6,Contralateral uninvolved,90
7454 A7 7455 A6,7455,A6,Contralateral uninvolved,91
7454 A7 7455 A6,7455,A6,Contralateral uninvolved,92
7454 A7 7455 A6,7455,A6,Contralateral uninvolved,93
7454 A7 7455 A6,7455,A6,Contralateral uninvolved,94
7454 A7 7455 A6,7455,A6,Contralateral uninvolved,95
7454 A7 7455 A6,7455,A6,Contralateral uninvolved,96
7454 A7 7455 A6,7455,A6,Contralateral uninvolved,97
7454 A7 7455 A6,7455,A6,Contralateral uninvolved,98
7454 A7 7455 A6,7455,A6,Contralateral uninvolved,99
7454 A7 7455 A6,7455,A6,Contralateral uninvolved,100
7454 G5 7455 G2,7454,G5,Infiltrating edge,101
7454 G5 7455 G2,7454,G5,Infiltrating edge,102
7454 G5 7455 G2,7454,G5,Infiltrating edge,103
7454 G5 7455 G2,7454,G5,Infiltrating edge,104
7454 G5 7455 G2,7454,G5,Infiltrating edge,105
7454 G5 7455 G2,7454,G5,Infiltrating edge,106
7454 G5 7455 G2,7454,G5,Infiltrating edge,107
7454 G5 7455 G2,7454,G5,Infiltrating edge,108
7454 G5 7455 G2,7454,G5,Infiltrating edge,109
7454 G5 7455 G2,7454,G5,Infiltrating edge,110
7454 G5 7455 G2,7454,G5,Infiltrating edge,111
7454 G5 7455 G2,7454,G5,Infiltrating edge,112
7454 G5 7455 G2,7454,G5,Infiltrating edge,113
7454 G5 7455 G2,7454,G5,Infiltrating edge,114
7454 G5 7455 G2,7454,G5,Infiltrating edge,115
7454 G5 7455 G2,7454,G5,Infiltrating edge,116
7454 G5 7455 G2,7454,G5,Infiltrating edge,117
7454 G5 7455 G2,7454,G5,Infiltrating edge,118
7454 G5 7455 G2,7454,G5,Infiltrating edge,119
7454 G5 7455 G2,7454,G5,Infiltrating edge,120
7454 G5 7455 G2,7454,G5,Infiltrating edge,121
7454 G5 7455 G2,7454,G5,Infiltrating edge,122
7454 G5 7455 G2,7454,G5,Infiltrating edge,123
7454 G5 7455 G2,7454,G5,Infiltrating edge,124
7454 G5 7455 G2,7454,G5,Infiltrating edge,125
7454 G5 7455 G2,7454,G5,Infiltrating edge,126
7454 G5 7455 G2,7454,G5,Infiltrating edge,127
7454 G5 7455 G2,7454,G5,Infiltrating edge,128
7454 G5 7455 G2,7454,G5,Infiltrating edge,129
7454 G5 7455 G2,7454,G5,Infiltrating edge,130
7454 G5 7455 G2,7454,G5,Infiltrating edge,131
7454 G5 7455 G2,7454,G5,Infiltrating edge,132
7454 G5 7455 G2,7454,G5,Infiltrating edge,133
7454 G5 7455 G2,7454,G5,Infiltrating edge,134
7454 G5 7455 G2,7454,G5,Infiltrating edge,135
7454 G5 7455 G2,7454,G5,Infiltrating edge,136
7454 G5 7455 G2,7454,G5,Infiltrating edge,137
7454 G5 7455 G2,7454,G5,Infiltrating edge,138
7454 G5 7455 G2,7454,G5,Infiltrating edge,139
7454 G5 7455 G2,7454,G5,Infiltrating edge,140
7454 G5 7455 G2,7454,G5,Infiltrating edge,141
7454 G5 7455 G2,7454,G5,Infiltrating edge,142
7454 G5 7455 G2,7454,G5,Infiltrating edge,143
7454 G5 7455 G2,7454,G5,Infiltrating edge,144
7454 G5 7455 G2,7454,G5,Infiltrating edge,145
7454 G5 7455 G2,7454,G5,Infiltrating edge,146
7454 G5 7455 G2,7454,G5,Infiltrating edge,147
7454 G5 7455 G2,7454,G5,Infiltrating edge,148
7454 G5 7455 G2,7454,G5,Infiltrating edge,149
7454 G5 7455 G2,7454,G5,Infiltrating edge,150
7454 G5 7455 G2,7454,G5,Infiltrating edge,151
7454 G5 7455 G2,7454,G5,Infiltrating edge,152
7454 G5 7455 G2,7454,G5,Infiltrating edge,153
7454 G5 7455 G2,7454,G5,Infiltrating edge,154
7454 G5 7455 G2,7454,G5,Infiltrating edge,155
7454 G5 7455 G2,7454,G5,Infiltrating edge,156
7454 G5 7455 G2,7454,G5,Infiltrating edge,157
7454 G5 7455 G2,7454,G5,Infiltrating edge,158
7454 G5 7455 G2,7454,G5,Infiltrating edge,159
7454 G5 7455 G2,7454,G5,Infiltrating edge,160
7454 G5 7455 G2,7454,G5,Infiltrating edge,161
7454 G5 7455 G2,7454,G5,Infiltrating edge,162
7454 G5 7455 G2,7454,G5,Infiltrating edge,163
7454 G5 7455 G2,7454,G5,Infiltrating edge,164
7454 G5 7455 G2,7454,G5,Infiltrating edge,165
7454 G5 7455 G2,7454,G5,Infiltrating edge,166
7454 G5 7455 G2,7454,G5,Infiltrating edge,167
7454 G5 7455 G2,7454,G5,Infiltrating edge,168
7454 G5 7455 G2,7454,G5,Infiltrating edge,169
7454 G5 7455 G2,7454,G5,Infiltrating edge,170
7454 G5 7455 G2,7454,G5,Infiltrating edge,171
7454 G5 7455 G2,7454,G5,Infiltrating edge,172
7454 G5 7455 G2,7454,G5,Infiltrating edge,173
7454 G5 7455 G2,7454,G5,Infiltrating edge,174
7454 G5 7455 G2,7454,G5,Infiltrating edge,175
7454 G5 7455 G2,7454,G5,Infiltrating edge,176
7454 G5 7455 G2,7454,G5,Infiltrating edge,177
7454 G5 7455 G2,7454,G5,Infiltrating edge,178
7454 G5 7455 G2,7454,G5,Infiltrating edge,179
7454 G5 7455 G2,7454,G5,Infiltrating edge,180
7454 G5 7455 G2,7454,G5,Infiltrating edge,181
7454 G5 7455 G2,7454,G5,Infiltrating edge,182
7454 G5 7455 G2,7454,G5,Infiltrating edge,183
7454 G5 7455 G2,7454,G5,Infiltrating edge,184
7454 G5 7455 G2,7454,G5,Infiltrating edge,185
7454 G5 7455 G2,7454,G5,Infiltrating edge,186
7454 G5 7455 G2,7454,G5,Infiltrating edge,187
7454 G5 7455 G2,7454,G5,Infiltrating edge,188
7454 G5 7455 G2,7454,G5,Infiltrating edge,189
7454 G5 7455 G2,7454,G5,Infiltrating edge,190
7454 G5 7455 G2,7454,G5,Infiltrating edge,191
7454 G5 7455 G2,7454,G5,Infiltrating edge,192
7454 G5 7455 G2,7454,G5,Infiltrating edge,193
7454 G5 7455 G2,7454,G5,Infiltrating edge,194
7454 G5 7455 G2,7454,G5,Infiltrating edge,195
7454 G5 7455 G2,7454,G5,Infiltrating edge,196
7454 G5 7455 G2,7454,G5,Infiltrating edge,197
7454 G5 7455 G2,7454,G5,Infiltrating edge,198
7454 G5 7455 G2,7454,G5,Infiltrating edge,199
7454 G5 7455 G2,7454,G5,Infiltrating edge,200
7454 G5 7455 G2,7455,G2,Infiltrating edge,1
7454 G5 7455 G2,7455,G2,Infiltrating edge,2
7454 G5 7455 G2,7455,G2,Infiltrating edge,3
7454 G5 7455 G2,7455,G2,Infiltrating edge,4
7454 G5 7455 G2,7455,G2,Infiltrating edge,5
7454 G5 7455 G2,7455,G2,Infiltrating edge,6
7454 G5 7455 G2,7455,G2,Infiltrating edge,7
7454 G5 7455 G2,7455,G2,Infiltrating edge,8
7454 G5 7455 G2,7455,G2,Infiltrating edge,9
7454 G5 7455 G2,7455,G2,Infiltrating edge,10
7454 G5 7455 G2,7455,G2,Infiltrating edge,11
7454 G5 7455 G2,7455,G2,Infiltrating edge,12
7454 G5 7455 G2,7455,G2,Infiltrating edge,13
7454 G5 7455 G2,7455,G2,Infiltrating edge,14
7454 G5 7455 G2,7455,G2,Infiltrating edge,15
7454 G5 7455 G2,7455,G2,Infiltrating edge,16
7454 G5 7455 G2,7455,G2,Infiltrating edge,17
7454 G5 7455 G2,7455,G2,Infiltrating edge,18
7454 G5 7455 G2,7455,G2,Infiltrating edge,19
7454 G5 7455 G2,7455,G2,Infiltrating edge,20
7454 G5 7455 G2,7455,G2,Infiltrating edge,21
7454 G5 7455 G2,7455,G2,Infiltrating edge,22
7454 G5 7455 G2,7455,G2,Infiltrating edge,23
7454 G5 7455 G2,7455,G2,Infiltrating edge,24
7454 G5 7455 G2,7455,G2,Infiltrating edge,25
7454 G5 7455 G2,7455,G2,Infiltrating edge,26
7454 G5 7455 G2,7455,G2,Infiltrating edge,27
7454 G5 7455 G2,7455,G2,Infiltrating edge,28
7454 G5 7455 G2,7455,G2,Infiltrating edge,29
7454 G5 7455 G2,7455,G2,Infiltrating edge,30
7454 G5 7455 G2,7455,G2,Infiltrating edge,31
7454 G5 7455 G2,7455,G2,Infiltrating edge,32
7454 G5 7455 G2,7455,G2,Infiltrating edge,33
7454 G5 7455 G2,7455,G2,Infiltrating edge,34
7454 G5 7455 G2,7455,G2,Infiltrating edge,35
7454 G5 7455 G2,7455,G2,Infiltrating edge,36
7454 G5 7455 G2,7455,G2,Infiltrating edge,37
7454 G5 7455 G2,7455,G2,Infiltrating edge,38
7454 G5 7455 G2,7455,G2,Infiltrating edge,39
7454 G5 7455 G2,7455,G2,Infiltrating edge,40
7454 G5 7455 G2,7455,G2,Infiltrating edge,41
7454 G5 7455 G2,7455,G2,Infiltrating edge,42
7454 G5 7455 G2,7455,G2,Infiltrating edge,43
7454 G5 7455 G2,7455,G2,Infiltrating edge,44
7454 G5 7455 G2,7455,G2,Infiltrating edge,45
7454 G5 7455 G2,7455,G2,Infiltrating edge,46
7454 G5 7455 G2,7455,G2,Infiltrating edge,47
7454 G5 7455 G2,7455,G2,Infiltrating edge,48
7454 G5 7455 G2,7455,G2,Infiltrating edge,49
7454 G5 7455 G2,7455,G2,Infiltrating edge,50
7454 G5 7455 G2,7455,G2,Infiltrating edge,51
7454 G5 7455 G2,7455,G2,Infiltrating edge,52
7454 G5 7455 G2,7455,G2,Infiltrating edge,53
7454 G5 7455 G2,7455,G2,Infiltrating edge,54
7454 G5 7455 G2,7455,G2,Infiltrating edge,55
7454 G5 7455 G2,7455,G2,Infiltrating edge,56
7454 G5 7455 G2,7455,G2,Infiltrating edge,57
7454 G5 7455 G2,7455,G2,Infiltrating edge,58
7454 G5 7455 G2,7455,G2,Infiltrating edge,59
7454 G5 7455 G2,7455,G2,Infiltrating edge,60
7454 G5 7455 G2,7455,G2,Infiltrating edge,61
7454 G5 7455 G2,7455,G2,Infiltrating edge,62
7454 G5 7455 G2,7455,G2,Infiltrating edge,63
7454 G5 7455 G2,7455,G2,Infiltrating edge,64
7454 G5 7455 G2,7455,G2,Infiltrating edge,65
7454 G5 7455 G2,7455,G2,Infiltrating edge,66
7454 G5 7455 G2,7455,G2,Infiltrating edge,67
7454 G5 7455 G2,7455,G2,Infiltrating edge,68
7454 G5 7455 G2,7455,G2,Infiltrating edge,69
7454 G5 7455 G2,7455,G2,Infiltrating edge,70
7454 G5 7455 G2,7455,G2,Infiltrating edge,71
7454 G5 7455 G2,7455,G2,Infiltrating edge,72
7454 G5 7455 G2,7455,G2,Infiltrating edge,73
7454 G5 7455 G2,7455,G2,Infiltrating edge,74
7454 G5 7455 G2,7455,G2,Infiltrating edge,75
7454 G5 7455 G2,7455,G2,Infiltrating edge,76
7454 G5 7455 G2,7455,G2,Infiltrating edge,77
7454 G5 7455 G2,7455,G2,Infiltrating edge,78
7454 G5 7455 G2,7455,G2,Infiltrating edge,79
7454 G5 7455 G2,7455,G2,Infiltrating edge,80
7454 G5 7455 G2,7455,G2,Infiltrating edge,81
7454 G5 7455 G2,7455,G2,Infiltrating edge,82
7454 G5 7455 G2,7455,G2,Infiltrating edge,83
7454 G5 7455 G2,7455,G2,Infiltrating edge,84
7454 G5 7455 G2,7455,G2,Infiltrating edge,85
7454 G5 7455 G2,7455,G2,Infiltrating edge,86
7454 G5 7455 G2,7455,G2,Infiltrating edge,87
7454 G5 7455 G2,7455,G2,Infiltrating edge,88
7454 G5 7455 G2,7455,G2,Infiltrating edge,89
7454 G5 7455 G2,7455,G2,Infiltrating edge,90
7454 G5 7455 G2,7455,G2,Infiltrating edge,91
7454 G5 7455 G2,7455,G2,Infiltrating edge,92
7454 G5 7455 G2,7455,G2,Infiltrating edge,93
7454 G5 7455 G2,7455,G2,Infiltrating edge,94
7454 G5 7455 G2,7455,G2,Infiltrating edge,95
7454 G5 7455 G2,7455,G2,Infiltrating edge,96
7454 G5 7455 G2,7455,G2,Infiltrating edge,97
7454 G5 7455 G2,7455,G2,Infiltrating edge,98
7454 G5 7455 G2,7455,G2,Infiltrating edge,99
7454 G5 7455 G2,7455,G2,Infiltrating edge,100
7454 G7 7455 G7,7454,G7,Tumor bulk,101
7454 G7 7455 G7,7454,G7,Tumor bulk,102
7454 G7 7455 G7,7454,G7,Tumor bulk,103
7454 G7 7455 G7,7454,G7,Tumor bulk,104
7454 G7 7455 G7,7454,G7,Tumor bulk,105
7454 G7 7455 G7,7454,G7,Tumor bulk,106
7454 G7 7455 G7,7454,G7,Tumor bulk,107
7454 G7 7455 G7,7454,G7,Tumor bulk,108
7454 G7 7455 G7,7454,G7,Tumor bulk,109
7454 G7 7455 G7,7454,G7,Tumor bulk,110
7454 G7 7455 G7,7454,G7,Tumor bulk,111
7454 G7 7455 G7,7454,G7,Tumor bulk,112
7454 G7 7455 G7,7454,G7,Tumor bulk,113
7454 G7 7455 G7,7454,G7,Tumor bulk,114
7454 G7 7455 G7,7454,G7,Tumor bulk,115
7454 G7 7455 G7,7454,G7,Tumor bulk,116
7454 G7 7455 G7,7454,G7,Tumor bulk,117
7454 G7 7455 G7,7454,G7,Tumor bulk,118
7454 G7 7455 G7,7454,G7,Tumor bulk,119
7454 G7 7455 G7,7454,G7,Tumor bulk,120
7454 G7 7455 G7,7454,G7,Tumor bulk,121
7454 G7 7455 G7,7454,G7,Tumor bulk,122
7454 G7 7455 G7,7454,G7,Tumor bulk,123
7454 G7 7455 G7,7454,G7,Tumor bulk,124
7454 G7 7455 G7,7454,G7,Tumor bulk,125
7454 G7 7455 G7,7454,G7,Tumor bulk,126
7454 G7 7455 G7,7454,G7,Tumor bulk,127
7454 G7 7455 G7,7454,G7,Tumor bulk,128
7454 G7 7455 G7,7454,G7,Tumor bulk,129
7454 G7 7455 G7,7454,G7,Tumor bulk,130
7454 G7 7455 G7,7454,G7,Tumor bulk,131
7454 G7 7455 G7,7454,G7,Tumor bulk,132
7454 G7 7455 G7,7454,G7,Tumor bulk,133
7454 G7 7455 G7,7454,G7,Tumor bulk,134
7454 G7 7455 G7,7454,G7,Tumor bulk,135
7454 G7 7455 G7,7454,G7,Tumor bulk,136
7454 G7 7455 G7,7454,G7,Tumor bulk,137
7454 G7 7455 G7,7454,G7,Tumor bulk,138
7454 G7 7455 G7,7454,G7,Tumor bulk,139
7454 G7 7455 G7,7454,G7,Tumor bulk,140
7454 G7 7455 G7,7454,G7,Tumor bulk,141
7454 G7 7455 G7,7454,G7,Tumor bulk,142
7454 G7 7455 G7,7454,G7,Tumor bulk,143
7454 G7 7455 G7,7454,G7,Tumor bulk,144
7454 G7 7455 G7,7454,G7,Tumor bulk,145
7454 G7 7455 G7,7454,G7,Tumor bulk,146
7454 G7 7455 G7,7454,G7,Tumor bulk,147
7454 G7 7455 G7,7454,G7,Tumor bulk,148
7454 G7 7455 G7,7454,G7,Tumor bulk,149
7454 G7 7455 G7,7454,G7,Tumor bulk,150
7454 G7 7455 G7,7454,G7,Tumor bulk,151
7454 G7 7455 G7,7454,G7,Tumor bulk,152
7454 G7 7455 G7,7454,G7,Tumor bulk,153
7454 G7 7455 G7,7454,G7,Tumor bulk,154
7454 G7 7455 G7,7454,G7,Tumor bulk,155
7454 G7 7455 G7,7454,G7,Tumor bulk,156
7454 G7 7455 G7,7454,G7,Tumor bulk,157
7454 G7 7455 G7,7454,G7,Tumor bulk,158
7454 G7 7455 G7,7454,G7,Tumor bulk,159
7454 G7 7455 G7,7454,G7,Tumor bulk,160
7454 G7 7455 G7,7454,G7,Tumor bulk,161
7454 G7 7455 G7,7454,G7,Tumor bulk,162
7454 G7 7455 G7,7454,G7,Tumor bulk,163
7454 G7 7455 G7,7454,G7,Tumor bulk,164
7454 G7 7455 G7,7454,G7,Tumor bulk,165
7454 G7 7455 G7,7454,G7,Tumor bulk,166
7454 G7 7455 G7,7454,G7,Tumor bulk,167
7454 G7 7455 G7,7454,G7,Tumor bulk,168
7454 G7 7455 G7,7454,G7,Tumor bulk,169
7454 G7 7455 G7,7454,G7,Tumor bulk,170
7454 G7 7455 G7,7454,G7,Tumor bulk,171
7454 G7 7455 G7,7454,G7,Tumor bulk,172
7454 G7 7455 G7,7454,G7,Tumor bulk,173
7454 G7 7455 G7,7454,G7,Tumor bulk,174
7454 G7 7455 G7,7454,G7,Tumor bulk,175
7454 G7 7455 G7,7454,G7,Tumor bulk,176
7454 G7 7455 G7,7454,G7,Tumor bulk,177
7454 G7 7455 G7,7454,G7,Tumor bulk,178
7454 G7 7455 G7,7454,G7,Tumor bulk,179
7454 G7 7455 G7,7454,G7,Tumor bulk,180
7454 G7 7455 G7,7454,G7,Tumor bulk,181
7454 G7 7455 G7,7454,G7,Tumor bulk,182
7454 G7 7455 G7,7454,G7,Tumor bulk,183
7454 G7 7455 G7,7454,G7,Tumor bulk,184
7454 G7 7455 G7,7454,G7,Tumor bulk,185
7454 G7 7455 G7,7454,G7,Tumor bulk,186
7454 G7 7455 G7,7454,G7,Tumor bulk,187
7454 G7 7455 G7,7454,G7,Tumor bulk,188
7454 G7 7455 G7,7454,G7,Tumor bulk,189
7454 G7 7455 G7,7454,G7,Tumor bulk,190
7454 G7 7455 G7,7454,G7,Tumor bulk,191
7454 G7 7455 G7,7454,G7,Tumor bulk,192
7454 G7 7455 G7,7454,G7,Tumor bulk,193
7454 G7 7455 G7,7454,G7,Tumor bulk,194
7454 G7 7455 G7,7454,G7,Tumor bulk,195
7454 G7 7455 G7,7454,G7,Tumor bulk,196
7454 G7 7455 G7,7454,G7,Tumor bulk,197
7454 G7 7455 G7,7454,G7,Tumor bulk,198
7454 G7 7455 G7,7454,G7,Tumor bulk,199
7454 G7 7455 G7,7454,G7,Tumor bulk,200
7454 G7 7455 G7,7455,G7,Tumor bulk,1
7454 G7 7455 G7,7455,G7,Tumor bulk,2
7454 G7 7455 G7,7455,G7,Tumor bulk,3
7454 G7 7455 G7,7455,G7,Tumor bulk,4
7454 G7 7455 G7,7455,G7,Tumor bulk,5
7454 G7 7455 G7,7455,G7,Tumor bulk,6
7454 G7 7455 G7,7455,G7,Tumor bulk,7
7454 G7 7455 G7,7455,G7,Tumor bulk,8
7454 G7 7455 G7,7455,G7,Tumor bulk,9
7454 G7 7455 G7,7455,G7,Tumor bulk,10
7454 G7 7455 G7,7455,G7,Tumor bulk,11
7454 G7 7455 G7,7455,G7,Tumor bulk,12
7454 G7 7455 G7,7455,G7,Tumor bulk,13
7454 G7 7455 G7,7455,G7,Tumor bulk,14
7454 G7 7455 G7,7455,G7,Tumor bulk,15
7454 G7 7455 G7,7455,G7,Tumor bulk,16
7454 G7 7455 G7,7455,G7,Tumor bulk,17
7454 G7 7455 G7,7455,G7,Tumor bulk,18
7454 G7 7455 G7,7455,G7,Tumor bulk,19
7454 G7 7455 G7,7455,G7,Tumor bulk,20
7454 G7 7455 G7,7455,G7,Tumor bulk,21
7454 G7 7455 G7,7455,G7,Tumor bulk,22
7454 G7 7455 G7,7455,G7,Tumor bulk,23
7454 G7 7455 G7,7455,G7,Tumor bulk,24
7454 G7 7455 G7,7455,G7,Tumor bulk,25
7454 G7 7455 G7,7455,G7,Tumor bulk,26
7454 G7 7455 G7,7455,G7,Tumor bulk,27
7454 G7 7455 G7,7455,G7,Tumor bulk,28
7454 G7 7455 G7,7455,G7,Tumor bulk,29
7454 G7 7455 G7,7455,G7,Tumor bulk,30
7454 G7 7455 G7,7455,G7,Tumor bulk,31
7454 G7 7455 G7,7455,G7,Tumor bulk,32
7454 G7 7455 G7,7455,G7,Tumor bulk,33
7454 G7 7455 G7,7455,G7,Tumor bulk,34
7454 G7 7455 G7,7455,G7,Tumor bulk,35
7454 G7 7455 G7,7455,G7,Tumor bulk,36
7454 G7 7455 G7,7455,G7,Tumor bulk,37
7454 G7 7455 G7,7455,G7,Tumor bulk,38
7454 G7 7455 G7,7455,G7,Tumor bulk,39
7454 G7 7455 G7,7455,G7,Tumor bulk,40
7454 G7 7455 G7,7455,G7,Tumor bulk,41
7454 G7 7455 G7,7455,G7,Tumor bulk,42
7454 G7 7455 G7,7455,G7,Tumor bulk,43
7454 G7 7455 G7,7455,G7,Tumor bulk,44
7454 G7 7455 G7,7455,G7,Tumor bulk,45
7454 G7 7455 G7,7455,G7,Tumor bulk,46
7454 G7 7455 G7,7455,G7,Tumor bulk,47
7454 G7 7455 G7,7455,G7,Tumor bulk,48
7454 G7 7455 G7,7455,G7,Tumor bulk,49
7454 G7 7455 G7,7455,G7,Tumor bulk,50
7454 G7 7455 G7,7455,G7,Tumor bulk,51
7454 G7 7455 G7,7455,G7,Tumor bulk,52
7454 G7 7455 G7,7455,G7,Tumor bulk,53
7454 G7 7455 G7,7455,G7,Tumor bulk,54
7454 G7 7455 G7,7455,G7,Tumor bulk,55
7454 G7 7455 G7,7455,G7,Tumor bulk,56
7454 G7 7455 G7,7455,G7,Tumor bulk,57
7454 G7 7455 G7,7455,G7,Tumor bulk,58
7454 G7 7455 G7,7455,G7,Tumor bulk,59
7454 G7 7455 G7,7455,G7,Tumor bulk,60
7454 G7 7455 G7,7455,G7,Tumor bulk,61
7454 G7 7455 G7,7455,G7,Tumor bulk,62
7454 G7 7455 G7,7455,G7,Tumor bulk,63
7454 G7 7455 G7,7455,G7,Tumor bulk,64
7454 G7 7455 G7,7455,G7,Tumor bulk,65
7454 G7 7455 G7,7455,G7,Tumor bulk,66
7454 G7 7455 G7,7455,G7,Tumor bulk,67
7454 G7 7455 G7,7455,G7,Tumor bulk,68
7454 G7 7455 G7,7455,G7,Tumor bulk,69
7454 G7 7455 G7,7455,G7,Tumor bulk,70
7454 G7 7455 G7,7455,G7,Tumor bulk,71
7454 G7 7455 G7,7455,G7,Tumor bulk,72
7454 G7 7455 G7,7455,G7,Tumor bulk,73
7454 G7 7455 G7,7455,G7,Tumor bulk,74
7454 G7 7455 G7,7455,G7,Tumor bulk,75
7454 G7 7455 G7,7455,G7,Tumor bulk,76
7454 G7 7455 G7,7455,G7,Tumor bulk,77
7454 G7 7455 G7,7455,G7,Tumor bulk,78
7454 G7 7455 G7,7455,G7,Tumor bulk,79
7454 G7 7455 G7,7455,G7,Tumor bulk,80
7454 G7 7455 G7,7455,G7,Tumor bulk,81
7454 G7 7455 G7,7455,G7,Tumor bulk,82
7454 G7 7455 G7,7455,G7,Tumor bulk,83
7454 G7 7455 G7,7455,G7,Tumor bulk,84
7454 G7 7455 G7,7455,G7,Tumor bulk,85
7454 G7 7455 G7,7455,G7,Tumor bulk,86
7454 G7 7455 G7,7455,G7,Tumor bulk,87
7454 G7 7455 G7,7455,G7,Tumor bulk,88
7454 G7 7455 G7,7455,G7,Tumor bulk,89
7454 G7 7455 G7,7455,G7,Tumor bulk,90
7454 G7 7455 G7,7455,G7,Tumor bulk,91
7454 G7 7455 G7,7455,G7,Tumor bulk,92
7454 G7 7455 G7,7455,G7,Tumor bulk,93
7454 G7 7455 G7,7455,G7,Tumor bulk,94
7454 G7 7455 G7,7455,G7,Tumor bulk,95
7454 G7 7455 G7,7455,G7,Tumor bulk,96
7454 G7 7455 G7,7455,G7,Tumor bulk,97
7454 G7 7455 G7,7455,G7,Tumor bulk,98
7454 G7 7455 G7,7455,G7,Tumor bulk,99
7454 G7 7455 G7,7455,G7,Tumor bulk,100
7464 A14 7112 A10,7112,A10,Tumor bulk,101
7464 A14 7112 A10,7112,A10,Tumor bulk,102
7464 A14 7112 A10,7112,A10,Tumor bulk,103
7464 A14 7112 A10,7112,A10,Tumor bulk,104
7464 A14 7112 A10,7112,A10,Tumor bulk,105
7464 A14 7112 A10,7112,A10,Tumor bulk,106
7464 A14 7112 A10,7112,A10,Tumor bulk,107
7464 A14 7112 A10,7112,A10,Tumor bulk,108
7464 A14 7112 A10,7112,A10,Tumor bulk,109
7464 A14 7112 A10,7112,A10,Tumor bulk,110
7464 A14 7112 A10,7112,A10,Tumor bulk,111
7464 A14 7112 A10,7112,A10,Tumor bulk,112
7464 A14 7112 A10,7112,A10,Tumor bulk,113
7464 A14 7112 A10,7112,A10,Tumor bulk,114
7464 A14 7112 A10,7112,A10,Tumor bulk,115
7464 A14 7112 A10,7112,A10,Tumor bulk,116
7464 A14 7112 A10,7112,A10,Tumor bulk,117
7464 A14 7112 A10,7112,A10,Tumor bulk,118
7464 A14 7112 A10,7112,A10,Tumor bulk,119
7464 A14 7112 A10,7112,A10,Tumor bulk,120
7464 A14 7112 A10,7112,A10,Tumor bulk,121
7464 A14 7112 A10,7112,A10,Tumor bulk,122
7464 A14 7112 A10,7112,A10,Tumor bulk,123
7464 A14 7112 A10,7112,A10,Tumor bulk,124
7464 A14 7112 A10,7112,A10,Tumor bulk,125
7464 A14 7112 A10,7112,A10,Tumor bulk,126
7464 A14 7112 A10,7112,A10,Tumor bulk,127
7464 A14 7112 A10,7112,A10,Tumor bulk,128
7464 A14 7112 A10,7112,A10,Tumor bulk,129
7464 A14 7112 A10,7112,A10,Tumor bulk,130
7464 A14 7112 A10,7112,A10,Tumor bulk,131
7464 A14 7112 A10,7112,A10,Tumor bulk,132
7464 A14 7112 A10,7112,A10,Tumor bulk,133
7464 A14 7112 A10,7112,A10,Tumor bulk,134
7464 A14 7112 A10,7112,A10,Tumor bulk,135
7464 A14 7112 A10,7112,A10,Tumor bulk,136
7464 A14 7112 A10,7112,A10,Tumor bulk,137
7464 A14 7112 A10,7112,A10,Tumor bulk,138
7464 A14 7112 A10,7112,A10,Tumor bulk,139
7464 A14 7112 A10,7112,A10,Tumor bulk,140
7464 A14 7112 A10,7112,A10,Tumor bulk,141
7464 A14 7112 A10,7112,A10,Tumor bulk,142
7464 A14 7112 A10,7112,A10,Tumor bulk,143
7464 A14 7112 A10,7112,A10,Tumor bulk,144
7464 A14 7112 A10,7112,A10,Tumor bulk,145
7464 A14 7112 A10,7112,A10,Tumor bulk,146
7464 A14 7112 A10,7112,A10,Tumor bulk,147
7464 A14 7112 A10,7112,A10,Tumor bulk,148
7464 A14 7112 A10,7112,A10,Tumor bulk,149
7464 A14 7112 A10,7112,A10,Tumor bulk,150
7464 A14 7112 A10,7112,A10,Tumor bulk,151
7464 A14 7112 A10,7112,A10,Tumor bulk,152
7464 A14 7112 A10,7112,A10,Tumor bulk,153
7464 A14 7112 A10,7112,A10,Tumor bulk,154
7464 A14 7112 A10,7112,A10,Tumor bulk,155
7464 A14 7112 A10,7112,A10,Tumor bulk,156
7464 A14 7112 A10,7112,A10,Tumor bulk,157
7464 A14 7112 A10,7112,A10,Tumor bulk,158
7464 A14 7112 A10,7112,A10,Tumor bulk,159
7464 A14 7112 A10,7112,A10,Tumor bulk,160
7464 A14 7112 A10,7112,A10,Tumor bulk,161
7464 A14 7112 A10,7112,A10,Tumor bulk,162
7464 A14 7112 A10,7112,A10,Tumor bulk,163
7464 A14 7112 A10,7112,A10,Tumor bulk,164
7464 A14 7112 A10,7112,A10,Tumor bulk,165
7464 A14 7112 A10,7112,A10,Tumor bulk,166
7464 A14 7112 A10,7112,A10,Tumor bulk,167
7464 A14 7112 A10,7112,A10,Tumor bulk,168
7464 A14 7112 A10,7112,A10,Tumor bulk,169
7464 A14 7112 A10,7112,A10,Tumor bulk,170
7464 A14 7112 A10,7112,A10,Tumor bulk,171
7464 A14 7112 A10,7112,A10,Tumor bulk,172
7464 A14 7112 A10,7112,A10,Tumor bulk,173
7464 A14 7112 A10,7112,A10,Tumor bulk,174
7464 A14 7112 A10,7112,A10,Tumor bulk,175
7464 A14 7112 A10,7112,A10,Tumor bulk,176
7464 A14 7112 A10,7112,A10,Tumor bulk,177
7464 A14 7112 A10,7112,A10,Tumor bulk,178
7464 A14 7112 A10,7112,A10,Tumor bulk,179
7464 A14 7112 A10,7112,A10,Tumor bulk,180
7464 A14 7112 A10,7112,A10,Tumor bulk,181
7464 A14 7112 A10,7112,A10,Tumor bulk,182
7464 A14 7112 A10,7112,A10,Tumor bulk,183
7464 A14 7112 A10,7112,A10,Tumor bulk,184
7464 A14 7112 A10,7112,A10,Tumor bulk,185
7464 A14 7112 A10,7112,A10,Tumor bulk,186
7464 A14 7112 A10,7112,A10,Tumor bulk,187
7464 A14 7112 A10,7112,A10,Tumor bulk,188
7464 A14 7112 A10,7112,A10,Tumor bulk,189
7464 A14 7112 A10,7112,A10,Tumor bulk,190
7464 A14 7112 A10,7112,A10,Tumor bulk,191
7464 A14 7112 A10,7112,A10,Tumor bulk,192
7464 A14 7112 A10,7112,A10,Tumor bulk,193
7464 A14 7112 A10,7112,A10,Tumor bulk,194
7464 A14 7112 A10,7112,A10,Tumor bulk,195
7464 A14 7112 A10,7112,A10,Tumor bulk,196
7464 A14 7112 A10,7112,A10,Tumor bulk,197
7464 A14 7112 A10,7112,A10,Tumor bulk,198
7464 A14 7112 A10,7112,A10,Tumor bulk,199
7464 A14 7112 A10,7112,A10,Tumor bulk,200
7464 A14 7112 A10,7464,A14,Infiltrating edge,1
7464 A14 7112 A10,7464,A14,Infiltrating edge,2
7464 A14 7112 A10,7464,A14,Infiltrating edge,3
7464 A14 7112 A10,7464,A14,Infiltrating edge,4
7464 A14 7112 A10,7464,A14,Infiltrating edge,5
7464 A14 7112 A10,7464,A14,Infiltrating edge,6
7464 A14 7112 A10,7464,A14,Infiltrating edge,7
7464 A14 7112 A10,7464,A14,Infiltrating edge,8
7464 A14 7112 A10,7464,A14,Infiltrating edge,9
7464 A14 7112 A10,7464,A14,Infiltrating edge,10
7464 A14 7112 A10,7464,A14,Infiltrating edge,11
7464 A14 7112 A10,7464,A14,Infiltrating edge,12
7464 A14 7112 A10,7464,A14,Infiltrating edge,13
7464 A14 7112 A10,7464,A14,Infiltrating edge,14
7464 A14 7112 A10,7464,A14,Infiltrating edge,15
7464 A14 7112 A10,7464,A14,Infiltrating edge,16
7464 A14 7112 A10,7464,A14,Infiltrating edge,17
7464 A14 7112 A10,7464,A14,Infiltrating edge,18
7464 A14 7112 A10,7464,A14,Infiltrating edge,19
7464 A14 7112 A10,7464,A14,Infiltrating edge,20
7464 A14 7112 A10,7464,A14,Infiltrating edge,21
7464 A14 7112 A10,7464,A14,Infiltrating edge,22
7464 A14 7112 A10,7464,A14,Infiltrating edge,23
7464 A14 7112 A10,7464,A14,Infiltrating edge,24
7464 A14 7112 A10,7464,A14,Infiltrating edge,25
7464 A14 7112 A10,7464,A14,Infiltrating edge,26
7464 A14 7112 A10,7464,A14,Infiltrating edge,27
7464 A14 7112 A10,7464,A14,Infiltrating edge,28
7464 A14 7112 A10,7464,A14,Infiltrating edge,29
7464 A14 7112 A10,7464,A14,Infiltrating edge,30
7464 A14 7112 A10,7464,A14,Infiltrating edge,31
7464 A14 7112 A10,7464,A14,Infiltrating edge,32
7464 A14 7112 A10,7464,A14,Infiltrating edge,33
7464 A14 7112 A10,7464,A14,Infiltrating edge,34
7464 A14 7112 A10,7464,A14,Infiltrating edge,35
7464 A14 7112 A10,7464,A14,Infiltrating edge,36
7464 A14 7112 A10,7464,A14,Infiltrating edge,37
7464 A14 7112 A10,7464,A14,Infiltrating edge,38
7464 A14 7112 A10,7464,A14,Infiltrating edge,39
7464 A14 7112 A10,7464,A14,Infiltrating edge,40
7464 A14 7112 A10,7464,A14,Infiltrating edge,41
7464 A14 7112 A10,7464,A14,Infiltrating edge,42
7464 A14 7112 A10,7464,A14,Infiltrating edge,43
7464 A14 7112 A10,7464,A14,Infiltrating edge,44
7464 A14 7112 A10,7464,A14,Infiltrating edge,45
7464 A14 7112 A10,7464,A14,Infiltrating edge,46
7464 A14 7112 A10,7464,A14,Infiltrating edge,47
7464 A14 7112 A10,7464,A14,Infiltrating edge,48
7464 A14 7112 A10,7464,A14,Infiltrating edge,49
7464 A14 7112 A10,7464,A14,Infiltrating edge,50
7464 A14 7112 A10,7464,A14,Infiltrating edge,51
7464 A14 7112 A10,7464,A14,Infiltrating edge,52
7464 A14 7112 A10,7464,A14,Infiltrating edge,53
7464 A14 7112 A10,7464,A14,Infiltrating edge,54
7464 A14 7112 A10,7464,A14,Infiltrating edge,55
7464 A14 7112 A10,7464,A14,Infiltrating edge,56
7464 A14 7112 A10,7464,A14,Infiltrating edge,57
7464 A14 7112 A10,7464,A14,Infiltrating edge,58
7464 A14 7112 A10,7464,A14,Infiltrating edge,59
7464 A14 7112 A10,7464,A14,Infiltrating edge,60
7464 A14 7112 A10,7464,A14,Infiltrating edge,61
7464 A14 7112 A10,7464,A14,Infiltrating edge,62
7464 A14 7112 A10,7464,A14,Infiltrating edge,63
7464 A14 7112 A10,7464,A14,Infiltrating edge,64
7464 A14 7112 A10,7464,A14,Infiltrating edge,65
7464 A14 7112 A10,7464,A14,Infiltrating edge,66
7464 A14 7112 A10,7464,A14,Infiltrating edge,67
7464 A14 7112 A10,7464,A14,Infiltrating edge,68
7464 A14 7112 A10,7464,A14,Infiltrating edge,69
7464 A14 7112 A10,7464,A14,Infiltrating edge,70
7464 A14 7112 A10,7464,A14,Infiltrating edge,71
7464 A14 7112 A10,7464,A14,Infiltrating edge,72
7464 A14 7112 A10,7464,A14,Infiltrating edge,73
7464 A14 7112 A10,7464,A14,Infiltrating edge,74
7464 A14 7112 A10,7464,A14,Infiltrating edge,75
7464 A14 7112 A10,7464,A14,Infiltrating edge,76
7464 A14 7112 A10,7464,A14,Infiltrating edge,77
7464 A14 7112 A10,7464,A14,Infiltrating edge,78
7464 A14 7112 A10,7464,A14,Infiltrating edge,79
7464 A14 7112 A10,7464,A14,Infiltrating edge,80
7464 A14 7112 A10,7464,A14,Infiltrating edge,81
7464 A14 7112 A10,7464,A14,Infiltrating edge,82
7464 A14 7112 A10,7464,A14,Infiltrating edge,83
7464 A14 7112 A10,7464,A14,Infiltrating edge,84
7464 A14 7112 A10,7464,A14,Infiltrating edge,85
7464 A14 7112 A10,7464,A14,Infiltrating edge,86
7464 A14 7112 A10,7464,A14,Infiltrating edge,87
7464 A14 7112 A10,7464,A14,Infiltrating edge,88
7464 A14 7112 A10,7464,A14,Infiltrating edge,89
7464 A14 7112 A10,7464,A14,Infiltrating edge,90
7464 A14 7112 A10,7464,A14,Infiltrating edge,91
7464 A14 7112 A10,7464,A14,Infiltrating edge,92
7464 A14 7112 A10,7464,A14,Infiltrating edge,93
7464 A14 7112 A10,7464,A14,Infiltrating edge,94
7464 A14 7112 A10,7464,A14,Infiltrating edge,95
7464 A14 7112 A10,7464,A14,Infiltrating edge,96
7464 A14 7112 A10,7464,A14,Infiltrating edge,97
7464 A14 7112 A10,7464,A14,Infiltrating edge,98
7464 A14 7112 A10,7464,A14,Infiltrating edge,99
7464 A14 7112 A10,7464,A14,Infiltrating edge,100
7464 A7 7470 A6,7464,A7,Contralateral uninvolved,101
7464 A7 7470 A6,7464,A7,Contralateral uninvolved,102
7464 A7 7470 A6,7464,A7,Contralateral uninvolved,103
7464 A7 7470 A6,7464,A7,Contralateral uninvolved,104
7464 A7 7470 A6,7464,A7,Contralateral uninvolved,105
7464 A7 7470 A6,7464,A7,Contralateral uninvolved,106
7464 A7 7470 A6,7464,A7,Contralateral uninvolved,107
7464 A7 7470 A6,7464,A7,Contralateral uninvolved,108
7464 A7 7470 A6,7464,A7,Contralateral uninvolved,109
7464 A7 7470 A6,7464,A7,Contralateral uninvolved,110
7464 A7 7470 A6,7464,A7,Contralateral uninvolved,111
7464 A7 7470 A6,7464,A7,Contralateral uninvolved,112
7464 A7 7470 A6,7464,A7,Contralateral uninvolved,113
7464 A7 7470 A6,7464,A7,Contralateral uninvolved,114
7464 A7 7470 A6,7464,A7,Contralateral uninvolved,115
7464 A7 7470 A6,7464,A7,Contralateral uninvolved,116
7464 A7 7470 A6,7464,A7,Contralateral uninvolved,117
7464 A7 7470 A6,7464,A7,Contralateral uninvolved,118
7464 A7 7470 A6,7464,A7,Contralateral uninvolved,119
7464 A7 7470 A6,7464,A7,Contralateral uninvolved,120
7464 A7 7470 A6,7464,A7,Contralateral uninvolved,121
7464 A7 7470 A6,7464,A7,Contralateral uninvolved,122
7464 A7 7470 A6,7464,A7,Contralateral uninvolved,123
7464 A7 7470 A6,7464,A7,Contralateral uninvolved,124
7464 A7 7470 A6,7464,A7,Contralateral uninvolved,125
7464 A7 7470 A6,7464,A7,Contralateral uninvolved,126
7464 A7 7470 A6,7464,A7,Contralateral uninvolved,127
7464 A7 7470 A6,7464,A7,Contralateral uninvolved,128
7464 A7 7470 A6,7464,A7,Contralateral uninvolved,129
7464 A7 7470 A6,7464,A7,Contralateral uninvolved,130
7464 A7 7470 A6,7464,A7,Contralateral uninvolved,131
7464 A7 7470 A6,7464,A7,Contralateral uninvolved,132
7464 A7 7470 A6,7464,A7,Contralateral uninvolved,133
7464 A7 7470 A6,7464,A7,Contralateral uninvolved,134
7464 A7 7470 A6,7464,A7,Contralateral uninvolved,135
7464 A7 7470 A6,7464,A7,Contralateral uninvolved,136
7464 A7 7470 A6,7464,A7,Contralateral uninvolved,137
7464 A7 7470 A6,7464,A7,Contralateral uninvolved,138
7464 A7 7470 A6,7464,A7,Contralateral uninvolved,139
7464 A7 7470 A6,7464,A7,Contralateral uninvolved,140
7464 A7 7470 A6,7464,A7,Contralateral uninvolved,141
7464 A7 7470 A6,7464,A7,Contralateral uninvolved,142
7464 A7 7470 A6,7464,A7,Contralateral uninvolved,143
7464 A7 7470 A6,7464,A7,Contralateral uninvolved,144
7464 A7 7470 A6,7464,A7,Contralateral uninvolved,145
7464 A7 7470 A6,7464,A7,Contralateral uninvolved,146
7464 A7 7470 A6,7464,A7,Contralateral uninvolved,147
7464 A7 7470 A6,7464,A7,Contralateral uninvolved,148
7464 A7 7470 A6,7464,A7,Contralateral uninvolved,149
7464 A7 7470 A6,7464,A7,Contralateral uninvolved,150
7464 A7 7470 A6,7464,A7,Contralateral uninvolved,151
7464 A7 7470 A6,7464,A7,Contralateral uninvolved,152
7464 A7 7470 A6,7464,A7,Contralateral uninvolved,153
7464 A7 7470 A6,7464,A7,Contralateral uninvolved,154
7464 A7 7470 A6,7464,A7,Contralateral uninvolved,155
7464 A7 7470 A6,7464,A7,Contralateral uninvolved,156
7464 A7 7470 A6,7464,A7,Contralateral uninvolved,157
7464 A7 7470 A6,7464,A7,Contralateral uninvolved,158
7464 A7 7470 A6,7464,A7,Contralateral uninvolved,159
7464 A7 7470 A6,7464,A7,Contralateral uninvolved,160
7464 A7 7470 A6,7464,A7,Contralateral uninvolved,161
7464 A7 7470 A6,7464,A7,Contralateral uninvolved,162
7464 A7 7470 A6,7464,A7,Contralateral uninvolved,163
7464 A7 7470 A6,7464,A7,Contralateral uninvolved,164
7464 A7 7470 A6,7464,A7,Contralateral uninvolved,165
7464 A7 7470 A6,7464,A7,Contralateral uninvolved,166
7464 A7 7470 A6,7464,A7,Contralateral uninvolved,167
7464 A7 7470 A6,7464,A7,Contralateral uninvolved,168
7464 A7 7470 A6,7464,A7,Contralateral uninvolved,169
7464 A7 7470 A6,7464,A7,Contralateral uninvolved,170
7464 A7 7470 A6,7464,A7,Contralateral uninvolved,171
7464 A7 7470 A6,7464,A7,Contralateral uninvolved,172
7464 A7 7470 A6,7464,A7,Contralateral uninvolved,173
7464 A7 7470 A6,7464,A7,Contralateral uninvolved,174
7464 A7 7470 A6,7464,A7,Contralateral uninvolved,175
7464 A7 7470 A6,7464,A7,Contralateral uninvolved,176
7464 A7 7470 A6,7464,A7,Contralateral uninvolved,177
7464 A7 7470 A6,7464,A7,Contralateral uninvolved,178
7464 A7 7470 A6,7464,A7,Contralateral uninvolved,179
7464 A7 7470 A6,7464,A7,Contralateral uninvolved,180
7464 A7 7470 A6,7464,A7,Contralateral uninvolved,181
7464 A7 7470 A6,7464,A7,Contralateral uninvolved,182
7464 A7 7470 A6,7464,A7,Contralateral uninvolved,183
7464 A7 7470 A6,7464,A7,Contralateral uninvolved,184
7464 A7 7470 A6,7464,A7,Contralateral uninvolved,185
7464 A7 7470 A6,7464,A7,Contralateral uninvolved,186
7464 A7 7470 A6,7464,A7,Contralateral uninvolved,187
7464 A7 7470 A6,7464,A7,Contralateral uninvolved,188
7464 A7 7470 A6,7464,A7,Contralateral uninvolved,189
7464 A7 7470 A6,7464,A7,Contralateral uninvolved,190
7464 A7 7470 A6,7464,A7,Contralateral uninvolved,191
7464 A7 7470 A6,7464,A7,Contralateral uninvolved,192
7464 A7 7470 A6,7464,A7,Contralateral uninvolved,193
7464 A7 7470 A6,7464,A7,Contralateral uninvolved,194
7464 A7 7470 A6,7464,A7,Contralateral uninvolved,195
7464 A7 7470 A6,7464,A7,Contralateral uninvolved,196
7464 A7 7470 A6,7464,A7,Contralateral uninvolved,197
7464 A7 7470 A6,7464,A7,Contralateral uninvolved,198
7464 A7 7470 A6,7464,A7,Contralateral uninvolved,199
7464 A7 7470 A6,7464,A7,Contralateral uninvolved,200
7464 A7 7470 A6,7470,A6,Contralateral uninvolved,1
7464 A7 7470 A6,7470,A6,Contralateral uninvolved,2
7464 A7 7470 A6,7470,A6,Contralateral uninvolved,3
7464 A7 7470 A6,7470,A6,Contralateral uninvolved,4
7464 A7 7470 A6,7470,A6,Contralateral uninvolved,5
7464 A7 7470 A6,7470,A6,Contralateral uninvolved,6
7464 A7 7470 A6,7470,A6,Contralateral uninvolved,7
7464 A7 7470 A6,7470,A6,Contralateral uninvolved,8
7464 A7 7470 A6,7470,A6,Contralateral uninvolved,9
7464 A7 7470 A6,7470,A6,Contralateral uninvolved,10
7464 A7 7470 A6,7470,A6,Contralateral uninvolved,11
7464 A7 7470 A6,7470,A6,Contralateral uninvolved,12
7464 A7 7470 A6,7470,A6,Contralateral uninvolved,13
7464 A7 7470 A6,7470,A6,Contralateral uninvolved,14
7464 A7 7470 A6,7470,A6,Contralateral uninvolved,15
7464 A7 7470 A6,7470,A6,Contralateral uninvolved,16
7464 A7 7470 A6,7470,A6,Contralateral uninvolved,17
7464 A7 7470 A6,7470,A6,Contralateral uninvolved,18
7464 A7 7470 A6,7470,A6,Contralateral uninvolved,19
7464 A7 7470 A6,7470,A6,Contralateral uninvolved,20
7464 A7 7470 A6,7470,A6,Contralateral uninvolved,21
7464 A7 7470 A6,7470,A6,Contralateral uninvolved,22
7464 A7 7470 A6,7470,A6,Contralateral uninvolved,23
7464 A7 7470 A6,7470,A6,Contralateral uninvolved,24
7464 A7 7470 A6,7470,A6,Contralateral uninvolved,25
7464 A7 7470 A6,7470,A6,Contralateral uninvolved,26
7464 A7 7470 A6,7470,A6,Contralateral uninvolved,27
7464 A7 7470 A6,7470,A6,Contralateral uninvolved,28
7464 A7 7470 A6,7470,A6,Contralateral uninvolved,29
7464 A7 7470 A6,7470,A6,Contralateral uninvolved,30
7464 A7 7470 A6,7470,A6,Contralateral uninvolved,31
7464 A7 7470 A6,7470,A6,Contralateral uninvolved,32
7464 A7 7470 A6,7470,A6,Contralateral uninvolved,33
7464 A7 7470 A6,7470,A6,Contralateral uninvolved,34
7464 A7 7470 A6,7470,A6,Contralateral uninvolved,35
7464 A7 7470 A6,7470,A6,Contralateral uninvolved,36
7464 A7 7470 A6,7470,A6,Contralateral uninvolved,37
7464 A7 7470 A6,7470,A6,Contralateral uninvolved,38
7464 A7 7470 A6,7470,A6,Contralateral uninvolved,39
7464 A7 7470 A6,7470,A6,Contralateral uninvolved,40
7464 A7 7470 A6,7470,A6,Contralateral uninvolved,41
7464 A7 7470 A6,7470,A6,Contralateral uninvolved,42
7464 A7 7470 A6,7470,A6,Contralateral uninvolved,43
7464 A7 7470 A6,7470,A6,Contralateral uninvolved,44
7464 A7 7470 A6,7470,A6,Contralateral uninvolved,45
7464 A7 7470 A6,7470,A6,Contralateral uninvolved,46
7464 A7 7470 A6,7470,A6,Contralateral uninvolved,47
7464 A7 7470 A6,7470,A6,Contralateral uninvolved,48
7464 A7 7470 A6,7470,A6,Contralateral uninvolved,49
7464 A7 7470 A6,7470,A6,Contralateral uninvolved,50
7464 A7 7470 A6,7470,A6,Contralateral uninvolved,51
7464 A7 7470 A6,7470,A6,Contralateral uninvolved,52
7464 A7 7470 A6,7470,A6,Contralateral uninvolved,53
7464 A7 7470 A6,7470,A6,Contralateral uninvolved,54
7464 A7 7470 A6,7470,A6,Contralateral uninvolved,55
7464 A7 7470 A6,7470,A6,Contralateral uninvolved,56
7464 A7 7470 A6,7470,A6,Contralateral uninvolved,57
7464 A7 7470 A6,7470,A6,Contralateral uninvolved,58
7464 A7 7470 A6,7470,A6,Contralateral uninvolved,59
7464 A7 7470 A6,7470,A6,Contralateral uninvolved,60
7464 A7 7470 A6,7470,A6,Contralateral uninvolved,61
7464 A7 7470 A6,7470,A6,Contralateral uninvolved,62
7464 A7 7470 A6,7470,A6,Contralateral uninvolved,63
7464 A7 7470 A6,7470,A6,Contralateral uninvolved,64
7464 A7 7470 A6,7470,A6,Contralateral uninvolved,65
7464 A7 7470 A6,7470,A6,Contralateral uninvolved,66
7464 A7 7470 A6,7470,A6,Contralateral uninvolved,67
7464 A7 7470 A6,7470,A6,Contralateral uninvolved,68
7464 A7 7470 A6,7470,A6,Contralateral uninvolved,69
7464 A7 7470 A6,7470,A6,Contralateral uninvolved,70
7464 A7 7470 A6,7470,A6,Contralateral uninvolved,71
7464 A7 7470 A6,7470,A6,Contralateral uninvolved,72
7464 A7 7470 A6,7470,A6,Contralateral uninvolved,73
7464 A7 7470 A6,7470,A6,Contralateral uninvolved,74
7464 A7 7470 A6,7470,A6,Contralateral uninvolved,75
7464 A7 7470 A6,7470,A6,Contralateral uninvolved,76
7464 A7 7470 A6,7470,A6,Contralateral uninvolved,77
7464 A7 7470 A6,7470,A6,Contralateral uninvolved,78
7464 A7 7470 A6,7470,A6,Contralateral uninvolved,79
7464 A7 7470 A6,7470,A6,Contralateral uninvolved,80
7464 A7 7470 A6,7470,A6,Contralateral uninvolved,81
7464 A7 7470 A6,7470,A6,Contralateral uninvolved,82
7464 A7 7470 A6,7470,A6,Contralateral uninvolved,83
7464 A7 7470 A6,7470,A6,Contralateral uninvolved,84
7464 A7 7470 A6,7470,A6,Contralateral uninvolved,85
7464 A7 7470 A6,7470,A6,Contralateral uninvolved,86
7464 A7 7470 A6,7470,A6,Contralateral uninvolved,87
7464 A7 7470 A6,7470,A6,Contralateral uninvolved,88
7464 A7 7470 A6,7470,A6,Contralateral uninvolved,89
7464 A7 7470 A6,7470,A6,Contralateral uninvolved,90
7464 A7 7470 A6,7470,A6,Contralateral uninvolved,91
7464 A7 7470 A6,7470,A6,Contralateral uninvolved,92
7464 A7 7470 A6,7470,A6,Contralateral uninvolved,93
7464 A7 7470 A6,7470,A6,Contralateral uninvolved,94
7464 A7 7470 A6,7470,A6,Contralateral uninvolved,95
7464 A7 7470 A6,7470,A6,Contralateral uninvolved,96
7464 A7 7470 A6,7470,A6,Contralateral uninvolved,97
7464 A7 7470 A6,7470,A6,Contralateral uninvolved,98
7464 A7 7470 A6,7470,A6,Contralateral uninvolved,99
7464 A7 7470 A6,7470,A6,Contralateral uninvolved,100
7470 G4 7147 A2,7147,A2,Infiltrating edge,101
7470 G4 7147 A2,7147,A2,Infiltrating edge,102
7470 G4 7147 A2,7147,A2,Infiltrating edge,103
7470 G4 7147 A2,7147,A2,Infiltrating edge,104
7470 G4 7147 A2,7147,A2,Infiltrating edge,105
7470 G4 7147 A2,7147,A2,Infiltrating edge,106
7470 G4 7147 A2,7147,A2,Infiltrating edge,107
7470 G4 7147 A2,7147,A2,Infiltrating edge,108
7470 G4 7147 A2,7147,A2,Infiltrating edge,109
7470 G4 7147 A2,7147,A2,Infiltrating edge,110
7470 G4 7147 A2,7147,A2,Infiltrating edge,111
7470 G4 7147 A2,7147,A2,Infiltrating edge,112
7470 G4 7147 A2,7147,A2,Infiltrating edge,113
7470 G4 7147 A2,7147,A2,Infiltrating edge,114
7470 G4 7147 A2,7147,A2,Infiltrating edge,115
7470 G4 7147 A2,7147,A2,Infiltrating edge,116
7470 G4 7147 A2,7147,A2,Infiltrating edge,117
7470 G4 7147 A2,7147,A2,Infiltrating edge,118
7470 G4 7147 A2,7147,A2,Infiltrating edge,119
7470 G4 7147 A2,7147,A2,Infiltrating edge,120
7470 G4 7147 A2,7147,A2,Infiltrating edge,121
7470 G4 7147 A2,7147,A2,Infiltrating edge,122
7470 G4 7147 A2,7147,A2,Infiltrating edge,123
7470 G4 7147 A2,7147,A2,Infiltrating edge,124
7470 G4 7147 A2,7147,A2,Infiltrating edge,125
7470 G4 7147 A2,7147,A2,Infiltrating edge,126
7470 G4 7147 A2,7147,A2,Infiltrating edge,127
7470 G4 7147 A2,7147,A2,Infiltrating edge,128
7470 G4 7147 A2,7147,A2,Infiltrating edge,129
7470 G4 7147 A2,7147,A2,Infiltrating edge,130
7470 G4 7147 A2,7147,A2,Infiltrating edge,131
7470 G4 7147 A2,7147,A2,Infiltrating edge,132
7470 G4 7147 A2,7147,A2,Infiltrating edge,133
7470 G4 7147 A2,7147,A2,Infiltrating edge,134
7470 G4 7147 A2,7147,A2,Infiltrating edge,135
7470 G4 7147 A2,7147,A2,Infiltrating edge,136
7470 G4 7147 A2,7147,A2,Infiltrating edge,137
7470 G4 7147 A2,7147,A2,Infiltrating edge,138
7470 G4 7147 A2,7147,A2,Infiltrating edge,139
7470 G4 7147 A2,7147,A2,Infiltrating edge,140
7470 G4 7147 A2,7147,A2,Infiltrating edge,141
7470 G4 7147 A2,7147,A2,Infiltrating edge,142
7470 G4 7147 A2,7147,A2,Infiltrating edge,143
7470 G4 7147 A2,7147,A2,Infiltrating edge,144
7470 G4 7147 A2,7147,A2,Infiltrating edge,145
7470 G4 7147 A2,7147,A2,Infiltrating edge,146
7470 G4 7147 A2,7147,A2,Infiltrating edge,147
7470 G4 7147 A2,7147,A2,Infiltrating edge,148
7470 G4 7147 A2,7147,A2,Infiltrating edge,149
7470 G4 7147 A2,7147,A2,Infiltrating edge,150
7470 G4 7147 A2,7147,A2,Infiltrating edge,151
7470 G4 7147 A2,7147,A2,Infiltrating edge,152
7470 G4 7147 A2,7147,A2,Infiltrating edge,153
7470 G4 7147 A2,7147,A2,Infiltrating edge,154
7470 G4 7147 A2,7147,A2,Infiltrating edge,155
7470 G4 7147 A2,7147,A2,Infiltrating edge,156
7470 G4 7147 A2,7147,A2,Infiltrating edge,157
7470 G4 7147 A2,7147,A2,Infiltrating edge,158
7470 G4 7147 A2,7147,A2,Infiltrating edge,159
7470 G4 7147 A2,7147,A2,Infiltrating edge,160
7470 G4 7147 A2,7147,A2,Infiltrating edge,161
7470 G4 7147 A2,7147,A2,Infiltrating edge,162
7470 G4 7147 A2,7147,A2,Infiltrating edge,163
7470 G4 7147 A2,7147,A2,Infiltrating edge,164
7470 G4 7147 A2,7147,A2,Infiltrating edge,165
7470 G4 7147 A2,7147,A2,Infiltrating edge,166
7470 G4 7147 A2,7147,A2,Infiltrating edge,167
7470 G4 7147 A2,7147,A2,Infiltrating edge,168
7470 G4 7147 A2,7147,A2,Infiltrating edge,169
7470 G4 7147 A2,7147,A2,Infiltrating edge,170
7470 G4 7147 A2,7147,A2,Infiltrating edge,171
7470 G4 7147 A2,7147,A2,Infiltrating edge,172
7470 G4 7147 A2,7147,A2,Infiltrating edge,173
7470 G4 7147 A2,7147,A2,Infiltrating edge,174
7470 G4 7147 A2,7147,A2,Infiltrating edge,175
7470 G4 7147 A2,7147,A2,Infiltrating edge,176
7470 G4 7147 A2,7147,A2,Infiltrating edge,177
7470 G4 7147 A2,7147,A2,Infiltrating edge,178
7470 G4 7147 A2,7147,A2,Infiltrating edge,179
7470 G4 7147 A2,7147,A2,Infiltrating edge,180
7470 G4 7147 A2,7147,A2,Infiltrating edge,181
7470 G4 7147 A2,7147,A2,Infiltrating edge,182
7470 G4 7147 A2,7147,A2,Infiltrating edge,183
7470 G4 7147 A2,7147,A2,Infiltrating edge,184
7470 G4 7147 A2,7147,A2,Infiltrating edge,185
7470 G4 7147 A2,7147,A2,Infiltrating edge,186
7470 G4 7147 A2,7147,A2,Infiltrating edge,187
7470 G4 7147 A2,7147,A2,Infiltrating edge,188
7470 G4 7147 A2,7147,A2,Infiltrating edge,189
7470 G4 7147 A2,7147,A2,Infiltrating edge,190
7470 G4 7147 A2,7147,A2,Infiltrating edge,191
7470 G4 7147 A2,7147,A2,Infiltrating edge,192
7470 G4 7147 A2,7147,A2,Infiltrating edge,193
7470 G4 7147 A2,7147,A2,Infiltrating edge,194
7470 G4 7147 A2,7147,A2,Infiltrating edge,195
7470 G4 7147 A2,7147,A2,Infiltrating edge,196
7470 G4 7147 A2,7147,A2,Infiltrating edge,197
7470 G4 7147 A2,7147,A2,Infiltrating edge,198
7470 G4 7147 A2,7147,A2,Infiltrating edge,199
7470 G4 7147 A2,7147,A2,Infiltrating edge,200
7470 G4 7147 A2,7470,G4,Infiltrating edge,1
7470 G4 7147 A2,7470,G4,Infiltrating edge,2
7470 G4 7147 A2,7470,G4,Infiltrating edge,3
7470 G4 7147 A2,7470,G4,Infiltrating edge,4
7470 G4 7147 A2,7470,G4,Infiltrating edge,5
7470 G4 7147 A2,7470,G4,Infiltrating edge,6
7470 G4 7147 A2,7470,G4,Infiltrating edge,7
7470 G4 7147 A2,7470,G4,Infiltrating edge,8
7470 G4 7147 A2,7470,G4,Infiltrating edge,9
7470 G4 7147 A2,7470,G4,Infiltrating edge,10
7470 G4 7147 A2,7470,G4,Infiltrating edge,11
7470 G4 7147 A2,7470,G4,Infiltrating edge,12
7470 G4 7147 A2,7470,G4,Infiltrating edge,13
7470 G4 7147 A2,7470,G4,Infiltrating edge,14
7470 G4 7147 A2,7470,G4,Infiltrating edge,15
7470 G4 7147 A2,7470,G4,Infiltrating edge,16
7470 G4 7147 A2,7470,G4,Infiltrating edge,17
7470 G4 7147 A2,7470,G4,Infiltrating edge,18
7470 G4 7147 A2,7470,G4,Infiltrating edge,19
7470 G4 7147 A2,7470,G4,Infiltrating edge,20
7470 G4 7147 A2,7470,G4,Infiltrating edge,21
7470 G4 7147 A2,7470,G4,Infiltrating edge,22
7470 G4 7147 A2,7470,G4,Infiltrating edge,23
7470 G4 7147 A2,7470,G4,Infiltrating edge,24
7470 G4 7147 A2,7470,G4,Infiltrating edge,25
7470 G4 7147 A2,7470,G4,Infiltrating edge,26
7470 G4 7147 A2,7470,G4,Infiltrating edge,27
7470 G4 7147 A2,7470,G4,Infiltrating edge,28
7470 G4 7147 A2,7470,G4,Infiltrating edge,29
7470 G4 7147 A2,7470,G4,Infiltrating edge,30
7470 G4 7147 A2,7470,G4,Infiltrating edge,31
7470 G4 7147 A2,7470,G4,Infiltrating edge,32
7470 G4 7147 A2,7470,G4,Infiltrating edge,33
7470 G4 7147 A2,7470,G4,Infiltrating edge,34
7470 G4 7147 A2,7470,G4,Infiltrating edge,35
7470 G4 7147 A2,7470,G4,Infiltrating edge,36
7470 G4 7147 A2,7470,G4,Infiltrating edge,37
7470 G4 7147 A2,7470,G4,Infiltrating edge,38
7470 G4 7147 A2,7470,G4,Infiltrating edge,39
7470 G4 7147 A2,7470,G4,Infiltrating edge,40
7470 G4 7147 A2,7470,G4,Infiltrating edge,41
7470 G4 7147 A2,7470,G4,Infiltrating edge,42
7470 G4 7147 A2,7470,G4,Infiltrating edge,43
7470 G4 7147 A2,7470,G4,Infiltrating edge,44
7470 G4 7147 A2,7470,G4,Infiltrating edge,45
7470 G4 7147 A2,7470,G4,Infiltrating edge,46
7470 G4 7147 A2,7470,G4,Infiltrating edge,47
7470 G4 7147 A2,7470,G4,Infiltrating edge,48
7470 G4 7147 A2,7470,G4,Infiltrating edge,49
7470 G4 7147 A2,7470,G4,Infiltrating edge,50
7470 G4 7147 A2,7470,G4,Infiltrating edge,51
7470 G4 7147 A2,7470,G4,Infiltrating edge,52
7470 G4 7147 A2,7470,G4,Infiltrating edge,53
7470 G4 7147 A2,7470,G4,Infiltrating edge,54
7470 G4 7147 A2,7470,G4,Infiltrating edge,55
7470 G4 7147 A2,7470,G4,Infiltrating edge,56
7470 G4 7147 A2,7470,G4,Infiltrating edge,57
7470 G4 7147 A2,7470,G4,Infiltrating edge,58
7470 G4 7147 A2,7470,G4,Infiltrating edge,59
7470 G4 7147 A2,7470,G4,Infiltrating edge,60
7470 G4 7147 A2,7470,G4,Infiltrating edge,61
7470 G4 7147 A2,7470,G4,Infiltrating edge,62
7470 G4 7147 A2,7470,G4,Infiltrating edge,63
7470 G4 7147 A2,7470,G4,Infiltrating edge,64
7470 G4 7147 A2,7470,G4,Infiltrating edge,65
7470 G4 7147 A2,7470,G4,Infiltrating edge,66
7470 G4 7147 A2,7470,G4,Infiltrating edge,67
7470 G4 7147 A2,7470,G4,Infiltrating edge,68
7470 G4 7147 A2,7470,G4,Infiltrating edge,69
7470 G4 7147 A2,7470,G4,Infiltrating edge,70
7470 G4 7147 A2,7470,G4,Infiltrating edge,71
7470 G4 7147 A2,7470,G4,Infiltrating edge,72
7470 G4 7147 A2,7470,G4,Infiltrating edge,73
7470 G4 7147 A2,7470,G4,Infiltrating edge,74
7470 G4 7147 A2,7470,G4,Infiltrating edge,75
7470 G4 7147 A2,7470,G4,Infiltrating edge,76
7470 G4 7147 A2,7470,G4,Infiltrating edge,77
7470 G4 7147 A2,7470,G4,Infiltrating edge,78
7470 G4 7147 A2,7470,G4,Infiltrating edge,79
7470 G4 7147 A2,7470,G4,Infiltrating edge,80
7470 G4 7147 A2,7470,G4,Infiltrating edge,81
7470 G4 7147 A2,7470,G4,Infiltrating edge,82
7470 G4 7147 A2,7470,G4,Infiltrating edge,83
7470 G4 7147 A2,7470,G4,Infiltrating edge,84
7470 G4 7147 A2,7470,G4,Infiltrating edge,85
7470 G4 7147 A2,7470,G4,Infiltrating edge,86
7470 G4 7147 A2,7470,G4,Infiltrating edge,87
7470 G4 7147 A2,7470,G4,Infiltrating edge,88
7470 G4 7147 A2,7470,G4,Infiltrating edge,89
7470 G4 7147 A2,7470,G4,Infiltrating edge,90
7470 G4 7147 A2,7470,G4,Infiltrating edge,91
7470 G4 7147 A2,7470,G4,Infiltrating edge,92
7470 G4 7147 A2,7470,G4,Infiltrating edge,93
7470 G4 7147 A2,7470,G4,Infiltrating edge,94
7470 G4 7147 A2,7470,G4,Infiltrating edge,95
7470 G4 7147 A2,7470,G4,Infiltrating edge,96
7470 G4 7147 A2,7470,G4,Infiltrating edge,97
7470 G4 7147 A2,7470,G4,Infiltrating edge,98
7470 G4 7147 A2,7470,G4,Infiltrating edge,99
7470 G4 7147 A2,7470,G4,Infiltrating edge,100
7522 A7 7583 A6,7522,A7,Contralateral uninvolved,101
7522 A7 7583 A6,7522,A7,Contralateral uninvolved,102
7522 A7 7583 A6,7522,A7,Contralateral uninvolved,103
7522 A7 7583 A6,7522,A7,Contralateral uninvolved,104
7522 A7 7583 A6,7522,A7,Contralateral uninvolved,105
7522 A7 7583 A6,7522,A7,Contralateral uninvolved,106
7522 A7 7583 A6,7522,A7,Contralateral uninvolved,107
7522 A7 7583 A6,7522,A7,Contralateral uninvolved,108
7522 A7 7583 A6,7522,A7,Contralateral uninvolved,109
7522 A7 7583 A6,7522,A7,Contralateral uninvolved,110
7522 A7 7583 A6,7522,A7,Contralateral uninvolved,111
7522 A7 7583 A6,7522,A7,Contralateral uninvolved,112
7522 A7 7583 A6,7522,A7,Contralateral uninvolved,113
7522 A7 7583 A6,7522,A7,Contralateral uninvolved,114
7522 A7 7583 A6,7522,A7,Contralateral uninvolved,115
7522 A7 7583 A6,7522,A7,Contralateral uninvolved,116
7522 A7 7583 A6,7522,A7,Contralateral uninvolved,117
7522 A7 7583 A6,7522,A7,Contralateral uninvolved,118
7522 A7 7583 A6,7522,A7,Contralateral uninvolved,119
7522 A7 7583 A6,7522,A7,Contralateral uninvolved,120
7522 A7 7583 A6,7522,A7,Contralateral uninvolved,121
7522 A7 7583 A6,7522,A7,Contralateral uninvolved,122
7522 A7 7583 A6,7522,A7,Contralateral uninvolved,123
7522 A7 7583 A6,7522,A7,Contralateral uninvolved,124
7522 A7 7583 A6,7522,A7,Contralateral uninvolved,125
7522 A7 7583 A6,7522,A7,Contralateral uninvolved,126
7522 A7 7583 A6,7522,A7,Contralateral uninvolved,127
7522 A7 7583 A6,7522,A7,Contralateral uninvolved,128
7522 A7 7583 A6,7522,A7,Contralateral uninvolved,129
7522 A7 7583 A6,7522,A7,Contralateral uninvolved,130
7522 A7 7583 A6,7522,A7,Contralateral uninvolved,131
7522 A7 7583 A6,7522,A7,Contralateral uninvolved,132
7522 A7 7583 A6,7522,A7,Contralateral uninvolved,133
7522 A7 7583 A6,7522,A7,Contralateral uninvolved,134
7522 A7 7583 A6,7522,A7,Contralateral uninvolved,135
7522 A7 7583 A6,7522,A7,Contralateral uninvolved,136
7522 A7 7583 A6,7522,A7,Contralateral uninvolved,137
7522 A7 7583 A6,7522,A7,Contralateral uninvolved,138
7522 A7 7583 A6,7522,A7,Contralateral uninvolved,139
7522 A7 7583 A6,7522,A7,Contralateral uninvolved,140
7522 A7 7583 A6,7522,A7,Contralateral uninvolved,141
7522 A7 7583 A6,7522,A7,Contralateral uninvolved,142
7522 A7 7583 A6,7522,A7,Contralateral uninvolved,143
7522 A7 7583 A6,7522,A7,Contralateral uninvolved,144
7522 A7 7583 A6,7522,A7,Contralateral uninvolved,145
7522 A7 7583 A6,7522,A7,Contralateral uninvolved,146
7522 A7 7583 A6,7522,A7,Contralateral uninvolved,147
7522 A7 7583 A6,7522,A7,Contralateral uninvolved,148
7522 A7 7583 A6,7522,A7,Contralateral uninvolved,149
7522 A7 7583 A6,7522,A7,Contralateral uninvolved,150
7522 A7 7583 A6,7522,A7,Contralateral uninvolved,151
7522 A7 7583 A6,7522,A7,Contralateral uninvolved,152
7522 A7 7583 A6,7522,A7,Contralateral uninvolved,153
7522 A7 7583 A6,7522,A7,Contralateral uninvolved,154
7522 A7 7583 A6,7522,A7,Contralateral uninvolved,155
7522 A7 7583 A6,7522,A7,Contralateral uninvolved,156
7522 A7 7583 A6,7522,A7,Contralateral uninvolved,157
7522 A7 7583 A6,7522,A7,Contralateral uninvolved,158
7522 A7 7583 A6,7522,A7,Contralateral uninvolved,159
7522 A7 7583 A6,7522,A7,Contralateral uninvolved,160
7522 A7 7583 A6,7522,A7,Contralateral uninvolved,161
7522 A7 7583 A6,7522,A7,Contralateral uninvolved,162
7522 A7 7583 A6,7522,A7,Contralateral uninvolved,163
7522 A7 7583 A6,7522,A7,Contralateral uninvolved,164
7522 A7 7583 A6,7522,A7,Contralateral uninvolved,165
7522 A7 7583 A6,7522,A7,Contralateral uninvolved,166
7522 A7 7583 A6,7522,A7,Contralateral uninvolved,167
7522 A7 7583 A6,7522,A7,Contralateral uninvolved,168
7522 A7 7583 A6,7522,A7,Contralateral uninvolved,169
7522 A7 7583 A6,7522,A7,Contralateral uninvolved,170
7522 A7 7583 A6,7522,A7,Contralateral uninvolved,171
7522 A7 7583 A6,7522,A7,Contralateral uninvolved,172
7522 A7 7583 A6,7522,A7,Contralateral uninvolved,173
7522 A7 7583 A6,7522,A7,Contralateral uninvolved,174
7522 A7 7583 A6,7522,A7,Contralateral uninvolved,175
7522 A7 7583 A6,7522,A7,Contralateral uninvolved,176
7522 A7 7583 A6,7522,A7,Contralateral uninvolved,177
7522 A7 7583 A6,7522,A7,Contralateral uninvolved,178
7522 A7 7583 A6,7522,A7,Contralateral uninvolved,179
7522 A7 7583 A6,7522,A7,Contralateral uninvolved,180
7522 A7 7583 A6,7522,A7,Contralateral uninvolved,181
7522 A7 7583 A6,7522,A7,Contralateral uninvolved,182
7522 A7 7583 A6,7522,A7,Contralateral uninvolved,183
7522 A7 7583 A6,7522,A7,Contralateral uninvolved,184
7522 A7 7583 A6,7522,A7,Contralateral uninvolved,185
7522 A7 7583 A6,7522,A7,Contralateral uninvolved,186
7522 A7 7583 A6,7522,A7,Contralateral uninvolved,187
7522 A7 7583 A6,7522,A7,Contralateral uninvolved,188
7522 A7 7583 A6,7522,A7,Contralateral uninvolved,189
7522 A7 7583 A6,7522,A7,Contralateral uninvolved,190
7522 A7 7583 A6,7522,A7,Contralateral uninvolved,191
7522 A7 7583 A6,7522,A7,Contralateral uninvolved,192
7522 A7 7583 A6,7522,A7,Contralateral uninvolved,193
7522 A7 7583 A6,7522,A7,Contralateral uninvolved,194
7522 A7 7583 A6,7522,A7,Contralateral uninvolved,195
7522 A7 7583 A6,7522,A7,Contralateral uninvolved,196
7522 A7 7583 A6,7522,A7,Contralateral uninvolved,197
7522 A7 7583 A6,7522,A7,Contralateral uninvolved,198
7522 A7 7583 A6,7522,A7,Contralateral uninvolved,199
7522 A7 7583 A6,7522,A7,Contralateral uninvolved,200
7522 A7 7583 A6,7583,A6,Contralateral uninvolved,1
7522 A7 7583 A6,7583,A6,Contralateral uninvolved,2
7522 A7 7583 A6,7583,A6,Contralateral uninvolved,3
7522 A7 7583 A6,7583,A6,Contralateral uninvolved,4
7522 A7 7583 A6,7583,A6,Contralateral uninvolved,5
7522 A7 7583 A6,7583,A6,Contralateral uninvolved,6
7522 A7 7583 A6,7583,A6,Contralateral uninvolved,7
7522 A7 7583 A6,7583,A6,Contralateral uninvolved,8
7522 A7 7583 A6,7583,A6,Contralateral uninvolved,9
7522 A7 7583 A6,7583,A6,Contralateral uninvolved,10
7522 A7 7583 A6,7583,A6,Contralateral uninvolved,11
7522 A7 7583 A6,7583,A6,Contralateral uninvolved,12
7522 A7 7583 A6,7583,A6,Contralateral uninvolved,13
7522 A7 7583 A6,7583,A6,Contralateral uninvolved,14
7522 A7 7583 A6,7583,A6,Contralateral uninvolved,15
7522 A7 7583 A6,7583,A6,Contralateral uninvolved,16
7522 A7 7583 A6,7583,A6,Contralateral uninvolved,17
7522 A7 7583 A6,7583,A6,Contralateral uninvolved,18
7522 A7 7583 A6,7583,A6,Contralateral uninvolved,19
7522 A7 7583 A6,7583,A6,Contralateral uninvolved,20
7522 A7 7583 A6,7583,A6,Contralateral uninvolved,21
7522 A7 7583 A6,7583,A6,Contralateral uninvolved,22
7522 A7 7583 A6,7583,A6,Contralateral uninvolved,23
7522 A7 7583 A6,7583,A6,Contralateral uninvolved,24
7522 A7 7583 A6,7583,A6,Contralateral uninvolved,25
7522 A7 7583 A6,7583,A6,Contralateral uninvolved,26
7522 A7 7583 A6,7583,A6,Contralateral uninvolved,27
7522 A7 7583 A6,7583,A6,Contralateral uninvolved,28
7522 A7 7583 A6,7583,A6,Contralateral uninvolved,29
7522 A7 7583 A6,7583,A6,Contralateral uninvolved,30
7522 A7 7583 A6,7583,A6,Contralateral uninvolved,31
7522 A7 7583 A6,7583,A6,Contralateral uninvolved,32
7522 A7 7583 A6,7583,A6,Contralateral uninvolved,33
7522 A7 7583 A6,7583,A6,Contralateral uninvolved,34
7522 A7 7583 A6,7583,A6,Contralateral uninvolved,35
7522 A7 7583 A6,7583,A6,Contralateral uninvolved,36
7522 A7 7583 A6,7583,A6,Contralateral uninvolved,37
7522 A7 7583 A6,7583,A6,Contralateral uninvolved,38
7522 A7 7583 A6,7583,A6,Contralateral uninvolved,39
7522 A7 7583 A6,7583,A6,Contralateral uninvolved,40
7522 A7 7583 A6,7583,A6,Contralateral uninvolved,41
7522 A7 7583 A6,7583,A6,Contralateral uninvolved,42
7522 A7 7583 A6,7583,A6,Contralateral uninvolved,43
7522 A7 7583 A6,7583,A6,Contralateral uninvolved,44
7522 A7 7583 A6,7583,A6,Contralateral uninvolved,45
7522 A7 7583 A6,7583,A6,Contralateral uninvolved,46
7522 A7 7583 A6,7583,A6,Contralateral uninvolved,47
7522 A7 7583 A6,7583,A6,Contralateral uninvolved,48
7522 A7 7583 A6,7583,A6,Contralateral uninvolved,49
7522 A7 7583 A6,7583,A6,Contralateral uninvolved,50
7522 A7 7583 A6,7583,A6,Contralateral uninvolved,51
7522 A7 7583 A6,7583,A6,Contralateral uninvolved,52
7522 A7 7583 A6,7583,A6,Contralateral uninvolved,53
7522 A7 7583 A6,7583,A6,Contralateral uninvolved,54
7522 A7 7583 A6,7583,A6,Contralateral uninvolved,55
7522 A7 7583 A6,7583,A6,Contralateral uninvolved,56
7522 A7 7583 A6,7583,A6,Contralateral uninvolved,57
7522 A7 7583 A6,7583,A6,Contralateral uninvolved,58
7522 A7 7583 A6,7583,A6,Contralateral uninvolved,59
7522 A7 7583 A6,7583,A6,Contralateral uninvolved,60
7522 A7 7583 A6,7583,A6,Contralateral uninvolved,61
7522 A7 7583 A6,7583,A6,Contralateral uninvolved,62
7522 A7 7583 A6,7583,A6,Contralateral uninvolved,63
7522 A7 7583 A6,7583,A6,Contralateral uninvolved,64
7522 A7 7583 A6,7583,A6,Contralateral uninvolved,65
7522 A7 7583 A6,7583,A6,Contralateral uninvolved,66
7522 A7 7583 A6,7583,A6,Contralateral uninvolved,67
7522 A7 7583 A6,7583,A6,Contralateral uninvolved,68
7522 A7 7583 A6,7583,A6,Contralateral uninvolved,69
7522 A7 7583 A6,7583,A6,Contralateral uninvolved,70
7522 A7 7583 A6,7583,A6,Contralateral uninvolved,71
7522 A7 7583 A6,7583,A6,Contralateral uninvolved,72
7522 A7 7583 A6,7583,A6,Contralateral uninvolved,73
7522 A7 7583 A6,7583,A6,Contralateral uninvolved,74
7522 A7 7583 A6,7583,A6,Contralateral uninvolved,75
7522 A7 7583 A6,7583,A6,Contralateral uninvolved,76
7522 A7 7583 A6,7583,A6,Contralateral uninvolved,77
7522 A7 7583 A6,7583,A6,Contralateral uninvolved,78
7522 A7 7583 A6,7583,A6,Contralateral uninvolved,79
7522 A7 7583 A6,7583,A6,Contralateral uninvolved,80
7522 A7 7583 A6,7583,A6,Contralateral uninvolved,81
7522 A7 7583 A6,7583,A6,Contralateral uninvolved,82
7522 A7 7583 A6,7583,A6,Contralateral uninvolved,83
7522 A7 7583 A6,7583,A6,Contralateral uninvolved,84
7522 A7 7583 A6,7583,A6,Contralateral uninvolved,85
7522 A7 7583 A6,7583,A6,Contralateral uninvolved,86
7522 A7 7583 A6,7583,A6,Contralateral uninvolved,87
7522 A7 7583 A6,7583,A6,Contralateral uninvolved,88
7522 A7 7583 A6,7583,A6,Contralateral uninvolved,89
7522 A7 7583 A6,7583,A6,Contralateral uninvolved,90
7522 A7 7583 A6,7583,A6,Contralateral uninvolved,91
7522 A7 7583 A6,7583,A6,Contralateral uninvolved,92
7522 A7 7583 A6,7583,A6,Contralateral uninvolved,93
7522 A7 7583 A6,7583,A6,Contralateral uninvolved,94
7522 A7 7583 A6,7583,A6,Contralateral uninvolved,95
7522 A7 7583 A6,7583,A6,Contralateral uninvolved,96
7522 A7 7583 A6,7583,A6,Contralateral uninvolved,97
7522 A7 7583 A6,7583,A6,Contralateral uninvolved,98
7522 A7 7583 A6,7583,A6,Contralateral uninvolved,99
7522 A7 7583 A6,7583,A6,Contralateral uninvolved,100
7605 A6 8021 A7,7605,A6,Contralateral uninvolved,101
7605 A6 8021 A7,7605,A6,Contralateral uninvolved,102
7605 A6 8021 A7,7605,A6,Contralateral uninvolved,103
7605 A6 8021 A7,7605,A6,Contralateral uninvolved,104
7605 A6 8021 A7,7605,A6,Contralateral uninvolved,105
7605 A6 8021 A7,7605,A6,Contralateral uninvolved,106
7605 A6 8021 A7,7605,A6,Contralateral uninvolved,107
7605 A6 8021 A7,7605,A6,Contralateral uninvolved,108
7605 A6 8021 A7,7605,A6,Contralateral uninvolved,109
7605 A6 8021 A7,7605,A6,Contralateral uninvolved,110
7605 A6 8021 A7,7605,A6,Contralateral uninvolved,111
7605 A6 8021 A7,7605,A6,Contralateral uninvolved,112
7605 A6 8021 A7,7605,A6,Contralateral uninvolved,113
7605 A6 8021 A7,7605,A6,Contralateral uninvolved,114
7605 A6 8021 A7,7605,A6,Contralateral uninvolved,115
7605 A6 8021 A7,7605,A6,Contralateral uninvolved,116
7605 A6 8021 A7,7605,A6,Contralateral uninvolved,117
7605 A6 8021 A7,7605,A6,Contralateral uninvolved,118
7605 A6 8021 A7,7605,A6,Contralateral uninvolved,119
7605 A6 8021 A7,7605,A6,Contralateral uninvolved,120
7605 A6 8021 A7,7605,A6,Contralateral uninvolved,121
7605 A6 8021 A7,7605,A6,Contralateral uninvolved,122
7605 A6 8021 A7,7605,A6,Contralateral uninvolved,123
7605 A6 8021 A7,7605,A6,Contralateral uninvolved,124
7605 A6 8021 A7,7605,A6,Contralateral uninvolved,125
7605 A6 8021 A7,7605,A6,Contralateral uninvolved,126
7605 A6 8021 A7,7605,A6,Contralateral uninvolved,127
7605 A6 8021 A7,7605,A6,Contralateral uninvolved,128
7605 A6 8021 A7,7605,A6,Contralateral uninvolved,129
7605 A6 8021 A7,7605,A6,Contralateral uninvolved,130
7605 A6 8021 A7,7605,A6,Contralateral uninvolved,131
7605 A6 8021 A7,7605,A6,Contralateral uninvolved,132
7605 A6 8021 A7,7605,A6,Contralateral uninvolved,133
7605 A6 8021 A7,7605,A6,Contralateral uninvolved,134
7605 A6 8021 A7,7605,A6,Contralateral uninvolved,135
7605 A6 8021 A7,7605,A6,Contralateral uninvolved,136
7605 A6 8021 A7,7605,A6,Contralateral uninvolved,137
7605 A6 8021 A7,7605,A6,Contralateral uninvolved,138
7605 A6 8021 A7,7605,A6,Contralateral uninvolved,139
7605 A6 8021 A7,7605,A6,Contralateral uninvolved,140
7605 A6 8021 A7,7605,A6,Contralateral uninvolved,141
7605 A6 8021 A7,7605,A6,Contralateral uninvolved,142
7605 A6 8021 A7,7605,A6,Contralateral uninvolved,143
7605 A6 8021 A7,7605,A6,Contralateral uninvolved,144
7605 A6 8021 A7,7605,A6,Contralateral uninvolved,145
7605 A6 8021 A7,7605,A6,Contralateral uninvolved,146
7605 A6 8021 A7,7605,A6,Contralateral uninvolved,147
7605 A6 8021 A7,7605,A6,Contralateral uninvolved,148
7605 A6 8021 A7,7605,A6,Contralateral uninvolved,149
7605 A6 8021 A7,7605,A6,Contralateral uninvolved,150
7605 A6 8021 A7,7605,A6,Contralateral uninvolved,151
7605 A6 8021 A7,7605,A6,Contralateral uninvolved,152
7605 A6 8021 A7,7605,A6,Contralateral uninvolved,153
7605 A6 8021 A7,7605,A6,Contralateral uninvolved,154
7605 A6 8021 A7,7605,A6,Contralateral uninvolved,155
7605 A6 8021 A7,7605,A6,Contralateral uninvolved,156
7605 A6 8021 A7,7605,A6,Contralateral uninvolved,157
7605 A6 8021 A7,7605,A6,Contralateral uninvolved,158
7605 A6 8021 A7,7605,A6,Contralateral uninvolved,159
7605 A6 8021 A7,7605,A6,Contralateral uninvolved,160
7605 A6 8021 A7,7605,A6,Contralateral uninvolved,161
7605 A6 8021 A7,7605,A6,Contralateral uninvolved,162
7605 A6 8021 A7,7605,A6,Contralateral uninvolved,163
7605 A6 8021 A7,7605,A6,Contralateral uninvolved,164
7605 A6 8021 A7,7605,A6,Contralateral uninvolved,165
7605 A6 8021 A7,7605,A6,Contralateral uninvolved,166
7605 A6 8021 A7,7605,A6,Contralateral uninvolved,167
7605 A6 8021 A7,7605,A6,Contralateral uninvolved,168
7605 A6 8021 A7,7605,A6,Contralateral uninvolved,169
7605 A6 8021 A7,7605,A6,Contralateral uninvolved,170
7605 A6 8021 A7,7605,A6,Contralateral uninvolved,171
7605 A6 8021 A7,7605,A6,Contralateral uninvolved,172
7605 A6 8021 A7,7605,A6,Contralateral uninvolved,173
7605 A6 8021 A7,7605,A6,Contralateral uninvolved,174
7605 A6 8021 A7,7605,A6,Contralateral uninvolved,175
7605 A6 8021 A7,7605,A6,Contralateral uninvolved,176
7605 A6 8021 A7,7605,A6,Contralateral uninvolved,177
7605 A6 8021 A7,7605,A6,Contralateral uninvolved,178
7605 A6 8021 A7,7605,A6,Contralateral uninvolved,179
7605 A6 8021 A7,7605,A6,Contralateral uninvolved,180
7605 A6 8021 A7,7605,A6,Contralateral uninvolved,181
7605 A6 8021 A7,7605,A6,Contralateral uninvolved,182
7605 A6 8021 A7,7605,A6,Contralateral uninvolved,183
7605 A6 8021 A7,7605,A6,Contralateral uninvolved,184
7605 A6 8021 A7,7605,A6,Contralateral uninvolved,185
7605 A6 8021 A7,7605,A6,Contralateral uninvolved,186
7605 A6 8021 A7,7605,A6,Contralateral uninvolved,187
7605 A6 8021 A7,7605,A6,Contralateral uninvolved,188
7605 A6 8021 A7,7605,A6,Contralateral uninvolved,189
7605 A6 8021 A7,7605,A6,Contralateral uninvolved,190
7605 A6 8021 A7,7605,A6,Contralateral uninvolved,191
7605 A6 8021 A7,7605,A6,Contralateral uninvolved,192
7605 A6 8021 A7,7605,A6,Contralateral uninvolved,193
7605 A6 8021 A7,7605,A6,Contralateral uninvolved,194
7605 A6 8021 A7,7605,A6,Contralateral uninvolved,195
7605 A6 8021 A7,7605,A6,Contralateral uninvolved,196
7605 A6 8021 A7,7605,A6,Contralateral uninvolved,197
7605 A6 8021 A7,7605,A6,Contralateral uninvolved,198
7605 A6 8021 A7,7605,A6,Contralateral uninvolved,199
7605 A6 8021 A7,7605,A6,Contralateral uninvolved,200
7605 A6 8021 A7,8021,A7,Contralateral uninvolved,1
7605 A6 8021 A7,8021,A7,Contralateral uninvolved,2
7605 A6 8021 A7,8021,A7,Contralateral uninvolved,3
7605 A6 8021 A7,8021,A7,Contralateral uninvolved,4
7605 A6 8021 A7,8021,A7,Contralateral uninvolved,5
7605 A6 8021 A7,8021,A7,Contralateral uninvolved,6
7605 A6 8021 A7,8021,A7,Contralateral uninvolved,7
7605 A6 8021 A7,8021,A7,Contralateral uninvolved,8
7605 A6 8021 A7,8021,A7,Contralateral uninvolved,9
7605 A6 8021 A7,8021,A7,Contralateral uninvolved,10
7605 A6 8021 A7,8021,A7,Contralateral uninvolved,11
7605 A6 8021 A7,8021,A7,Contralateral uninvolved,12
7605 A6 8021 A7,8021,A7,Contralateral uninvolved,13
7605 A6 8021 A7,8021,A7,Contralateral uninvolved,14
7605 A6 8021 A7,8021,A7,Contralateral uninvolved,15
7605 A6 8021 A7,8021,A7,Contralateral uninvolved,16
7605 A6 8021 A7,8021,A7,Contralateral uninvolved,17
7605 A6 8021 A7,8021,A7,Contralateral uninvolved,18
7605 A6 8021 A7,8021,A7,Contralateral uninvolved,19
7605 A6 8021 A7,8021,A7,Contralateral uninvolved,20
7605 A6 8021 A7,8021,A7,Contralateral uninvolved,21
7605 A6 8021 A7,8021,A7,Contralateral uninvolved,22
7605 A6 8021 A7,8021,A7,Contralateral uninvolved,23
7605 A6 8021 A7,8021,A7,Contralateral uninvolved,24
7605 A6 8021 A7,8021,A7,Contralateral uninvolved,25
7605 A6 8021 A7,8021,A7,Contralateral uninvolved,26
7605 A6 8021 A7,8021,A7,Contralateral uninvolved,27
7605 A6 8021 A7,8021,A7,Contralateral uninvolved,28
7605 A6 8021 A7,8021,A7,Contralateral uninvolved,29
7605 A6 8021 A7,8021,A7,Contralateral uninvolved,30
7605 A6 8021 A7,8021,A7,Contralateral uninvolved,31
7605 A6 8021 A7,8021,A7,Contralateral uninvolved,32
7605 A6 8021 A7,8021,A7,Contralateral uninvolved,33
7605 A6 8021 A7,8021,A7,Contralateral uninvolved,34
7605 A6 8021 A7,8021,A7,Contralateral uninvolved,35
7605 A6 8021 A7,8021,A7,Contralateral uninvolved,36
7605 A6 8021 A7,8021,A7,Contralateral uninvolved,37
7605 A6 8021 A7,8021,A7,Contralateral uninvolved,38
7605 A6 8021 A7,8021,A7,Contralateral uninvolved,39
7605 A6 8021 A7,8021,A7,Contralateral uninvolved,40
7605 A6 8021 A7,8021,A7,Contralateral uninvolved,41
7605 A6 8021 A7,8021,A7,Contralateral uninvolved,42
7605 A6 8021 A7,8021,A7,Contralateral uninvolved,43
7605 A6 8021 A7,8021,A7,Contralateral uninvolved,44
7605 A6 8021 A7,8021,A7,Contralateral uninvolved,45
7605 A6 8021 A7,8021,A7,Contralateral uninvolved,46
7605 A6 8021 A7,8021,A7,Contralateral uninvolved,47
7605 A6 8021 A7,8021,A7,Contralateral uninvolved,48
7605 A6 8021 A7,8021,A7,Contralateral uninvolved,49
7605 A6 8021 A7,8021,A7,Contralateral uninvolved,50
7605 A6 8021 A7,8021,A7,Contralateral uninvolved,51
7605 A6 8021 A7,8021,A7,Contralateral uninvolved,52
7605 A6 8021 A7,8021,A7,Contralateral uninvolved,53
7605 A6 8021 A7,8021,A7,Contralateral uninvolved,54
7605 A6 8021 A7,8021,A7,Contralateral uninvolved,55
7605 A6 8021 A7,8021,A7,Contralateral uninvolved,56
7605 A6 8021 A7,8021,A7,Contralateral uninvolved,57
7605 A6 8021 A7,8021,A7,Contralateral uninvolved,58
7605 A6 8021 A7,8021,A7,Contralateral uninvolved,59
7605 A6 8021 A7,8021,A7,Contralateral uninvolved,60
7605 A6 8021 A7,8021,A7,Contralateral uninvolved,61
7605 A6 8021 A7,8021,A7,Contralateral uninvolved,62
7605 A6 8021 A7,8021,A7,Contralateral uninvolved,63
7605 A6 8021 A7,8021,A7,Contralateral uninvolved,64
7605 A6 8021 A7,8021,A7,Contralateral uninvolved,65
7605 A6 8021 A7,8021,A7,Contralateral uninvolved,66
7605 A6 8021 A7,8021,A7,Contralateral uninvolved,67
7605 A6 8021 A7,8021,A7,Contralateral uninvolved,68
7605 A6 8021 A7,8021,A7,Contralateral uninvolved,69
7605 A6 8021 A7,8021,A7,Contralateral uninvolved,70
7605 A6 8021 A7,8021,A7,Contralateral uninvolved,71
7605 A6 8021 A7,8021,A7,Contralateral uninvolved,72
7605 A6 8021 A7,8021,A7,Contralateral uninvolved,73
7605 A6 8021 A7,8021,A7,Contralateral uninvolved,74
7605 A6 8021 A7,8021,A7,Contralateral uninvolved,75
7605 A6 8021 A7,8021,A7,Contralateral uninvolved,76
7605 A6 8021 A7,8021,A7,Contralateral uninvolved,77
7605 A6 8021 A7,8021,A7,Contralateral uninvolved,78
7605 A6 8021 A7,8021,A7,Contralateral uninvolved,79
7605 A6 8021 A7,8021,A7,Contralateral uninvolved,80
7605 A6 8021 A7,8021,A7,Contralateral uninvolved,81
7605 A6 8021 A7,8021,A7,Contralateral uninvolved,82
7605 A6 8021 A7,8021,A7,Contralateral uninvolved,83
7605 A6 8021 A7,8021,A7,Contralateral uninvolved,84
7605 A6 8021 A7,8021,A7,Contralateral uninvolved,85
7605 A6 8021 A7,8021,A7,Contralateral uninvolved,86
7605 A6 8021 A7,8021,A7,Contralateral uninvolved,87
7605 A6 8021 A7,8021,A7,Contralateral uninvolved,88
7605 A6 8021 A7,8021,A7,Contralateral uninvolved,89
7605 A6 8021 A7,8021,A7,Contralateral uninvolved,90
7605 A6 8021 A7,8021,A7,Contralateral uninvolved,91
7605 A6 8021 A7,8021,A7,Contralateral uninvolved,92
7605 A6 8021 A7,8021,A7,Contralateral uninvolved,93
7605 A6 8021 A7,8021,A7,Contralateral uninvolved,94
7605 A6 8021 A7,8021,A7,Contralateral uninvolved,95
7605 A6 8021 A7,8021,A7,Contralateral uninvolved,96
7605 A6 8021 A7,8021,A7,Contralateral uninvolved,97
7605 A6 8021 A7,8021,A7,Contralateral uninvolved,98
7605 A6 8021 A7,8021,A7,Contralateral uninvolved,99
7605 A6 8021 A7,8021,A7,Contralateral uninvolved,100
7605 G2 7670 G3,7605,G2,Infiltrating edge,1
7605 G2 7670 G3,7605,G2,Infiltrating edge,2
7605 G2 7670 G3,7605,G2,Infiltrating edge,3
7605 G2 7670 G3,7605,G2,Infiltrating edge,4
7605 G2 7670 G3,7605,G2,Infiltrating edge,5
7605 G2 7670 G3,7605,G2,Infiltrating edge,6
7605 G2 7670 G3,7605,G2,Infiltrating edge,7
7605 G2 7670 G3,7605,G2,Infiltrating edge,8
7605 G2 7670 G3,7605,G2,Infiltrating edge,9
7605 G2 7670 G3,7605,G2,Infiltrating edge,10
7605 G2 7670 G3,7605,G2,Infiltrating edge,11
7605 G2 7670 G3,7605,G2,Infiltrating edge,12
7605 G2 7670 G3,7605,G2,Infiltrating edge,13
7605 G2 7670 G3,7605,G2,Infiltrating edge,14
7605 G2 7670 G3,7605,G2,Infiltrating edge,15
7605 G2 7670 G3,7605,G2,Infiltrating edge,16
7605 G2 7670 G3,7605,G2,Infiltrating edge,17
7605 G2 7670 G3,7605,G2,Infiltrating edge,18
7605 G2 7670 G3,7605,G2,Infiltrating edge,19
7605 G2 7670 G3,7605,G2,Infiltrating edge,20
7605 G2 7670 G3,7605,G2,Infiltrating edge,21
7605 G2 7670 G3,7605,G2,Infiltrating edge,22
7605 G2 7670 G3,7605,G2,Infiltrating edge,23
7605 G2 7670 G3,7605,G2,Infiltrating edge,24
7605 G2 7670 G3,7605,G2,Infiltrating edge,25
7605 G2 7670 G3,7605,G2,Infiltrating edge,26
7605 G2 7670 G3,7605,G2,Infiltrating edge,27
7605 G2 7670 G3,7605,G2,Infiltrating edge,28
7605 G2 7670 G3,7605,G2,Infiltrating edge,29
7605 G2 7670 G3,7605,G2,Infiltrating edge,30
7605 G2 7670 G3,7605,G2,Infiltrating edge,31
7605 G2 7670 G3,7605,G2,Infiltrating edge,32
7605 G2 7670 G3,7605,G2,Infiltrating edge,33
7605 G2 7670 G3,7605,G2,Infiltrating edge,34
7605 G2 7670 G3,7605,G2,Infiltrating edge,35
7605 G2 7670 G3,7605,G2,Infiltrating edge,36
7605 G2 7670 G3,7605,G2,Infiltrating edge,37
7605 G2 7670 G3,7605,G2,Infiltrating edge,38
7605 G2 7670 G3,7605,G2,Infiltrating edge,39
7605 G2 7670 G3,7605,G2,Infiltrating edge,40
7605 G2 7670 G3,7605,G2,Infiltrating edge,41
7605 G2 7670 G3,7605,G2,Infiltrating edge,42
7605 G2 7670 G3,7605,G2,Infiltrating edge,43
7605 G2 7670 G3,7605,G2,Infiltrating edge,44
7605 G2 7670 G3,7605,G2,Infiltrating edge,45
7605 G2 7670 G3,7605,G2,Infiltrating edge,46
7605 G2 7670 G3,7605,G2,Infiltrating edge,47
7605 G2 7670 G3,7605,G2,Infiltrating edge,48
7605 G2 7670 G3,7605,G2,Infiltrating edge,49
7605 G2 7670 G3,7605,G2,Infiltrating edge,50
7605 G2 7670 G3,7605,G2,Infiltrating edge,51
7605 G2 7670 G3,7605,G2,Infiltrating edge,52
7605 G2 7670 G3,7605,G2,Infiltrating edge,53
7605 G2 7670 G3,7605,G2,Infiltrating edge,54
7605 G2 7670 G3,7605,G2,Infiltrating edge,55
7605 G2 7670 G3,7605,G2,Infiltrating edge,56
7605 G2 7670 G3,7605,G2,Infiltrating edge,57
7605 G2 7670 G3,7605,G2,Infiltrating edge,58
7605 G2 7670 G3,7605,G2,Infiltrating edge,59
7605 G2 7670 G3,7605,G2,Infiltrating edge,60
7605 G2 7670 G3,7605,G2,Infiltrating edge,61
7605 G2 7670 G3,7605,G2,Infiltrating edge,62
7605 G2 7670 G3,7605,G2,Infiltrating edge,63
7605 G2 7670 G3,7605,G2,Infiltrating edge,64
7605 G2 7670 G3,7605,G2,Infiltrating edge,65
7605 G2 7670 G3,7605,G2,Infiltrating edge,66
7605 G2 7670 G3,7605,G2,Infiltrating edge,67
7605 G2 7670 G3,7605,G2,Infiltrating edge,68
7605 G2 7670 G3,7605,G2,Infiltrating edge,69
7605 G2 7670 G3,7605,G2,Infiltrating edge,70
7605 G2 7670 G3,7605,G2,Infiltrating edge,71
7605 G2 7670 G3,7605,G2,Infiltrating edge,72
7605 G2 7670 G3,7605,G2,Infiltrating edge,73
7605 G2 7670 G3,7605,G2,Infiltrating edge,74
7605 G2 7670 G3,7605,G2,Infiltrating edge,75
7605 G2 7670 G3,7605,G2,Infiltrating edge,76
7605 G2 7670 G3,7605,G2,Infiltrating edge,77
7605 G2 7670 G3,7605,G2,Infiltrating edge,78
7605 G2 7670 G3,7605,G2,Infiltrating edge,79
7605 G2 7670 G3,7605,G2,Infiltrating edge,80
7605 G2 7670 G3,7605,G2,Infiltrating edge,81
7605 G2 7670 G3,7605,G2,Infiltrating edge,82
7605 G2 7670 G3,7605,G2,Infiltrating edge,83
7605 G2 7670 G3,7605,G2,Infiltrating edge,84
7605 G2 7670 G3,7605,G2,Infiltrating edge,85
7605 G2 7670 G3,7605,G2,Infiltrating edge,86
7605 G2 7670 G3,7605,G2,Infiltrating edge,87
7605 G2 7670 G3,7605,G2,Infiltrating edge,88
7605 G2 7670 G3,7605,G2,Infiltrating edge,89
7605 G2 7670 G3,7605,G2,Infiltrating edge,90
7605 G2 7670 G3,7605,G2,Infiltrating edge,91
7605 G2 7670 G3,7605,G2,Infiltrating edge,92
7605 G2 7670 G3,7605,G2,Infiltrating edge,93
7605 G2 7670 G3,7605,G2,Infiltrating edge,94
7605 G2 7670 G3,7605,G2,Infiltrating edge,95
7605 G2 7670 G3,7605,G2,Infiltrating edge,96
7605 G2 7670 G3,7605,G2,Infiltrating edge,97
7605 G2 7670 G3,7605,G2,Infiltrating edge,98
7605 G2 7670 G3,7605,G2,Infiltrating edge,99
7605 G2 7670 G3,7605,G2,Infiltrating edge,100
7605 G2 7670 G3,7670,G3,Infiltrating edge,101
7605 G2 7670 G3,7670,G3,Infiltrating edge,102
7605 G2 7670 G3,7670,G3,Infiltrating edge,103
7605 G2 7670 G3,7670,G3,Infiltrating edge,104
7605 G2 7670 G3,7670,G3,Infiltrating edge,105
7605 G2 7670 G3,7670,G3,Infiltrating edge,106
7605 G2 7670 G3,7670,G3,Infiltrating edge,107
7605 G2 7670 G3,7670,G3,Infiltrating edge,108
7605 G2 7670 G3,7670,G3,Infiltrating edge,109
7605 G2 7670 G3,7670,G3,Infiltrating edge,110
7605 G2 7670 G3,7670,G3,Infiltrating edge,111
7605 G2 7670 G3,7670,G3,Infiltrating edge,112
7605 G2 7670 G3,7670,G3,Infiltrating edge,113
7605 G2 7670 G3,7670,G3,Infiltrating edge,114
7605 G2 7670 G3,7670,G3,Infiltrating edge,115
7605 G2 7670 G3,7670,G3,Infiltrating edge,116
7605 G2 7670 G3,7670,G3,Infiltrating edge,117
7605 G2 7670 G3,7670,G3,Infiltrating edge,118
7605 G2 7670 G3,7670,G3,Infiltrating edge,119
7605 G2 7670 G3,7670,G3,Infiltrating edge,120
7605 G2 7670 G3,7670,G3,Infiltrating edge,121
7605 G2 7670 G3,7670,G3,Infiltrating edge,122
7605 G2 7670 G3,7670,G3,Infiltrating edge,123
7605 G2 7670 G3,7670,G3,Infiltrating edge,124
7605 G2 7670 G3,7670,G3,Infiltrating edge,125
7605 G2 7670 G3,7670,G3,Infiltrating edge,126
7605 G2 7670 G3,7670,G3,Infiltrating edge,127
7605 G2 7670 G3,7670,G3,Infiltrating edge,128
7605 G2 7670 G3,7670,G3,Infiltrating edge,129
7605 G2 7670 G3,7670,G3,Infiltrating edge,130
7605 G2 7670 G3,7670,G3,Infiltrating edge,131
7605 G2 7670 G3,7670,G3,Infiltrating edge,132
7605 G2 7670 G3,7670,G3,Infiltrating edge,133
7605 G2 7670 G3,7670,G3,Infiltrating edge,134
7605 G2 7670 G3,7670,G3,Infiltrating edge,135
7605 G2 7670 G3,7670,G3,Infiltrating edge,136
7605 G2 7670 G3,7670,G3,Infiltrating edge,137
7605 G2 7670 G3,7670,G3,Infiltrating edge,138
7605 G2 7670 G3,7670,G3,Infiltrating edge,139
7605 G2 7670 G3,7670,G3,Infiltrating edge,140
7605 G2 7670 G3,7670,G3,Infiltrating edge,141
7605 G2 7670 G3,7670,G3,Infiltrating edge,142
7605 G2 7670 G3,7670,G3,Infiltrating edge,143
7605 G2 7670 G3,7670,G3,Infiltrating edge,144
7605 G2 7670 G3,7670,G3,Infiltrating edge,145
7605 G2 7670 G3,7670,G3,Infiltrating edge,146
7605 G2 7670 G3,7670,G3,Infiltrating edge,147
7605 G2 7670 G3,7670,G3,Infiltrating edge,148
7605 G2 7670 G3,7670,G3,Infiltrating edge,149
7605 G2 7670 G3,7670,G3,Infiltrating edge,150
7605 G2 7670 G3,7670,G3,Infiltrating edge,151
7605 G2 7670 G3,7670,G3,Infiltrating edge,152
7605 G2 7670 G3,7670,G3,Infiltrating edge,153
7605 G2 7670 G3,7670,G3,Infiltrating edge,154
7605 G2 7670 G3,7670,G3,Infiltrating edge,155
7605 G2 7670 G3,7670,G3,Infiltrating edge,156
7605 G2 7670 G3,7670,G3,Infiltrating edge,157
7605 G2 7670 G3,7670,G3,Infiltrating edge,158
7605 G2 7670 G3,7670,G3,Infiltrating edge,159
7605 G2 7670 G3,7670,G3,Infiltrating edge,160
7605 G2 7670 G3,7670,G3,Infiltrating edge,161
7605 G2 7670 G3,7670,G3,Infiltrating edge,162
7605 G2 7670 G3,7670,G3,Infiltrating edge,163
7605 G2 7670 G3,7670,G3,Infiltrating edge,164
7605 G2 7670 G3,7670,G3,Infiltrating edge,165
7605 G2 7670 G3,7670,G3,Infiltrating edge,166
7605 G2 7670 G3,7670,G3,Infiltrating edge,167
7605 G2 7670 G3,7670,G3,Infiltrating edge,168
7605 G2 7670 G3,7670,G3,Infiltrating edge,169
7605 G2 7670 G3,7670,G3,Infiltrating edge,170
7605 G2 7670 G3,7670,G3,Infiltrating edge,171
7605 G2 7670 G3,7670,G3,Infiltrating edge,172
7605 G2 7670 G3,7670,G3,Infiltrating edge,173
7605 G2 7670 G3,7670,G3,Infiltrating edge,174
7605 G2 7670 G3,7670,G3,Infiltrating edge,175
7605 G2 7670 G3,7670,G3,Infiltrating edge,176
7605 G2 7670 G3,7670,G3,Infiltrating edge,177
7605 G2 7670 G3,7670,G3,Infiltrating edge,178
7605 G2 7670 G3,7670,G3,Infiltrating edge,179
7605 G2 7670 G3,7670,G3,Infiltrating edge,180
7605 G2 7670 G3,7670,G3,Infiltrating edge,181
7605 G2 7670 G3,7670,G3,Infiltrating edge,182
7605 G2 7670 G3,7670,G3,Infiltrating edge,183
7605 G2 7670 G3,7670,G3,Infiltrating edge,184
7605 G2 7670 G3,7670,G3,Infiltrating edge,185
7605 G2 7670 G3,7670,G3,Infiltrating edge,186
7605 G2 7670 G3,7670,G3,Infiltrating edge,187
7605 G2 7670 G3,7670,G3,Infiltrating edge,188
7605 G2 7670 G3,7670,G3,Infiltrating edge,189
7605 G2 7670 G3,7670,G3,Infiltrating edge,190
7605 G2 7670 G3,7670,G3,Infiltrating edge,191
7605 G2 7670 G3,7670,G3,Infiltrating edge,192
7605 G2 7670 G3,7670,G3,Infiltrating edge,193
7605 G2 7670 G3,7670,G3,Infiltrating edge,194
7605 G2 7670 G3,7670,G3,Infiltrating edge,195
7605 G2 7670 G3,7670,G3,Infiltrating edge,196
7605 G2 7670 G3,7670,G3,Infiltrating edge,197
7605 G2 7670 G3,7670,G3,Infiltrating edge,198
7605 G2 7670 G3,7670,G3,Infiltrating edge,199
7605 G2 7670 G3,7670,G3,Infiltrating edge,200
7605 G7 8021 A3,7605,G7,Tumor bulk,1
7605 G7 8021 A3,7605,G7,Tumor bulk,2
7605 G7 8021 A3,7605,G7,Tumor bulk,3
7605 G7 8021 A3,7605,G7,Tumor bulk,4
7605 G7 8021 A3,7605,G7,Tumor bulk,5
7605 G7 8021 A3,7605,G7,Tumor bulk,6
7605 G7 8021 A3,7605,G7,Tumor bulk,7
7605 G7 8021 A3,7605,G7,Tumor bulk,8
7605 G7 8021 A3,7605,G7,Tumor bulk,9
7605 G7 8021 A3,7605,G7,Tumor bulk,10
7605 G7 8021 A3,7605,G7,Tumor bulk,11
7605 G7 8021 A3,7605,G7,Tumor bulk,12
7605 G7 8021 A3,7605,G7,Tumor bulk,13
7605 G7 8021 A3,7605,G7,Tumor bulk,14
7605 G7 8021 A3,7605,G7,Tumor bulk,15
7605 G7 8021 A3,7605,G7,Tumor bulk,16
7605 G7 8021 A3,7605,G7,Tumor bulk,17
7605 G7 8021 A3,7605,G7,Tumor bulk,18
7605 G7 8021 A3,7605,G7,Tumor bulk,19
7605 G7 8021 A3,7605,G7,Tumor bulk,20
7605 G7 8021 A3,7605,G7,Tumor bulk,21
7605 G7 8021 A3,7605,G7,Tumor bulk,22
7605 G7 8021 A3,7605,G7,Tumor bulk,23
7605 G7 8021 A3,7605,G7,Tumor bulk,24
7605 G7 8021 A3,7605,G7,Tumor bulk,25
7605 G7 8021 A3,7605,G7,Tumor bulk,26
7605 G7 8021 A3,7605,G7,Tumor bulk,27
7605 G7 8021 A3,7605,G7,Tumor bulk,28
7605 G7 8021 A3,7605,G7,Tumor bulk,29
7605 G7 8021 A3,7605,G7,Tumor bulk,30
7605 G7 8021 A3,7605,G7,Tumor bulk,31
7605 G7 8021 A3,7605,G7,Tumor bulk,32
7605 G7 8021 A3,7605,G7,Tumor bulk,33
7605 G7 8021 A3,7605,G7,Tumor bulk,34
7605 G7 8021 A3,7605,G7,Tumor bulk,35
7605 G7 8021 A3,7605,G7,Tumor bulk,36
7605 G7 8021 A3,7605,G7,Tumor bulk,37
7605 G7 8021 A3,7605,G7,Tumor bulk,38
7605 G7 8021 A3,7605,G7,Tumor bulk,39
7605 G7 8021 A3,7605,G7,Tumor bulk,40
7605 G7 8021 A3,7605,G7,Tumor bulk,41
7605 G7 8021 A3,7605,G7,Tumor bulk,42
7605 G7 8021 A3,7605,G7,Tumor bulk,43
7605 G7 8021 A3,7605,G7,Tumor bulk,44
7605 G7 8021 A3,7605,G7,Tumor bulk,45
7605 G7 8021 A3,7605,G7,Tumor bulk,46
7605 G7 8021 A3,7605,G7,Tumor bulk,47
7605 G7 8021 A3,7605,G7,Tumor bulk,48
7605 G7 8021 A3,7605,G7,Tumor bulk,49
7605 G7 8021 A3,7605,G7,Tumor bulk,50
7605 G7 8021 A3,7605,G7,Tumor bulk,51
7605 G7 8021 A3,7605,G7,Tumor bulk,52
7605 G7 8021 A3,7605,G7,Tumor bulk,53
7605 G7 8021 A3,7605,G7,Tumor bulk,54
7605 G7 8021 A3,7605,G7,Tumor bulk,55
7605 G7 8021 A3,7605,G7,Tumor bulk,56
7605 G7 8021 A3,7605,G7,Tumor bulk,57
7605 G7 8021 A3,7605,G7,Tumor bulk,58
7605 G7 8021 A3,7605,G7,Tumor bulk,59
7605 G7 8021 A3,7605,G7,Tumor bulk,60
7605 G7 8021 A3,7605,G7,Tumor bulk,61
7605 G7 8021 A3,7605,G7,Tumor bulk,62
7605 G7 8021 A3,7605,G7,Tumor bulk,63
7605 G7 8021 A3,7605,G7,Tumor bulk,64
7605 G7 8021 A3,7605,G7,Tumor bulk,65
7605 G7 8021 A3,7605,G7,Tumor bulk,66
7605 G7 8021 A3,7605,G7,Tumor bulk,67
7605 G7 8021 A3,7605,G7,Tumor bulk,68
7605 G7 8021 A3,7605,G7,Tumor bulk,69
7605 G7 8021 A3,7605,G7,Tumor bulk,70
7605 G7 8021 A3,7605,G7,Tumor bulk,71
7605 G7 8021 A3,7605,G7,Tumor bulk,72
7605 G7 8021 A3,7605,G7,Tumor bulk,73
7605 G7 8021 A3,7605,G7,Tumor bulk,74
7605 G7 8021 A3,7605,G7,Tumor bulk,75
7605 G7 8021 A3,7605,G7,Tumor bulk,76
7605 G7 8021 A3,7605,G7,Tumor bulk,77
7605 G7 8021 A3,7605,G7,Tumor bulk,78
7605 G7 8021 A3,7605,G7,Tumor bulk,79
7605 G7 8021 A3,7605,G7,Tumor bulk,80
7605 G7 8021 A3,7605,G7,Tumor bulk,81
7605 G7 8021 A3,7605,G7,Tumor bulk,82
7605 G7 8021 A3,7605,G7,Tumor bulk,83
7605 G7 8021 A3,7605,G7,Tumor bulk,84
7605 G7 8021 A3,7605,G7,Tumor bulk,85
7605 G7 8021 A3,7605,G7,Tumor bulk,86
7605 G7 8021 A3,7605,G7,Tumor bulk,87
7605 G7 8021 A3,7605,G7,Tumor bulk,88
7605 G7 8021 A3,7605,G7,Tumor bulk,89
7605 G7 8021 A3,7605,G7,Tumor bulk,90
7605 G7 8021 A3,7605,G7,Tumor bulk,91
7605 G7 8021 A3,7605,G7,Tumor bulk,92
7605 G7 8021 A3,7605,G7,Tumor bulk,93
7605 G7 8021 A3,7605,G7,Tumor bulk,94
7605 G7 8021 A3,7605,G7,Tumor bulk,95
7605 G7 8021 A3,7605,G7,Tumor bulk,96
7605 G7 8021 A3,7605,G7,Tumor bulk,97
7605 G7 8021 A3,7605,G7,Tumor bulk,98
7605 G7 8021 A3,7605,G7,Tumor bulk,99
7605 G7 8021 A3,7605,G7,Tumor bulk,100
7605 G7 8021 A3,8021,A3,Tumor bulk,101
7605 G7 8021 A3,8021,A3,Tumor bulk,102
7605 G7 8021 A3,8021,A3,Tumor bulk,103
7605 G7 8021 A3,8021,A3,Tumor bulk,104
7605 G7 8021 A3,8021,A3,Tumor bulk,105
7605 G7 8021 A3,8021,A3,Tumor bulk,106
7605 G7 8021 A3,8021,A3,Tumor bulk,107
7605 G7 8021 A3,8021,A3,Tumor bulk,108
7605 G7 8021 A3,8021,A3,Tumor bulk,109
7605 G7 8021 A3,8021,A3,Tumor bulk,110
7605 G7 8021 A3,8021,A3,Tumor bulk,111
7605 G7 8021 A3,8021,A3,Tumor bulk,112
7605 G7 8021 A3,8021,A3,Tumor bulk,113
7605 G7 8021 A3,8021,A3,Tumor bulk,114
7605 G7 8021 A3,8021,A3,Tumor bulk,115
7605 G7 8021 A3,8021,A3,Tumor bulk,116
7605 G7 8021 A3,8021,A3,Tumor bulk,117
7605 G7 8021 A3,8021,A3,Tumor bulk,118
7605 G7 8021 A3,8021,A3,Tumor bulk,119
7605 G7 8021 A3,8021,A3,Tumor bulk,120
7605 G7 8021 A3,8021,A3,Tumor bulk,121
7605 G7 8021 A3,8021,A3,Tumor bulk,122
7605 G7 8021 A3,8021,A3,Tumor bulk,123
7605 G7 8021 A3,8021,A3,Tumor bulk,124
7605 G7 8021 A3,8021,A3,Tumor bulk,125
7605 G7 8021 A3,8021,A3,Tumor bulk,126
7605 G7 8021 A3,8021,A3,Tumor bulk,127
7605 G7 8021 A3,8021,A3,Tumor bulk,128
7605 G7 8021 A3,8021,A3,Tumor bulk,129
7605 G7 8021 A3,8021,A3,Tumor bulk,130
7605 G7 8021 A3,8021,A3,Tumor bulk,131
7605 G7 8021 A3,8021,A3,Tumor bulk,132
7605 G7 8021 A3,8021,A3,Tumor bulk,133
7605 G7 8021 A3,8021,A3,Tumor bulk,134
7605 G7 8021 A3,8021,A3,Tumor bulk,135
7605 G7 8021 A3,8021,A3,Tumor bulk,136
7605 G7 8021 A3,8021,A3,Tumor bulk,137
7605 G7 8021 A3,8021,A3,Tumor bulk,138
7605 G7 8021 A3,8021,A3,Tumor bulk,139
7605 G7 8021 A3,8021,A3,Tumor bulk,140
7605 G7 8021 A3,8021,A3,Tumor bulk,141
7605 G7 8021 A3,8021,A3,Tumor bulk,142
7605 G7 8021 A3,8021,A3,Tumor bulk,143
7605 G7 8021 A3,8021,A3,Tumor bulk,144
7605 G7 8021 A3,8021,A3,Tumor bulk,145
7605 G7 8021 A3,8021,A3,Tumor bulk,146
7605 G7 8021 A3,8021,A3,Tumor bulk,147
7605 G7 8021 A3,8021,A3,Tumor bulk,148
7605 G7 8021 A3,8021,A3,Tumor bulk,149
7605 G7 8021 A3,8021,A3,Tumor bulk,150
7605 G7 8021 A3,8021,A3,Tumor bulk,151
7605 G7 8021 A3,8021,A3,Tumor bulk,152
7605 G7 8021 A3,8021,A3,Tumor bulk,153
7605 G7 8021 A3,8021,A3,Tumor bulk,154
7605 G7 8021 A3,8021,A3,Tumor bulk,155
7605 G7 8021 A3,8021,A3,Tumor bulk,156
7605 G7 8021 A3,8021,A3,Tumor bulk,157
7605 G7 8021 A3,8021,A3,Tumor bulk,158
7605 G7 8021 A3,8021,A3,Tumor bulk,159
7605 G7 8021 A3,8021,A3,Tumor bulk,160
7605 G7 8021 A3,8021,A3,Tumor bulk,161
7605 G7 8021 A3,8021,A3,Tumor bulk,162
7605 G7 8021 A3,8021,A3,Tumor bulk,163
7605 G7 8021 A3,8021,A3,Tumor bulk,164
7605 G7 8021 A3,8021,A3,Tumor bulk,165
7605 G7 8021 A3,8021,A3,Tumor bulk,166
7605 G7 8021 A3,8021,A3,Tumor bulk,167
7605 G7 8021 A3,8021,A3,Tumor bulk,168
7605 G7 8021 A3,8021,A3,Tumor bulk,169
7605 G7 8021 A3,8021,A3,Tumor bulk,170
7605 G7 8021 A3,8021,A3,Tumor bulk,171
7605 G7 8021 A3,8021,A3,Tumor bulk,172
7605 G7 8021 A3,8021,A3,Tumor bulk,173
7605 G7 8021 A3,8021,A3,Tumor bulk,174
7605 G7 8021 A3,8021,A3,Tumor bulk,175
7605 G7 8021 A3,8021,A3,Tumor bulk,176
7605 G7 8021 A3,8021,A3,Tumor bulk,177
7605 G7 8021 A3,8021,A3,Tumor bulk,178
7605 G7 8021 A3,8021,A3,Tumor bulk,179
7605 G7 8021 A3,8021,A3,Tumor bulk,180
7605 G7 8021 A3,8021,A3,Tumor bulk,181
7605 G7 8021 A3,8021,A3,Tumor bulk,182
7605 G7 8021 A3,8021,A3,Tumor bulk,183
7605 G7 8021 A3,8021,A3,Tumor bulk,184
7605 G7 8021 A3,8021,A3,Tumor bulk,185
7605 G7 8021 A3,8021,A3,Tumor bulk,186
7605 G7 8021 A3,8021,A3,Tumor bulk,187
7605 G7 8021 A3,8021,A3,Tumor bulk,188
7605 G7 8021 A3,8021,A3,Tumor bulk,189
7605 G7 8021 A3,8021,A3,Tumor bulk,190
7605 G7 8021 A3,8021,A3,Tumor bulk,191
7605 G7 8021 A3,8021,A3,Tumor bulk,192
7605 G7 8021 A3,8021,A3,Tumor bulk,193
7605 G7 8021 A3,8021,A3,Tumor bulk,194
7605 G7 8021 A3,8021,A3,Tumor bulk,195
7605 G7 8021 A3,8021,A3,Tumor bulk,196
7605 G7 8021 A3,8021,A3,Tumor bulk,197
7605 G7 8021 A3,8021,A3,Tumor bulk,198
7605 G7 8021 A3,8021,A3,Tumor bulk,199
7605 G7 8021 A3,8021,A3,Tumor bulk,200
7697 G3 7464 A5,7464,A4,Tumor bulk,1
7697 G3 7464 A5,7464,A4,Tumor bulk,2
7697 G3 7464 A5,7464,A4,Tumor bulk,3
7697 G3 7464 A5,7464,A4,Tumor bulk,4
7697 G3 7464 A5,7464,A4,Tumor bulk,5
7697 G3 7464 A5,7464,A4,Tumor bulk,6
7697 G3 7464 A5,7464,A4,Tumor bulk,7
7697 G3 7464 A5,7464,A4,Tumor bulk,8
7697 G3 7464 A5,7464,A4,Tumor bulk,9
7697 G3 7464 A5,7464,A4,Tumor bulk,10
7697 G3 7464 A5,7464,A4,Tumor bulk,11
7697 G3 7464 A5,7464,A4,Tumor bulk,12
7697 G3 7464 A5,7464,A4,Tumor bulk,13
7697 G3 7464 A5,7464,A4,Tumor bulk,14
7697 G3 7464 A5,7464,A4,Tumor bulk,15
7697 G3 7464 A5,7464,A4,Tumor bulk,16
7697 G3 7464 A5,7464,A4,Tumor bulk,17
7697 G3 7464 A5,7464,A4,Tumor bulk,18
7697 G3 7464 A5,7464,A4,Tumor bulk,19
7697 G3 7464 A5,7464,A4,Tumor bulk,20
7697 G3 7464 A5,7464,A4,Tumor bulk,21
7697 G3 7464 A5,7464,A4,Tumor bulk,22
7697 G3 7464 A5,7464,A4,Tumor bulk,23
7697 G3 7464 A5,7464,A4,Tumor bulk,24
7697 G3 7464 A5,7464,A4,Tumor bulk,25
7697 G3 7464 A5,7464,A4,Tumor bulk,26
7697 G3 7464 A5,7464,A4,Tumor bulk,27
7697 G3 7464 A5,7464,A4,Tumor bulk,28
7697 G3 7464 A5,7464,A4,Tumor bulk,29
7697 G3 7464 A5,7464,A4,Tumor bulk,30
7697 G3 7464 A5,7464,A4,Tumor bulk,31
7697 G3 7464 A5,7464,A4,Tumor bulk,32
7697 G3 7464 A5,7464,A4,Tumor bulk,33
7697 G3 7464 A5,7464,A4,Tumor bulk,34
7697 G3 7464 A5,7464,A4,Tumor bulk,35
7697 G3 7464 A5,7464,A4,Tumor bulk,36
7697 G3 7464 A5,7464,A4,Tumor bulk,37
7697 G3 7464 A5,7464,A4,Tumor bulk,38
7697 G3 7464 A5,7464,A4,Tumor bulk,39
7697 G3 7464 A5,7464,A4,Tumor bulk,40
7697 G3 7464 A5,7464,A4,Tumor bulk,41
7697 G3 7464 A5,7464,A4,Tumor bulk,42
7697 G3 7464 A5,7464,A4,Tumor bulk,43
7697 G3 7464 A5,7464,A4,Tumor bulk,44
7697 G3 7464 A5,7464,A4,Tumor bulk,45
7697 G3 7464 A5,7464,A4,Tumor bulk,46
7697 G3 7464 A5,7464,A4,Tumor bulk,47
7697 G3 7464 A5,7464,A4,Tumor bulk,48
7697 G3 7464 A5,7464,A4,Tumor bulk,49
7697 G3 7464 A5,7464,A4,Tumor bulk,50
7697 G3 7464 A5,7464,A4,Tumor bulk,51
7697 G3 7464 A5,7464,A4,Tumor bulk,52
7697 G3 7464 A5,7464,A4,Tumor bulk,53
7697 G3 7464 A5,7464,A4,Tumor bulk,54
7697 G3 7464 A5,7464,A4,Tumor bulk,55
7697 G3 7464 A5,7464,A4,Tumor bulk,56
7697 G3 7464 A5,7464,A4,Tumor bulk,57
7697 G3 7464 A5,7464,A4,Tumor bulk,58
7697 G3 7464 A5,7464,A4,Tumor bulk,59
7697 G3 7464 A5,7464,A4,Tumor bulk,60
7697 G3 7464 A5,7464,A4,Tumor bulk,61
7697 G3 7464 A5,7464,A4,Tumor bulk,62
7697 G3 7464 A5,7464,A4,Tumor bulk,63
7697 G3 7464 A5,7464,A4,Tumor bulk,64
7697 G3 7464 A5,7464,A4,Tumor bulk,65
7697 G3 7464 A5,7464,A4,Tumor bulk,66
7697 G3 7464 A5,7464,A4,Tumor bulk,67
7697 G3 7464 A5,7464,A4,Tumor bulk,68
7697 G3 7464 A5,7464,A4,Tumor bulk,69
7697 G3 7464 A5,7464,A4,Tumor bulk,70
7697 G3 7464 A5,7464,A4,Tumor bulk,71
7697 G3 7464 A5,7464,A4,Tumor bulk,72
7697 G3 7464 A5,7464,A4,Tumor bulk,73
7697 G3 7464 A5,7464,A4,Tumor bulk,74
7697 G3 7464 A5,7464,A4,Tumor bulk,75
7697 G3 7464 A5,7464,A4,Tumor bulk,76
7697 G3 7464 A5,7464,A4,Tumor bulk,77
7697 G3 7464 A5,7464,A4,Tumor bulk,78
7697 G3 7464 A5,7464,A4,Tumor bulk,79
7697 G3 7464 A5,7464,A4,Tumor bulk,80
7697 G3 7464 A5,7464,A4,Tumor bulk,81
7697 G3 7464 A5,7464,A4,Tumor bulk,82
7697 G3 7464 A5,7464,A4,Tumor bulk,83
7697 G3 7464 A5,7464,A4,Tumor bulk,84
7697 G3 7464 A5,7464,A4,Tumor bulk,85
7697 G3 7464 A5,7464,A4,Tumor bulk,86
7697 G3 7464 A5,7464,A4,Tumor bulk,87
7697 G3 7464 A5,7464,A4,Tumor bulk,88
7697 G3 7464 A5,7464,A4,Tumor bulk,89
7697 G3 7464 A5,7464,A4,Tumor bulk,90
7697 G3 7464 A5,7464,A4,Tumor bulk,91
7697 G3 7464 A5,7464,A4,Tumor bulk,92
7697 G3 7464 A5,7464,A4,Tumor bulk,93
7697 G3 7464 A5,7464,A4,Tumor bulk,94
7697 G3 7464 A5,7464,A4,Tumor bulk,95
7697 G3 7464 A5,7464,A4,Tumor bulk,96
7697 G3 7464 A5,7464,A4,Tumor bulk,97
7697 G3 7464 A5,7464,A4,Tumor bulk,98
7697 G3 7464 A5,7464,A4,Tumor bulk,99
7697 G3 7464 A5,7464,A4,Tumor bulk,100
7697 G3 7464 A5,7697,G3,Tumor bulk,101
7697 G3 7464 A5,7697,G3,Tumor bulk,102
7697 G3 7464 A5,7697,G3,Tumor bulk,103
7697 G3 7464 A5,7697,G3,Tumor bulk,104
7697 G3 7464 A5,7697,G3,Tumor bulk,105
7697 G3 7464 A5,7697,G3,Tumor bulk,106
7697 G3 7464 A5,7697,G3,Tumor bulk,107
7697 G3 7464 A5,7697,G3,Tumor bulk,108
7697 G3 7464 A5,7697,G3,Tumor bulk,109
7697 G3 7464 A5,7697,G3,Tumor bulk,110
7697 G3 7464 A5,7697,G3,Tumor bulk,111
7697 G3 7464 A5,7697,G3,Tumor bulk,112
7697 G3 7464 A5,7697,G3,Tumor bulk,113
7697 G3 7464 A5,7697,G3,Tumor bulk,114
7697 G3 7464 A5,7697,G3,Tumor bulk,115
7697 G3 7464 A5,7697,G3,Tumor bulk,116
7697 G3 7464 A5,7697,G3,Tumor bulk,117
7697 G3 7464 A5,7697,G3,Tumor bulk,118
7697 G3 7464 A5,7697,G3,Tumor bulk,119
7697 G3 7464 A5,7697,G3,Tumor bulk,120
7697 G3 7464 A5,7697,G3,Tumor bulk,121
7697 G3 7464 A5,7697,G3,Tumor bulk,122
7697 G3 7464 A5,7697,G3,Tumor bulk,123
7697 G3 7464 A5,7697,G3,Tumor bulk,124
7697 G3 7464 A5,7697,G3,Tumor bulk,125
7697 G3 7464 A5,7697,G3,Tumor bulk,126
7697 G3 7464 A5,7697,G3,Tumor bulk,127
7697 G3 7464 A5,7697,G3,Tumor bulk,128
7697 G3 7464 A5,7697,G3,Tumor bulk,129
7697 G3 7464 A5,7697,G3,Tumor bulk,130
7697 G3 7464 A5,7697,G3,Tumor bulk,131
7697 G3 7464 A5,7697,G3,Tumor bulk,132
7697 G3 7464 A5,7697,G3,Tumor bulk,133
7697 G3 7464 A5,7697,G3,Tumor bulk,134
7697 G3 7464 A5,7697,G3,Tumor bulk,135
7697 G3 7464 A5,7697,G3,Tumor bulk,136
7697 G3 7464 A5,7697,G3,Tumor bulk,137
7697 G3 7464 A5,7697,G3,Tumor bulk,138
7697 G3 7464 A5,7697,G3,Tumor bulk,139
7697 G3 7464 A5,7697,G3,Tumor bulk,140
7697 G3 7464 A5,7697,G3,Tumor bulk,141
7697 G3 7464 A5,7697,G3,Tumor bulk,142
7697 G3 7464 A5,7697,G3,Tumor bulk,143
7697 G3 7464 A5,7697,G3,Tumor bulk,144
7697 G3 7464 A5,7697,G3,Tumor bulk,145
7697 G3 7464 A5,7697,G3,Tumor bulk,146
7697 G3 7464 A5,7697,G3,Tumor bulk,147
7697 G3 7464 A5,7697,G3,Tumor bulk,148
7697 G3 7464 A5,7697,G3,Tumor bulk,149
7697 G3 7464 A5,7697,G3,Tumor bulk,150
7697 G3 7464 A5,7697,G3,Tumor bulk,151
7697 G3 7464 A5,7697,G3,Tumor bulk,152
7697 G3 7464 A5,7697,G3,Tumor bulk,153
7697 G3 7464 A5,7697,G3,Tumor bulk,154
7697 G3 7464 A5,7697,G3,Tumor bulk,155
7697 G3 7464 A5,7697,G3,Tumor bulk,156
7697 G3 7464 A5,7697,G3,Tumor bulk,157
7697 G3 7464 A5,7697,G3,Tumor bulk,158
7697 G3 7464 A5,7697,G3,Tumor bulk,159
7697 G3 7464 A5,7697,G3,Tumor bulk,160
7697 G3 7464 A5,7697,G3,Tumor bulk,161
7697 G3 7464 A5,7697,G3,Tumor bulk,162
7697 G3 7464 A5,7697,G3,Tumor bulk,163
7697 G3 7464 A5,7697,G3,Tumor bulk,164
7697 G3 7464 A5,7697,G3,Tumor bulk,165
7697 G3 7464 A5,7697,G3,Tumor bulk,166
7697 G3 7464 A5,7697,G3,Tumor bulk,167
7697 G3 7464 A5,7697,G3,Tumor bulk,168
7697 G3 7464 A5,7697,G3,Tumor bulk,169
7697 G3 7464 A5,7697,G3,Tumor bulk,170
7697 G3 7464 A5,7697,G3,Tumor bulk,171
7697 G3 7464 A5,7697,G3,Tumor bulk,172
7697 G3 7464 A5,7697,G3,Tumor bulk,173
7697 G3 7464 A5,7697,G3,Tumor bulk,174
7697 G3 7464 A5,7697,G3,Tumor bulk,175
7697 G3 7464 A5,7697,G3,Tumor bulk,176
7697 G3 7464 A5,7697,G3,Tumor bulk,177
7697 G3 7464 A5,7697,G3,Tumor bulk,178
7697 G3 7464 A5,7697,G3,Tumor bulk,179
7697 G3 7464 A5,7697,G3,Tumor bulk,180
7697 G3 7464 A5,7697,G3,Tumor bulk,181
7697 G3 7464 A5,7697,G3,Tumor bulk,182
7697 G3 7464 A5,7697,G3,Tumor bulk,183
7697 G3 7464 A5,7697,G3,Tumor bulk,184
7697 G3 7464 A5,7697,G3,Tumor bulk,185
7697 G3 7464 A5,7697,G3,Tumor bulk,186
7697 G3 7464 A5,7697,G3,Tumor bulk,187
7697 G3 7464 A5,7697,G3,Tumor bulk,188
7697 G3 7464 A5,7697,G3,Tumor bulk,189
7697 G3 7464 A5,7697,G3,Tumor bulk,190
7697 G3 7464 A5,7697,G3,Tumor bulk,191
7697 G3 7464 A5,7697,G3,Tumor bulk,192
7697 G3 7464 A5,7697,G3,Tumor bulk,193
7697 G3 7464 A5,7697,G3,Tumor bulk,194
7697 G3 7464 A5,7697,G3,Tumor bulk,195
7697 G3 7464 A5,7697,G3,Tumor bulk,196
7697 G3 7464 A5,7697,G3,Tumor bulk,197
7697 G3 7464 A5,7697,G3,Tumor bulk,198
7697 G3 7464 A5,7697,G3,Tumor bulk,199
7697 G3 7464 A5,7697,G3,Tumor bulk,200
7822 G3 7938 G2,7822,G3,Tumor bulk,109
7822 G3 7938 G2,7822,G3,Tumor bulk,110
7822 G3 7938 G2,7822,G3,Tumor bulk,111
7822 G3 7938 G2,7822,G3,Tumor bulk,112
7822 G3 7938 G2,7822,G3,Tumor bulk,113
7822 G3 7938 G2,7822,G3,Tumor bulk,114
7822 G3 7938 G2,7822,G3,Tumor bulk,115
7822 G3 7938 G2,7822,G3,Tumor bulk,116
7822 G3 7938 G2,7822,G3,Tumor bulk,117
7822 G3 7938 G2,7822,G3,Tumor bulk,118
7822 G3 7938 G2,7822,G3,Tumor bulk,119
7822 G3 7938 G2,7822,G3,Tumor bulk,120
7822 G3 7938 G2,7822,G3,Tumor bulk,121
7822 G3 7938 G2,7822,G3,Tumor bulk,122
7822 G3 7938 G2,7822,G3,Tumor bulk,123
7822 G3 7938 G2,7822,G3,Tumor bulk,124
7822 G3 7938 G2,7822,G3,Tumor bulk,125
7822 G3 7938 G2,7822,G3,Tumor bulk,126
7822 G3 7938 G2,7822,G3,Tumor bulk,127
7822 G3 7938 G2,7822,G3,Tumor bulk,128
7822 G3 7938 G2,7822,G3,Tumor bulk,129
7822 G3 7938 G2,7822,G3,Tumor bulk,130
7822 G3 7938 G2,7822,G3,Tumor bulk,131
7822 G3 7938 G2,7822,G3,Tumor bulk,132
7822 G3 7938 G2,7822,G3,Tumor bulk,133
7822 G3 7938 G2,7822,G3,Tumor bulk,134
7822 G3 7938 G2,7822,G3,Tumor bulk,135
7822 G3 7938 G2,7822,G3,Tumor bulk,136
7822 G3 7938 G2,7822,G3,Tumor bulk,137
7822 G3 7938 G2,7822,G3,Tumor bulk,138
7822 G3 7938 G2,7822,G3,Tumor bulk,139
7822 G3 7938 G2,7822,G3,Tumor bulk,140
7822 G3 7938 G2,7822,G3,Tumor bulk,141
7822 G3 7938 G2,7822,G3,Tumor bulk,142
7822 G3 7938 G2,7822,G3,Tumor bulk,143
7822 G3 7938 G2,7822,G3,Tumor bulk,144
7822 G3 7938 G2,7822,G3,Tumor bulk,145
7822 G3 7938 G2,7822,G3,Tumor bulk,146
7822 G3 7938 G2,7822,G3,Tumor bulk,147
7822 G3 7938 G2,7822,G3,Tumor bulk,148
7822 G3 7938 G2,7822,G3,Tumor bulk,149
7822 G3 7938 G2,7822,G3,Tumor bulk,150
7822 G3 7938 G2,7822,G3,Tumor bulk,151
7822 G3 7938 G2,7822,G3,Tumor bulk,152
7822 G3 7938 G2,7822,G3,Tumor bulk,153
7822 G3 7938 G2,7822,G3,Tumor bulk,154
7822 G3 7938 G2,7822,G3,Tumor bulk,155
7822 G3 7938 G2,7822,G3,Tumor bulk,156
7822 G3 7938 G2,7822,G3,Tumor bulk,157
7822 G3 7938 G2,7822,G3,Tumor bulk,158
7822 G3 7938 G2,7822,G3,Tumor bulk,159
7822 G3 7938 G2,7822,G3,Tumor bulk,160
7822 G3 7938 G2,7822,G3,Tumor bulk,161
7822 G3 7938 G2,7822,G3,Tumor bulk,162
7822 G3 7938 G2,7822,G3,Tumor bulk,163
7822 G3 7938 G2,7822,G3,Tumor bulk,164
7822 G3 7938 G2,7822,G3,Tumor bulk,165
7822 G3 7938 G2,7822,G3,Tumor bulk,166
7822 G3 7938 G2,7822,G3,Tumor bulk,167
7822 G3 7938 G2,7822,G3,Tumor bulk,168
7822 G3 7938 G2,7822,G3,Tumor bulk,169
7822 G3 7938 G2,7822,G3,Tumor bulk,170
7822 G3 7938 G2,7822,G3,Tumor bulk,171
7822 G3 7938 G2,7822,G3,Tumor bulk,172
7822 G3 7938 G2,7822,G3,Tumor bulk,173
7822 G3 7938 G2,7822,G3,Tumor bulk,174
7822 G3 7938 G2,7822,G3,Tumor bulk,175
7822 G3 7938 G2,7822,G3,Tumor bulk,176
7822 G3 7938 G2,7822,G3,Tumor bulk,177
7822 G3 7938 G2,7822,G3,Tumor bulk,178
7822 G3 7938 G2,7822,G3,Tumor bulk,179
7822 G3 7938 G2,7822,G3,Tumor bulk,180
7822 G3 7938 G2,7822,G3,Tumor bulk,181
7822 G3 7938 G2,7822,G3,Tumor bulk,182
7822 G3 7938 G2,7822,G3,Tumor bulk,183
7822 G3 7938 G2,7822,G3,Tumor bulk,184
7822 G3 7938 G2,7822,G3,Tumor bulk,185
7822 G3 7938 G2,7822,G3,Tumor bulk,186
7822 G3 7938 G2,7822,G3,Tumor bulk,187
7822 G3 7938 G2,7822,G3,Tumor bulk,188
7822 G3 7938 G2,7822,G3,Tumor bulk,189
7822 G3 7938 G2,7822,G3,Tumor bulk,190
7822 G3 7938 G2,7822,G3,Tumor bulk,191
7822 G3 7938 G2,7822,G3,Tumor bulk,192
7822 G3 7938 G2,7822,G3,Tumor bulk,193
7822 G3 7938 G2,7822,G3,Tumor bulk,194
7822 G3 7938 G2,7822,G3,Tumor bulk,195
7822 G3 7938 G2,7822,G3,Tumor bulk,196
7822 G3 7938 G2,7822,G3,Tumor bulk,197
7822 G3 7938 G2,7822,G3,Tumor bulk,198
7822 G3 7938 G2,7822,G3,Tumor bulk,199
7822 G3 7938 G2,7822,G3,Tumor bulk,200
7822 G3 7938 G2,7822,G3,Tumor bulk,201
7822 G3 7938 G2,7822,G3,Tumor bulk,202
7822 G3 7938 G2,7822,G3,Tumor bulk,203
7822 G3 7938 G2,7822,G3,Tumor bulk,204
7822 G3 7938 G2,7822,G3,Tumor bulk,205
7822 G3 7938 G2,7822,G3,Tumor bulk,206
7822 G3 7938 G2,7822,G3,Tumor bulk,207
7822 G3 7938 G2,7822,G3,Tumor bulk,208
7822 G3 7938 G2,7822,G3,Tumor bulk,209
7822 G3 7938 G2,7822,G3,Tumor bulk,210
7822 G3 7938 G2,7822,G3,Tumor bulk,211
7822 G3 7938 G2,7822,G3,Tumor bulk,212
7822 G3 7938 G2,7938,G2,Tumor bulk,1
7822 G3 7938 G2,7938,G2,Tumor bulk,2
7822 G3 7938 G2,7938,G2,Tumor bulk,3
7822 G3 7938 G2,7938,G2,Tumor bulk,4
7822 G3 7938 G2,7938,G2,Tumor bulk,5
7822 G3 7938 G2,7938,G2,Tumor bulk,6
7822 G3 7938 G2,7938,G2,Tumor bulk,7
7822 G3 7938 G2,7938,G2,Tumor bulk,8
7822 G3 7938 G2,7938,G2,Tumor bulk,9
7822 G3 7938 G2,7938,G2,Tumor bulk,10
7822 G3 7938 G2,7938,G2,Tumor bulk,11
7822 G3 7938 G2,7938,G2,Tumor bulk,12
7822 G3 7938 G2,7938,G2,Tumor bulk,13
7822 G3 7938 G2,7938,G2,Tumor bulk,14
7822 G3 7938 G2,7938,G2,Tumor bulk,15
7822 G3 7938 G2,7938,G2,Tumor bulk,16
7822 G3 7938 G2,7938,G2,Tumor bulk,17
7822 G3 7938 G2,7938,G2,Tumor bulk,18
7822 G3 7938 G2,7938,G2,Tumor bulk,19
7822 G3 7938 G2,7938,G2,Tumor bulk,20
7822 G3 7938 G2,7938,G2,Tumor bulk,21
7822 G3 7938 G2,7938,G2,Tumor bulk,22
7822 G3 7938 G2,7938,G2,Tumor bulk,23
7822 G3 7938 G2,7938,G2,Tumor bulk,24
7822 G3 7938 G2,7938,G2,Tumor bulk,25
7822 G3 7938 G2,7938,G2,Tumor bulk,26
7822 G3 7938 G2,7938,G2,Tumor bulk,27
7822 G3 7938 G2,7938,G2,Tumor bulk,28
7822 G3 7938 G2,7938,G2,Tumor bulk,29
7822 G3 7938 G2,7938,G2,Tumor bulk,30
7822 G3 7938 G2,7938,G2,Tumor bulk,31
7822 G3 7938 G2,7938,G2,Tumor bulk,32
7822 G3 7938 G2,7938,G2,Tumor bulk,33
7822 G3 7938 G2,7938,G2,Tumor bulk,34
7822 G3 7938 G2,7938,G2,Tumor bulk,35
7822 G3 7938 G2,7938,G2,Tumor bulk,36
7822 G3 7938 G2,7938,G2,Tumor bulk,37
7822 G3 7938 G2,7938,G2,Tumor bulk,38
7822 G3 7938 G2,7938,G2,Tumor bulk,39
7822 G3 7938 G2,7938,G2,Tumor bulk,40
7822 G3 7938 G2,7938,G2,Tumor bulk,41
7822 G3 7938 G2,7938,G2,Tumor bulk,42
7822 G3 7938 G2,7938,G2,Tumor bulk,43
7822 G3 7938 G2,7938,G2,Tumor bulk,44
7822 G3 7938 G2,7938,G2,Tumor bulk,45
7822 G3 7938 G2,7938,G2,Tumor bulk,46
7822 G3 7938 G2,7938,G2,Tumor bulk,47
7822 G3 7938 G2,7938,G2,Tumor bulk,48
7822 G3 7938 G2,7938,G2,Tumor bulk,49
7822 G3 7938 G2,7938,G2,Tumor bulk,50
7822 G3 7938 G2,7938,G2,Tumor bulk,51
7822 G3 7938 G2,7938,G2,Tumor bulk,52
7822 G3 7938 G2,7938,G2,Tumor bulk,53
7822 G3 7938 G2,7938,G2,Tumor bulk,54
7822 G3 7938 G2,7938,G2,Tumor bulk,55
7822 G3 7938 G2,7938,G2,Tumor bulk,56
7822 G3 7938 G2,7938,G2,Tumor bulk,57
7822 G3 7938 G2,7938,G2,Tumor bulk,58
7822 G3 7938 G2,7938,G2,Tumor bulk,59
7822 G3 7938 G2,7938,G2,Tumor bulk,60
7822 G3 7938 G2,7938,G2,Tumor bulk,61
7822 G3 7938 G2,7938,G2,Tumor bulk,62
7822 G3 7938 G2,7938,G2,Tumor bulk,63
7822 G3 7938 G2,7938,G2,Tumor bulk,64
7822 G3 7938 G2,7938,G2,Tumor bulk,65
7822 G3 7938 G2,7938,G2,Tumor bulk,66
7822 G3 7938 G2,7938,G2,Tumor bulk,67
7822 G3 7938 G2,7938,G2,Tumor bulk,68
7822 G3 7938 G2,7938,G2,Tumor bulk,69
7822 G3 7938 G2,7938,G2,Tumor bulk,70
7822 G3 7938 G2,7938,G2,Tumor bulk,71
7822 G3 7938 G2,7938,G2,Tumor bulk,72
7822 G3 7938 G2,7938,G2,Tumor bulk,73
7822 G3 7938 G2,7938,G2,Tumor bulk,74
7822 G3 7938 G2,7938,G2,Tumor bulk,75
7822 G3 7938 G2,7938,G2,Tumor bulk,76
7822 G3 7938 G2,7938,G2,Tumor bulk,77
7822 G3 7938 G2,7938,G2,Tumor bulk,78
7822 G3 7938 G2,7938,G2,Tumor bulk,79
7822 G3 7938 G2,7938,G2,Tumor bulk,80
7822 G3 7938 G2,7938,G2,Tumor bulk,81
7822 G3 7938 G2,7938,G2,Tumor bulk,82
7822 G3 7938 G2,7938,G2,Tumor bulk,83
7822 G3 7938 G2,7938,G2,Tumor bulk,84
7822 G3 7938 G2,7938,G2,Tumor bulk,85
7822 G3 7938 G2,7938,G2,Tumor bulk,86
7822 G3 7938 G2,7938,G2,Tumor bulk,87
7822 G3 7938 G2,7938,G2,Tumor bulk,88
7822 G3 7938 G2,7938,G2,Tumor bulk,89
7822 G3 7938 G2,7938,G2,Tumor bulk,90
7822 G3 7938 G2,7938,G2,Tumor bulk,91
7822 G3 7938 G2,7938,G2,Tumor bulk,92
7822 G3 7938 G2,7938,G2,Tumor bulk,93
7822 G3 7938 G2,7938,G2,Tumor bulk,94
7822 G3 7938 G2,7938,G2,Tumor bulk,95
7822 G3 7938 G2,7938,G2,Tumor bulk,96
7822 G3 7938 G2,7938,G2,Tumor bulk,97
7822 G3 7938 G2,7938,G2,Tumor bulk,98
7822 G3 7938 G2,7938,G2,Tumor bulk,99
7822 G3 7938 G2,7938,G2,Tumor bulk,100
7822 G3 7938 G2,7938,G2,Tumor bulk,101
7822 G3 7938 G2,7938,G2,Tumor bulk,102
7822 G3 7938 G2,7938,G2,Tumor bulk,103
7822 G3 7938 G2,7938,G2,Tumor bulk,104
7822 G3 7938 G2,7938,G2,Tumor bulk,105
7822 G3 7938 G2,7938,G2,Tumor bulk,106
7822 G3 7938 G2,7938,G2,Tumor bulk,107
7822 G3 7938 G2,7938,G2,Tumor bulk,108
7822 G7 7938 A6,7822,G7,Infiltrating edge,1
7822 G7 7938 A6,7822,G7,Infiltrating edge,2
7822 G7 7938 A6,7822,G7,Infiltrating edge,3
7822 G7 7938 A6,7822,G7,Infiltrating edge,4
7822 G7 7938 A6,7822,G7,Infiltrating edge,5
7822 G7 7938 A6,7822,G7,Infiltrating edge,6
7822 G7 7938 A6,7822,G7,Infiltrating edge,7
7822 G7 7938 A6,7822,G7,Infiltrating edge,8
7822 G7 7938 A6,7822,G7,Infiltrating edge,9
7822 G7 7938 A6,7822,G7,Infiltrating edge,10
7822 G7 7938 A6,7822,G7,Infiltrating edge,11
7822 G7 7938 A6,7822,G7,Infiltrating edge,12
7822 G7 7938 A6,7822,G7,Infiltrating edge,13
7822 G7 7938 A6,7822,G7,Infiltrating edge,14
7822 G7 7938 A6,7822,G7,Infiltrating edge,15
7822 G7 7938 A6,7822,G7,Infiltrating edge,16
7822 G7 7938 A6,7822,G7,Infiltrating edge,17
7822 G7 7938 A6,7822,G7,Infiltrating edge,18
7822 G7 7938 A6,7822,G7,Infiltrating edge,19
7822 G7 7938 A6,7822,G7,Infiltrating edge,20
7822 G7 7938 A6,7822,G7,Infiltrating edge,21
7822 G7 7938 A6,7822,G7,Infiltrating edge,22
7822 G7 7938 A6,7822,G7,Infiltrating edge,23
7822 G7 7938 A6,7822,G7,Infiltrating edge,24
7822 G7 7938 A6,7822,G7,Infiltrating edge,25
7822 G7 7938 A6,7822,G7,Infiltrating edge,26
7822 G7 7938 A6,7822,G7,Infiltrating edge,27
7822 G7 7938 A6,7822,G7,Infiltrating edge,28
7822 G7 7938 A6,7822,G7,Infiltrating edge,29
7822 G7 7938 A6,7822,G7,Infiltrating edge,30
7822 G7 7938 A6,7822,G7,Infiltrating edge,31
7822 G7 7938 A6,7822,G7,Infiltrating edge,32
7822 G7 7938 A6,7822,G7,Infiltrating edge,33
7822 G7 7938 A6,7822,G7,Infiltrating edge,34
7822 G7 7938 A6,7822,G7,Infiltrating edge,35
7822 G7 7938 A6,7822,G7,Infiltrating edge,36
7822 G7 7938 A6,7822,G7,Infiltrating edge,37
7822 G7 7938 A6,7822,G7,Infiltrating edge,38
7822 G7 7938 A6,7822,G7,Infiltrating edge,39
7822 G7 7938 A6,7822,G7,Infiltrating edge,40
7822 G7 7938 A6,7822,G7,Infiltrating edge,41
7822 G7 7938 A6,7822,G7,Infiltrating edge,42
7822 G7 7938 A6,7822,G7,Infiltrating edge,43
7822 G7 7938 A6,7822,G7,Infiltrating edge,44
7822 G7 7938 A6,7822,G7,Infiltrating edge,45
7822 G7 7938 A6,7822,G7,Infiltrating edge,46
7822 G7 7938 A6,7822,G7,Infiltrating edge,47
7822 G7 7938 A6,7822,G7,Infiltrating edge,48
7822 G7 7938 A6,7822,G7,Infiltrating edge,49
7822 G7 7938 A6,7822,G7,Infiltrating edge,50
7822 G7 7938 A6,7822,G7,Infiltrating edge,51
7822 G7 7938 A6,7822,G7,Infiltrating edge,52
7822 G7 7938 A6,7822,G7,Infiltrating edge,53
7822 G7 7938 A6,7822,G7,Infiltrating edge,54
7822 G7 7938 A6,7822,G7,Infiltrating edge,55
7822 G7 7938 A6,7822,G7,Infiltrating edge,56
7822 G7 7938 A6,7822,G7,Infiltrating edge,57
7822 G7 7938 A6,7822,G7,Infiltrating edge,58
7822 G7 7938 A6,7822,G7,Infiltrating edge,59
7822 G7 7938 A6,7822,G7,Infiltrating edge,60
7822 G7 7938 A6,7822,G7,Infiltrating edge,61
7822 G7 7938 A6,7822,G7,Infiltrating edge,62
7822 G7 7938 A6,7822,G7,Infiltrating edge,63
7822 G7 7938 A6,7822,G7,Infiltrating edge,64
7822 G7 7938 A6,7822,G7,Infiltrating edge,65
7822 G7 7938 A6,7822,G7,Infiltrating edge,66
7822 G7 7938 A6,7822,G7,Infiltrating edge,67
7822 G7 7938 A6,7822,G7,Infiltrating edge,68
7822 G7 7938 A6,7822,G7,Infiltrating edge,69
7822 G7 7938 A6,7822,G7,Infiltrating edge,70
7822 G7 7938 A6,7822,G7,Infiltrating edge,71
7822 G7 7938 A6,7822,G7,Infiltrating edge,72
7822 G7 7938 A6,7822,G7,Infiltrating edge,73
7822 G7 7938 A6,7822,G7,Infiltrating edge,74
7822 G7 7938 A6,7822,G7,Infiltrating edge,75
7822 G7 7938 A6,7822,G7,Infiltrating edge,76
7822 G7 7938 A6,7822,G7,Infiltrating edge,77
7822 G7 7938 A6,7822,G7,Infiltrating edge,78
7822 G7 7938 A6,7822,G7,Infiltrating edge,79
7822 G7 7938 A6,7822,G7,Infiltrating edge,80
7822 G7 7938 A6,7822,G7,Infiltrating edge,81
7822 G7 7938 A6,7822,G7,Infiltrating edge,82
7822 G7 7938 A6,7822,G7,Infiltrating edge,83
7822 G7 7938 A6,7822,G7,Infiltrating edge,84
7822 G7 7938 A6,7822,G7,Infiltrating edge,85
7822 G7 7938 A6,7822,G7,Infiltrating edge,86
7822 G7 7938 A6,7822,G7,Infiltrating edge,87
7822 G7 7938 A6,7822,G7,Infiltrating edge,88
7822 G7 7938 A6,7822,G7,Infiltrating edge,89
7822 G7 7938 A6,7822,G7,Infiltrating edge,90
7822 G7 7938 A6,7822,G7,Infiltrating edge,91
7822 G7 7938 A6,7822,G7,Infiltrating edge,92
7822 G7 7938 A6,7822,G7,Infiltrating edge,93
7822 G7 7938 A6,7822,G7,Infiltrating edge,94
7822 G7 7938 A6,7822,G7,Infiltrating edge,95
7822 G7 7938 A6,7822,G7,Infiltrating edge,96
7822 G7 7938 A6,7822,G7,Infiltrating edge,97
7822 G7 7938 A6,7822,G7,Infiltrating edge,98
7822 G7 7938 A6,7822,G7,Infiltrating edge,99
7822 G7 7938 A6,7822,G7,Infiltrating edge,194
7822 G7 7938 A6,7822,G7,Infiltrating edge,195
7822 G7 7938 A6,7822,G7,Infiltrating edge,196
7822 G7 7938 A6,7822,G7,Infiltrating edge,197
7822 G7 7938 A6,7822,G7,Infiltrating edge,198
7822 G7 7938 A6,7822,G7,Infiltrating edge,199
7822 G7 7938 A6,7822,G7,Infiltrating edge,200
7822 G7 7938 A6,7822,G7,Infiltrating edge,201
7822 G7 7938 A6,7822,G7,Infiltrating edge,202
7822 G7 7938 A6,7822,G7,Infiltrating edge,203
7822 G7 7938 A6,7822,G7,Infiltrating edge,204
7822 G7 7938 A6,7822,G7,Infiltrating edge,205
7822 G7 7938 A6,7822,G7,Infiltrating edge,206
7822 G7 7938 A6,7822,G7,Infiltrating edge,207
7822 G7 7938 A6,7822,G7,Infiltrating edge,208
7822 G7 7938 A6,7938,A6,Contralateral uninvolved,100
7822 G7 7938 A6,7938,A6,Contralateral uninvolved,101
7822 G7 7938 A6,7938,A6,Contralateral uninvolved,102
7822 G7 7938 A6,7938,A6,Contralateral uninvolved,103
7822 G7 7938 A6,7938,A6,Contralateral uninvolved,104
7822 G7 7938 A6,7938,A6,Contralateral uninvolved,105
7822 G7 7938 A6,7938,A6,Contralateral uninvolved,106
7822 G7 7938 A6,7938,A6,Contralateral uninvolved,107
7822 G7 7938 A6,7938,A6,Contralateral uninvolved,108
7822 G7 7938 A6,7938,A6,Contralateral uninvolved,109
7822 G7 7938 A6,7938,A6,Contralateral uninvolved,110
7822 G7 7938 A6,7938,A6,Contralateral uninvolved,111
7822 G7 7938 A6,7938,A6,Contralateral uninvolved,112
7822 G7 7938 A6,7938,A6,Contralateral uninvolved,113
7822 G7 7938 A6,7938,A6,Contralateral uninvolved,114
7822 G7 7938 A6,7938,A6,Contralateral uninvolved,115
7822 G7 7938 A6,7938,A6,Contralateral uninvolved,116
7822 G7 7938 A6,7938,A6,Contralateral uninvolved,117
7822 G7 7938 A6,7938,A6,Contralateral uninvolved,118
7822 G7 7938 A6,7938,A6,Contralateral uninvolved,119
7822 G7 7938 A6,7938,A6,Contralateral uninvolved,120
7822 G7 7938 A6,7938,A6,Contralateral uninvolved,121
7822 G7 7938 A6,7938,A6,Contralateral uninvolved,122
7822 G7 7938 A6,7938,A6,Contralateral uninvolved,123
7822 G7 7938 A6,7938,A6,Contralateral uninvolved,124
7822 G7 7938 A6,7938,A6,Contralateral uninvolved,125
7822 G7 7938 A6,7938,A6,Contralateral uninvolved,126
7822 G7 7938 A6,7938,A6,Contralateral uninvolved,127
7822 G7 7938 A6,7938,A6,Contralateral uninvolved,128
7822 G7 7938 A6,7938,A6,Contralateral uninvolved,129
7822 G7 7938 A6,7938,A6,Contralateral uninvolved,130
7822 G7 7938 A6,7938,A6,Contralateral uninvolved,131
7822 G7 7938 A6,7938,A6,Contralateral uninvolved,132
7822 G7 7938 A6,7938,A6,Contralateral uninvolved,133
7822 G7 7938 A6,7938,A6,Contralateral uninvolved,134
7822 G7 7938 A6,7938,A6,Contralateral uninvolved,135
7822 G7 7938 A6,7938,A6,Contralateral uninvolved,136
7822 G7 7938 A6,7938,A6,Contralateral uninvolved,137
7822 G7 7938 A6,7938,A6,Contralateral uninvolved,138
7822 G7 7938 A6,7938,A6,Contralateral uninvolved,139
7822 G7 7938 A6,7938,A6,Contralateral uninvolved,140
7822 G7 7938 A6,7938,A6,Contralateral uninvolved,141
7822 G7 7938 A6,7938,A6,Contralateral uninvolved,142
7822 G7 7938 A6,7938,A6,Contralateral uninvolved,143
7822 G7 7938 A6,7938,A6,Contralateral uninvolved,144
7822 G7 7938 A6,7938,A6,Contralateral uninvolved,145
7822 G7 7938 A6,7938,A6,Contralateral uninvolved,146
7822 G7 7938 A6,7938,A6,Contralateral uninvolved,147
7822 G7 7938 A6,7938,A6,Contralateral uninvolved,148
7822 G7 7938 A6,7938,A6,Contralateral uninvolved,149
7822 G7 7938 A6,7938,A6,Contralateral uninvolved,150
7822 G7 7938 A6,7938,A6,Contralateral uninvolved,151
7822 G7 7938 A6,7938,A6,Contralateral uninvolved,152
7822 G7 7938 A6,7938,A6,Contralateral uninvolved,153
7822 G7 7938 A6,7938,A6,Contralateral uninvolved,154
7822 G7 7938 A6,7938,A6,Contralateral uninvolved,155
7822 G7 7938 A6,7938,A6,Contralateral uninvolved,156
7822 G7 7938 A6,7938,A6,Contralateral uninvolved,157
7822 G7 7938 A6,7938,A6,Contralateral uninvolved,158
7822 G7 7938 A6,7938,A6,Contralateral uninvolved,159
7822 G7 7938 A6,7938,A6,Contralateral uninvolved,160
7822 G7 7938 A6,7938,A6,Contralateral uninvolved,161
7822 G7 7938 A6,7938,A6,Contralateral uninvolved,162
7822 G7 7938 A6,7938,A6,Contralateral uninvolved,163
7822 G7 7938 A6,7938,A6,Contralateral uninvolved,164
7822 G7 7938 A6,7938,A6,Contralateral uninvolved,165
7822 G7 7938 A6,7938,A6,Contralateral uninvolved,166
7822 G7 7938 A6,7938,A6,Contralateral uninvolved,167
7822 G7 7938 A6,7938,A6,Contralateral uninvolved,168
7822 G7 7938 A6,7938,A6,Contralateral uninvolved,169
7822 G7 7938 A6,7938,A6,Contralateral uninvolved,170
7822 G7 7938 A6,7938,A6,Contralateral uninvolved,171
7822 G7 7938 A6,7938,A6,Contralateral uninvolved,172
7822 G7 7938 A6,7938,A6,Contralateral uninvolved,173
7822 G7 7938 A6,7938,A6,Contralateral uninvolved,174
7822 G7 7938 A6,7938,A6,Contralateral uninvolved,175
7822 G7 7938 A6,7938,A6,Contralateral uninvolved,176
7822 G7 7938 A6,7938,A6,Contralateral uninvolved,177
7822 G7 7938 A6,7938,A6,Contralateral uninvolved,178
7822 G7 7938 A6,7938,A6,Contralateral uninvolved,179
7822 G7 7938 A6,7938,A6,Contralateral uninvolved,180
7822 G7 7938 A6,7938,A6,Contralateral uninvolved,181
7822 G7 7938 A6,7938,A6,Contralateral uninvolved,182
7822 G7 7938 A6,7938,A6,Contralateral uninvolved,183
7822 G7 7938 A6,7938,A6,Contralateral uninvolved,184
7822 G7 7938 A6,7938,A6,Contralateral uninvolved,185
7822 G7 7938 A6,7938,A6,Contralateral uninvolved,186
7822 G7 7938 A6,7938,A6,Contralateral uninvolved,187
7822 G7 7938 A6,7938,A6,Contralateral uninvolved,188
7822 G7 7938 A6,7938,A6,Contralateral uninvolved,189
7822 G7 7938 A6,7938,A6,Contralateral uninvolved,190
7822 G7 7938 A6,7938,A6,Contralateral uninvolved,191
7822 G7 7938 A6,7938,A6,Contralateral uninvolved,192
7822 G7 7938 A6,7938,A6,Contralateral uninvolved,193
7938 G5 7353 G6,7353,G6,Tumor bulk,1
7938 G5 7353 G6,7353,G6,Tumor bulk,2
7938 G5 7353 G6,7353,G6,Tumor bulk,3
7938 G5 7353 G6,7353,G6,Tumor bulk,4
7938 G5 7353 G6,7353,G6,Tumor bulk,5
7938 G5 7353 G6,7353,G6,Tumor bulk,6
7938 G5 7353 G6,7353,G6,Tumor bulk,7
7938 G5 7353 G6,7353,G6,Tumor bulk,8
7938 G5 7353 G6,7353,G6,Tumor bulk,9
7938 G5 7353 G6,7353,G6,Tumor bulk,10
7938 G5 7353 G6,7353,G6,Tumor bulk,11
7938 G5 7353 G6,7353,G6,Tumor bulk,12
7938 G5 7353 G6,7353,G6,Tumor bulk,13
7938 G5 7353 G6,7353,G6,Tumor bulk,14
7938 G5 7353 G6,7353,G6,Tumor bulk,15
7938 G5 7353 G6,7353,G6,Tumor bulk,16
7938 G5 7353 G6,7353,G6,Tumor bulk,17
7938 G5 7353 G6,7353,G6,Tumor bulk,18
7938 G5 7353 G6,7353,G6,Tumor bulk,19
7938 G5 7353 G6,7353,G6,Tumor bulk,20
7938 G5 7353 G6,7353,G6,Tumor bulk,21
7938 G5 7353 G6,7353,G6,Tumor bulk,22
7938 G5 7353 G6,7353,G6,Tumor bulk,23
7938 G5 7353 G6,7353,G6,Tumor bulk,24
7938 G5 7353 G6,7353,G6,Tumor bulk,25
7938 G5 7353 G6,7353,G6,Tumor bulk,26
7938 G5 7353 G6,7353,G6,Tumor bulk,27
7938 G5 7353 G6,7353,G6,Tumor bulk,28
7938 G5 7353 G6,7353,G6,Tumor bulk,29
7938 G5 7353 G6,7353,G6,Tumor bulk,30
7938 G5 7353 G6,7353,G6,Tumor bulk,31
7938 G5 7353 G6,7353,G6,Tumor bulk,32
7938 G5 7353 G6,7353,G6,Tumor bulk,33
7938 G5 7353 G6,7353,G6,Tumor bulk,34
7938 G5 7353 G6,7353,G6,Tumor bulk,35
7938 G5 7353 G6,7353,G6,Tumor bulk,36
7938 G5 7353 G6,7353,G6,Tumor bulk,37
7938 G5 7353 G6,7353,G6,Tumor bulk,38
7938 G5 7353 G6,7353,G6,Tumor bulk,39
7938 G5 7353 G6,7353,G6,Tumor bulk,40
7938 G5 7353 G6,7353,G6,Tumor bulk,41
7938 G5 7353 G6,7353,G6,Tumor bulk,42
7938 G5 7353 G6,7353,G6,Tumor bulk,43
7938 G5 7353 G6,7353,G6,Tumor bulk,44
7938 G5 7353 G6,7353,G6,Tumor bulk,45
7938 G5 7353 G6,7353,G6,Tumor bulk,46
7938 G5 7353 G6,7353,G6,Tumor bulk,47
7938 G5 7353 G6,7353,G6,Tumor bulk,48
7938 G5 7353 G6,7353,G6,Tumor bulk,49
7938 G5 7353 G6,7353,G6,Tumor bulk,50
7938 G5 7353 G6,7353,G6,Tumor bulk,51
7938 G5 7353 G6,7353,G6,Tumor bulk,52
7938 G5 7353 G6,7353,G6,Tumor bulk,53
7938 G5 7353 G6,7353,G6,Tumor bulk,54
7938 G5 7353 G6,7353,G6,Tumor bulk,55
7938 G5 7353 G6,7353,G6,Tumor bulk,56
7938 G5 7353 G6,7353,G6,Tumor bulk,57
7938 G5 7353 G6,7353,G6,Tumor bulk,58
7938 G5 7353 G6,7353,G6,Tumor bulk,59
7938 G5 7353 G6,7353,G6,Tumor bulk,60
7938 G5 7353 G6,7353,G6,Tumor bulk,61
7938 G5 7353 G6,7353,G6,Tumor bulk,62
7938 G5 7353 G6,7353,G6,Tumor bulk,63
7938 G5 7353 G6,7353,G6,Tumor bulk,64
7938 G5 7353 G6,7353,G6,Tumor bulk,65
7938 G5 7353 G6,7353,G6,Tumor bulk,66
7938 G5 7353 G6,7353,G6,Tumor bulk,67
7938 G5 7353 G6,7353,G6,Tumor bulk,68
7938 G5 7353 G6,7353,G6,Tumor bulk,69
7938 G5 7353 G6,7353,G6,Tumor bulk,70
7938 G5 7353 G6,7353,G6,Tumor bulk,71
7938 G5 7353 G6,7353,G6,Tumor bulk,72
7938 G5 7353 G6,7353,G6,Tumor bulk,73
7938 G5 7353 G6,7353,G6,Tumor bulk,74
7938 G5 7353 G6,7353,G6,Tumor bulk,75
7938 G5 7353 G6,7353,G6,Tumor bulk,76
7938 G5 7353 G6,7353,G6,Tumor bulk,77
7938 G5 7353 G6,7353,G6,Tumor bulk,78
7938 G5 7353 G6,7353,G6,Tumor bulk,79
7938 G5 7353 G6,7353,G6,Tumor bulk,80
7938 G5 7353 G6,7353,G6,Tumor bulk,81
7938 G5 7353 G6,7353,G6,Tumor bulk,82
7938 G5 7353 G6,7353,G6,Tumor bulk,83
7938 G5 7353 G6,7353,G6,Tumor bulk,84
7938 G5 7353 G6,7353,G6,Tumor bulk,85
7938 G5 7353 G6,7353,G6,Tumor bulk,86
7938 G5 7353 G6,7353,G6,Tumor bulk,87
7938 G5 7353 G6,7353,G6,Tumor bulk,88
7938 G5 7353 G6,7353,G6,Tumor bulk,89
7938 G5 7353 G6,7353,G6,Tumor bulk,90
7938 G5 7353 G6,7353,G6,Tumor bulk,91
7938 G5 7353 G6,7353,G6,Tumor bulk,92
7938 G5 7353 G6,7353,G6,Tumor bulk,93
7938 G5 7353 G6,7353,G6,Tumor bulk,94
7938 G5 7353 G6,7353,G6,Tumor bulk,95
7938 G5 7353 G6,7353,G6,Tumor bulk,96
7938 G5 7353 G6,7353,G6,Tumor bulk,97
7938 G5 7353 G6,7353,G6,Tumor bulk,98
7938 G5 7353 G6,7353,G6,Tumor bulk,99
7938 G5 7353 G6,7353,G6,Tumor bulk,100
7938 G5 7353 G6,7353,G6,Tumor bulk,101
7938 G5 7353 G6,7353,G6,Tumor bulk,102
7938 G5 7353 G6,7938,G5,Infiltrating edge,103
7938 G5 7353 G6,7938,G5,Infiltrating edge,104
7938 G5 7353 G6,7938,G5,Infiltrating edge,105
7938 G5 7353 G6,7938,G5,Infiltrating edge,106
7938 G5 7353 G6,7938,G5,Infiltrating edge,107
7938 G5 7353 G6,7938,G5,Infiltrating edge,108
7938 G5 7353 G6,7938,G5,Infiltrating edge,109
7938 G5 7353 G6,7938,G5,Infiltrating edge,110
7938 G5 7353 G6,7938,G5,Infiltrating edge,111
7938 G5 7353 G6,7938,G5,Infiltrating edge,112
7938 G5 7353 G6,7938,G5,Infiltrating edge,113
7938 G5 7353 G6,7938,G5,Infiltrating edge,114
7938 G5 7353 G6,7938,G5,Infiltrating edge,115
7938 G5 7353 G6,7938,G5,Infiltrating edge,116
7938 G5 7353 G6,7938,G5,Infiltrating edge,117
7938 G5 7353 G6,7938,G5,Infiltrating edge,118
7938 G5 7353 G6,7938,G5,Infiltrating edge,119
7938 G5 7353 G6,7938,G5,Infiltrating edge,120
7938 G5 7353 G6,7938,G5,Infiltrating edge,121
7938 G5 7353 G6,7938,G5,Infiltrating edge,122
7938 G5 7353 G6,7938,G5,Infiltrating edge,123
7938 G5 7353 G6,7938,G5,Infiltrating edge,124
7938 G5 7353 G6,7938,G5,Infiltrating edge,125
7938 G5 7353 G6,7938,G5,Infiltrating edge,126
7938 G5 7353 G6,7938,G5,Infiltrating edge,127
7938 G5 7353 G6,7938,G5,Infiltrating edge,128
7938 G5 7353 G6,7938,G5,Infiltrating edge,129
7938 G5 7353 G6,7938,G5,Infiltrating edge,130
7938 G5 7353 G6,7938,G5,Infiltrating edge,131
7938 G5 7353 G6,7938,G5,Infiltrating edge,132
7938 G5 7353 G6,7938,G5,Infiltrating edge,133
7938 G5 7353 G6,7938,G5,Infiltrating edge,134
7938 G5 7353 G6,7938,G5,Infiltrating edge,135
7938 G5 7353 G6,7938,G5,Infiltrating edge,136
7938 G5 7353 G6,7938,G5,Infiltrating edge,137
7938 G5 7353 G6,7938,G5,Infiltrating edge,138
7938 G5 7353 G6,7938,G5,Infiltrating edge,139
7938 G5 7353 G6,7938,G5,Infiltrating edge,140
7938 G5 7353 G6,7938,G5,Infiltrating edge,141
7938 G5 7353 G6,7938,G5,Infiltrating edge,142
7938 G5 7353 G6,7938,G5,Infiltrating edge,143
7938 G5 7353 G6,7938,G5,Infiltrating edge,144
7938 G5 7353 G6,7938,G5,Infiltrating edge,145
7938 G5 7353 G6,7938,G5,Infiltrating edge,146
7938 G5 7353 G6,7938,G5,Infiltrating edge,147
7938 G5 7353 G6,7938,G5,Infiltrating edge,148
7938 G5 7353 G6,7938,G5,Infiltrating edge,149
7938 G5 7353 G6,7938,G5,Infiltrating edge,150
7938 G5 7353 G6,7938,G5,Infiltrating edge,151
7938 G5 7353 G6,7938,G5,Infiltrating edge,152
7938 G5 7353 G6,7938,G5,Infiltrating edge,153
7938 G5 7353 G6,7938,G5,Infiltrating edge,154
7938 G5 7353 G6,7938,G5,Infiltrating edge,155
7938 G5 7353 G6,7938,G5,Infiltrating edge,156
7938 G5 7353 G6,7938,G5,Infiltrating edge,157
7938 G5 7353 G6,7938,G5,Infiltrating edge,158
7938 G5 7353 G6,7938,G5,Infiltrating edge,159
7938 G5 7353 G6,7938,G5,Infiltrating edge,160
7938 G5 7353 G6,7938,G5,Infiltrating edge,161
7938 G5 7353 G6,7938,G5,Infiltrating edge,162
7938 G5 7353 G6,7938,G5,Infiltrating edge,163
7938 G5 7353 G6,7938,G5,Infiltrating edge,164
7938 G5 7353 G6,7938,G5,Infiltrating edge,165
7938 G5 7353 G6,7938,G5,Infiltrating edge,166
7938 G5 7353 G6,7938,G5,Infiltrating edge,167
7938 G5 7353 G6,7938,G5,Infiltrating edge,168
7938 G5 7353 G6,7938,G5,Infiltrating edge,169
7938 G5 7353 G6,7938,G5,Infiltrating edge,170
7938 G5 7353 G6,7938,G5,Infiltrating edge,171
7938 G5 7353 G6,7938,G5,Infiltrating edge,172
7938 G5 7353 G6,7938,G5,Infiltrating edge,173
7938 G5 7353 G6,7938,G5,Infiltrating edge,174
7938 G5 7353 G6,7938,G5,Infiltrating edge,175
7938 G5 7353 G6,7938,G5,Infiltrating edge,176
7938 G5 7353 G6,7938,G5,Infiltrating edge,177
7938 G5 7353 G6,7938,G5,Infiltrating edge,178
7938 G5 7353 G6,7938,G5,Infiltrating edge,179
7938 G5 7353 G6,7938,G5,Infiltrating edge,180
7938 G5 7353 G6,7938,G5,Infiltrating edge,181
7938 G5 7353 G6,7938,G5,Infiltrating edge,182
7938 G5 7353 G6,7938,G5,Infiltrating edge,183
7938 G5 7353 G6,7938,G5,Infiltrating edge,184
7938 G5 7353 G6,7938,G5,Infiltrating edge,185
7938 G5 7353 G6,7938,G5,Infiltrating edge,186
7938 G5 7353 G6,7938,G5,Infiltrating edge,187
7938 G5 7353 G6,7938,G5,Infiltrating edge,188
7938 G5 7353 G6,7938,G5,Infiltrating edge,189
7938 G5 7353 G6,7938,G5,Infiltrating edge,190
7938 G5 7353 G6,7938,G5,Infiltrating edge,191
7938 G5 7353 G6,7938,G5,Infiltrating edge,192
7938 G5 7353 G6,7938,G5,Infiltrating edge,193
7938 G5 7353 G6,7938,G5,Infiltrating edge,194
7938 G5 7353 G6,7938,G5,Infiltrating edge,195
7938 G5 7353 G6,7938,G5,Infiltrating edge,196
7938 G5 7353 G6,7938,G5,Infiltrating edge,197
7938 G5 7353 G6,7938,G5,Infiltrating edge,198
7938 G5 7353 G6,7938,G5,Infiltrating edge,199
7938 G5 7353 G6,7938,G5,Infiltrating edge,200
7971 G1 7971 A6,7971,A6,Contralateral uninvolved,1
7971 G1 7971 A6,7971,A6,Contralateral uninvolved,2
7971 G1 7971 A6,7971,A6,Contralateral uninvolved,3
7971 G1 7971 A6,7971,A6,Contralateral uninvolved,4
7971 G1 7971 A6,7971,A6,Contralateral uninvolved,5
7971 G1 7971 A6,7971,A6,Contralateral uninvolved,6
7971 G1 7971 A6,7971,A6,Contralateral uninvolved,7
7971 G1 7971 A6,7971,A6,Contralateral uninvolved,8
7971 G1 7971 A6,7971,A6,Contralateral uninvolved,9
7971 G1 7971 A6,7971,A6,Contralateral uninvolved,10
7971 G1 7971 A6,7971,A6,Contralateral uninvolved,11
7971 G1 7971 A6,7971,A6,Contralateral uninvolved,12
7971 G1 7971 A6,7971,A6,Contralateral uninvolved,13
7971 G1 7971 A6,7971,A6,Contralateral uninvolved,14
7971 G1 7971 A6,7971,A6,Contralateral uninvolved,15
7971 G1 7971 A6,7971,A6,Contralateral uninvolved,16
7971 G1 7971 A6,7971,A6,Contralateral uninvolved,17
7971 G1 7971 A6,7971,A6,Contralateral uninvolved,18
7971 G1 7971 A6,7971,A6,Contralateral uninvolved,19
7971 G1 7971 A6,7971,A6,Contralateral uninvolved,20
7971 G1 7971 A6,7971,A6,Contralateral uninvolved,21
7971 G1 7971 A6,7971,A6,Contralateral uninvolved,22
7971 G1 7971 A6,7971,A6,Contralateral uninvolved,23
7971 G1 7971 A6,7971,A6,Contralateral uninvolved,24
7971 G1 7971 A6,7971,A6,Contralateral uninvolved,25
7971 G1 7971 A6,7971,A6,Contralateral uninvolved,26
7971 G1 7971 A6,7971,A6,Contralateral uninvolved,27
7971 G1 7971 A6,7971,A6,Contralateral uninvolved,28
7971 G1 7971 A6,7971,A6,Contralateral uninvolved,29
7971 G1 7971 A6,7971,A6,Contralateral uninvolved,30
7971 G1 7971 A6,7971,A6,Contralateral uninvolved,31
7971 G1 7971 A6,7971,A6,Contralateral uninvolved,32
7971 G1 7971 A6,7971,A6,Contralateral uninvolved,33
7971 G1 7971 A6,7971,A6,Contralateral uninvolved,34
7971 G1 7971 A6,7971,A6,Contralateral uninvolved,35
7971 G1 7971 A6,7971,A6,Contralateral uninvolved,36
7971 G1 7971 A6,7971,A6,Contralateral uninvolved,37
7971 G1 7971 A6,7971,A6,Contralateral uninvolved,38
7971 G1 7971 A6,7971,A6,Contralateral uninvolved,39
7971 G1 7971 A6,7971,A6,Contralateral uninvolved,40
7971 G1 7971 A6,7971,A6,Contralateral uninvolved,41
7971 G1 7971 A6,7971,A6,Contralateral uninvolved,42
7971 G1 7971 A6,7971,A6,Contralateral uninvolved,43
7971 G1 7971 A6,7971,A6,Contralateral uninvolved,44
7971 G1 7971 A6,7971,A6,Contralateral uninvolved,45
7971 G1 7971 A6,7971,A6,Contralateral uninvolved,46
7971 G1 7971 A6,7971,A6,Contralateral uninvolved,47
7971 G1 7971 A6,7971,A6,Contralateral uninvolved,48
7971 G1 7971 A6,7971,A6,Contralateral uninvolved,49
7971 G1 7971 A6,7971,A6,Contralateral uninvolved,50
7971 G1 7971 A6,7971,A6,Contralateral uninvolved,51
7971 G1 7971 A6,7971,A6,Contralateral uninvolved,52
7971 G1 7971 A6,7971,A6,Contralateral uninvolved,53
7971 G1 7971 A6,7971,A6,Contralateral uninvolved,54
7971 G1 7971 A6,7971,A6,Contralateral uninvolved,55
7971 G1 7971 A6,7971,A6,Contralateral uninvolved,56
7971 G1 7971 A6,7971,A6,Contralateral uninvolved,57
7971 G1 7971 A6,7971,A6,Contralateral uninvolved,58
7971 G1 7971 A6,7971,A6,Contralateral uninvolved,59
7971 G1 7971 A6,7971,A6,Contralateral uninvolved,60
7971 G1 7971 A6,7971,A6,Contralateral uninvolved,61
7971 G1 7971 A6,7971,A6,Contralateral uninvolved,62
7971 G1 7971 A6,7971,A6,Contralateral uninvolved,63
7971 G1 7971 A6,7971,A6,Contralateral uninvolved,64
7971 G1 7971 A6,7971,A6,Contralateral uninvolved,65
7971 G1 7971 A6,7971,A6,Contralateral uninvolved,66
7971 G1 7971 A6,7971,A6,Contralateral uninvolved,67
7971 G1 7971 A6,7971,A6,Contralateral uninvolved,68
7971 G1 7971 A6,7971,A6,Contralateral uninvolved,69
7971 G1 7971 A6,7971,A6,Contralateral uninvolved,70
7971 G1 7971 A6,7971,A6,Contralateral uninvolved,71
7971 G1 7971 A6,7971,A6,Contralateral uninvolved,72
7971 G1 7971 A6,7971,A6,Contralateral uninvolved,73
7971 G1 7971 A6,7971,A6,Contralateral uninvolved,74
7971 G1 7971 A6,7971,A6,Contralateral uninvolved,75
7971 G1 7971 A6,7971,A6,Contralateral uninvolved,76
7971 G1 7971 A6,7971,A6,Contralateral uninvolved,77
7971 G1 7971 A6,7971,A6,Contralateral uninvolved,78
7971 G1 7971 A6,7971,A6,Contralateral uninvolved,79
7971 G1 7971 A6,7971,A6,Contralateral uninvolved,80
7971 G1 7971 A6,7971,A6,Contralateral uninvolved,81
7971 G1 7971 A6,7971,A6,Contralateral uninvolved,82
7971 G1 7971 A6,7971,A6,Contralateral uninvolved,83
7971 G1 7971 A6,7971,A6,Contralateral uninvolved,84
7971 G1 7971 A6,7971,A6,Contralateral uninvolved,85
7971 G1 7971 A6,7971,A6,Contralateral uninvolved,86
7971 G1 7971 A6,7971,A6,Contralateral uninvolved,87
7971 G1 7971 A6,7971,A6,Contralateral uninvolved,88
7971 G1 7971 A6,7971,A6,Contralateral uninvolved,89
7971 G1 7971 A6,7971,A6,Contralateral uninvolved,90
7971 G1 7971 A6,7971,A6,Contralateral uninvolved,91
7971 G1 7971 A6,7971,A6,Contralateral uninvolved,92
7971 G1 7971 A6,7971,A6,Contralateral uninvolved,93
7971 G1 7971 A6,7971,A6,Contralateral uninvolved,94
7971 G1 7971 A6,7971,A6,Contralateral uninvolved,95
7971 G1 7971 A6,7971,A6,Contralateral uninvolved,96
7971 G1 7971 A6,7971,A6,Contralateral uninvolved,97
7971 G1 7971 A6,7971,A6,Contralateral uninvolved,98
7971 G1 7971 A6,7971,A6,Contralateral uninvolved,99
7971 G1 7971 A6,7971,A6,Contralateral uninvolved,100
7971 G1 7971 A6,7971,G1,Tumor bulk,101
7971 G1 7971 A6,7971,G1,Tumor bulk,102
7971 G1 7971 A6,7971,G1,Tumor bulk,103
7971 G1 7971 A6,7971,G1,Tumor bulk,104
7971 G1 7971 A6,7971,G1,Tumor bulk,105
7971 G1 7971 A6,7971,G1,Tumor bulk,106
7971 G1 7971 A6,7971,G1,Tumor bulk,107
7971 G1 7971 A6,7971,G1,Tumor bulk,108
7971 G1 7971 A6,7971,G1,Tumor bulk,109
7971 G1 7971 A6,7971,G1,Tumor bulk,110
7971 G1 7971 A6,7971,G1,Tumor bulk,111
7971 G1 7971 A6,7971,G1,Tumor bulk,112
7971 G1 7971 A6,7971,G1,Tumor bulk,113
7971 G1 7971 A6,7971,G1,Tumor bulk,114
7971 G1 7971 A6,7971,G1,Tumor bulk,115
7971 G1 7971 A6,7971,G1,Tumor bulk,116
7971 G1 7971 A6,7971,G1,Tumor bulk,117
7971 G1 7971 A6,7971,G1,Tumor bulk,118
7971 G1 7971 A6,7971,G1,Tumor bulk,119
7971 G1 7971 A6,7971,G1,Tumor bulk,120
7971 G1 7971 A6,7971,G1,Tumor bulk,121
7971 G1 7971 A6,7971,G1,Tumor bulk,122
7971 G1 7971 A6,7971,G1,Tumor bulk,123
7971 G1 7971 A6,7971,G1,Tumor bulk,124
7971 G1 7971 A6,7971,G1,Tumor bulk,125
7971 G1 7971 A6,7971,G1,Tumor bulk,126
7971 G1 7971 A6,7971,G1,Tumor bulk,127
7971 G1 7971 A6,7971,G1,Tumor bulk,128
7971 G1 7971 A6,7971,G1,Tumor bulk,129
7971 G1 7971 A6,7971,G1,Tumor bulk,130
7971 G1 7971 A6,7971,G1,Tumor bulk,131
7971 G1 7971 A6,7971,G1,Tumor bulk,132
7971 G1 7971 A6,7971,G1,Tumor bulk,133
7971 G1 7971 A6,7971,G1,Tumor bulk,134
7971 G1 7971 A6,7971,G1,Tumor bulk,135
7971 G1 7971 A6,7971,G1,Tumor bulk,136
7971 G1 7971 A6,7971,G1,Tumor bulk,137
7971 G1 7971 A6,7971,G1,Tumor bulk,138
7971 G1 7971 A6,7971,G1,Tumor bulk,139
7971 G1 7971 A6,7971,G1,Tumor bulk,140
7971 G1 7971 A6,7971,G1,Tumor bulk,141
7971 G1 7971 A6,7971,G1,Tumor bulk,142
7971 G1 7971 A6,7971,G1,Tumor bulk,143
7971 G1 7971 A6,7971,G1,Tumor bulk,144
7971 G1 7971 A6,7971,G1,Tumor bulk,145
7971 G1 7971 A6,7971,G1,Tumor bulk,146
7971 G1 7971 A6,7971,G1,Tumor bulk,147
7971 G1 7971 A6,7971,G1,Tumor bulk,148
7971 G1 7971 A6,7971,G1,Tumor bulk,149
7971 G1 7971 A6,7971,G1,Tumor bulk,150
7971 G1 7971 A6,7971,G1,Tumor bulk,151
7971 G1 7971 A6,7971,G1,Tumor bulk,152
7971 G1 7971 A6,7971,G1,Tumor bulk,153
7971 G1 7971 A6,7971,G1,Tumor bulk,154
7971 G1 7971 A6,7971,G1,Tumor bulk,155
7971 G1 7971 A6,7971,G1,Tumor bulk,156
7971 G1 7971 A6,7971,G1,Tumor bulk,157
7971 G1 7971 A6,7971,G1,Tumor bulk,158
7971 G1 7971 A6,7971,G1,Tumor bulk,159
7971 G1 7971 A6,7971,G1,Tumor bulk,160
7971 G1 7971 A6,7971,G1,Tumor bulk,161
7971 G1 7971 A6,7971,G1,Tumor bulk,162
7971 G1 7971 A6,7971,G1,Tumor bulk,163
7971 G1 7971 A6,7971,G1,Tumor bulk,164
7971 G1 7971 A6,7971,G1,Tumor bulk,165
7971 G1 7971 A6,7971,G1,Tumor bulk,166
7971 G1 7971 A6,7971,G1,Tumor bulk,167
7971 G1 7971 A6,7971,G1,Tumor bulk,168
7971 G1 7971 A6,7971,G1,Tumor bulk,169
7971 G1 7971 A6,7971,G1,Tumor bulk,170
7971 G1 7971 A6,7971,G1,Tumor bulk,171
7971 G1 7971 A6,7971,G1,Tumor bulk,172
7971 G1 7971 A6,7971,G1,Tumor bulk,173
7971 G1 7971 A6,7971,G1,Tumor bulk,174
7971 G1 7971 A6,7971,G1,Tumor bulk,175
7971 G1 7971 A6,7971,G1,Tumor bulk,176
7971 G1 7971 A6,7971,G1,Tumor bulk,177
7971 G1 7971 A6,7971,G1,Tumor bulk,178
7971 G1 7971 A6,7971,G1,Tumor bulk,179
7971 G1 7971 A6,7971,G1,Tumor bulk,180
7971 G1 7971 A6,7971,G1,Tumor bulk,181
7971 G1 7971 A6,7971,G1,Tumor bulk,182
7971 G1 7971 A6,7971,G1,Tumor bulk,183
7971 G1 7971 A6,7971,G1,Tumor bulk,184
7971 G1 7971 A6,7971,G1,Tumor bulk,185
7971 G1 7971 A6,7971,G1,Tumor bulk,186
7971 G1 7971 A6,7971,G1,Tumor bulk,187
7971 G1 7971 A6,7971,G1,Tumor bulk,188
7971 G1 7971 A6,7971,G1,Tumor bulk,189
7971 G1 7971 A6,7971,G1,Tumor bulk,190
7971 G1 7971 A6,7971,G1,Tumor bulk,191
7971 G1 7971 A6,7971,G1,Tumor bulk,192
7971 G1 7971 A6,7971,G1,Tumor bulk,193
7971 G1 7971 A6,7971,G1,Tumor bulk,194
7971 G1 7971 A6,7971,G1,Tumor bulk,195
7971 G1 7971 A6,7971,G1,Tumor bulk,196
7971 G1 7971 A6,7971,G1,Tumor bulk,197
7971 G1 7971 A6,7971,G1,Tumor bulk,198
7971 G1 7971 A6,7971,G1,Tumor bulk,199
7971 G1 7971 A6,7971,G1,Tumor bulk,200
8157 A23 8157 G7,8157,G7,Tumor bulk,1
8157 A23 8157 G7,8157,G7,Tumor bulk,2
8157 A23 8157 G7,8157,G7,Tumor bulk,3
8157 A23 8157 G7,8157,G7,Tumor bulk,4
8157 A23 8157 G7,8157,G7,Tumor bulk,5
8157 A23 8157 G7,8157,G7,Tumor bulk,6
8157 A23 8157 G7,8157,G7,Tumor bulk,7
8157 A23 8157 G7,8157,G7,Tumor bulk,8
8157 A23 8157 G7,8157,G7,Tumor bulk,9
8157 A23 8157 G7,8157,G7,Tumor bulk,10
8157 A23 8157 G7,8157,G7,Tumor bulk,11
8157 A23 8157 G7,8157,G7,Tumor bulk,12
8157 A23 8157 G7,8157,G7,Tumor bulk,13
8157 A23 8157 G7,8157,G7,Tumor bulk,14
8157 A23 8157 G7,8157,G7,Tumor bulk,15
8157 A23 8157 G7,8157,G7,Tumor bulk,16
8157 A23 8157 G7,8157,G7,Tumor bulk,17
8157 A23 8157 G7,8157,G7,Tumor bulk,18
8157 A23 8157 G7,8157,G7,Tumor bulk,19
8157 A23 8157 G7,8157,G7,Tumor bulk,20
8157 A23 8157 G7,8157,G7,Tumor bulk,21
8157 A23 8157 G7,8157,G7,Tumor bulk,22
8157 A23 8157 G7,8157,G7,Tumor bulk,23
8157 A23 8157 G7,8157,G7,Tumor bulk,24
8157 A23 8157 G7,8157,G7,Tumor bulk,25
8157 A23 8157 G7,8157,G7,Tumor bulk,26
8157 A23 8157 G7,8157,G7,Tumor bulk,27
8157 A23 8157 G7,8157,G7,Tumor bulk,28
8157 A23 8157 G7,8157,G7,Tumor bulk,29
8157 A23 8157 G7,8157,G7,Tumor bulk,30
8157 A23 8157 G7,8157,G7,Tumor bulk,31
8157 A23 8157 G7,8157,G7,Tumor bulk,32
8157 A23 8157 G7,8157,G7,Tumor bulk,33
8157 A23 8157 G7,8157,G7,Tumor bulk,34
8157 A23 8157 G7,8157,G7,Tumor bulk,35
8157 A23 8157 G7,8157,G7,Tumor bulk,36
8157 A23 8157 G7,8157,G7,Tumor bulk,37
8157 A23 8157 G7,8157,G7,Tumor bulk,38
8157 A23 8157 G7,8157,G7,Tumor bulk,39
8157 A23 8157 G7,8157,G7,Tumor bulk,40
8157 A23 8157 G7,8157,G7,Tumor bulk,41
8157 A23 8157 G7,8157,G7,Tumor bulk,42
8157 A23 8157 G7,8157,G7,Tumor bulk,43
8157 A23 8157 G7,8157,G7,Tumor bulk,44
8157 A23 8157 G7,8157,G7,Tumor bulk,45
8157 A23 8157 G7,8157,G7,Tumor bulk,46
8157 A23 8157 G7,8157,G7,Tumor bulk,47
8157 A23 8157 G7,8157,G7,Tumor bulk,48
8157 A23 8157 G7,8157,G7,Tumor bulk,49
8157 A23 8157 G7,8157,G7,Tumor bulk,50
8157 A23 8157 G7,8157,G7,Tumor bulk,51
8157 A23 8157 G7,8157,G7,Tumor bulk,52
8157 A23 8157 G7,8157,G7,Tumor bulk,53
8157 A23 8157 G7,8157,G7,Tumor bulk,54
8157 A23 8157 G7,8157,G7,Tumor bulk,55
8157 A23 8157 G7,8157,G7,Tumor bulk,56
8157 A23 8157 G7,8157,G7,Tumor bulk,57
8157 A23 8157 G7,8157,G7,Tumor bulk,58
8157 A23 8157 G7,8157,G7,Tumor bulk,59
8157 A23 8157 G7,8157,G7,Tumor bulk,60
8157 A23 8157 G7,8157,G7,Tumor bulk,61
8157 A23 8157 G7,8157,G7,Tumor bulk,62
8157 A23 8157 G7,8157,G7,Tumor bulk,63
8157 A23 8157 G7,8157,G7,Tumor bulk,64
8157 A23 8157 G7,8157,G7,Tumor bulk,65
8157 A23 8157 G7,8157,G7,Tumor bulk,66
8157 A23 8157 G7,8157,G7,Tumor bulk,67
8157 A23 8157 G7,8157,G7,Tumor bulk,68
8157 A23 8157 G7,8157,G7,Tumor bulk,69
8157 A23 8157 G7,8157,G7,Tumor bulk,70
8157 A23 8157 G7,8157,G7,Tumor bulk,71
8157 A23 8157 G7,8157,G7,Tumor bulk,72
8157 A23 8157 G7,8157,G7,Tumor bulk,73
8157 A23 8157 G7,8157,G7,Tumor bulk,74
8157 A23 8157 G7,8157,G7,Tumor bulk,75
8157 A23 8157 G7,8157,G7,Tumor bulk,76
8157 A23 8157 G7,8157,G7,Tumor bulk,77
8157 A23 8157 G7,8157,G7,Tumor bulk,78
8157 A23 8157 G7,8157,G7,Tumor bulk,79
8157 A23 8157 G7,8157,G7,Tumor bulk,80
8157 A23 8157 G7,8157,G7,Tumor bulk,81
8157 A23 8157 G7,8157,G7,Tumor bulk,82
8157 A23 8157 G7,8157,G7,Tumor bulk,83
8157 A23 8157 G7,8157,G7,Tumor bulk,84
8157 A23 8157 G7,8157,G7,Tumor bulk,85
8157 A23 8157 G7,8157,G7,Tumor bulk,86
8157 A23 8157 G7,8157,G7,Tumor bulk,87
8157 A23 8157 G7,8157,G7,Tumor bulk,88
8157 A23 8157 G7,8157,G7,Tumor bulk,89
8157 A23 8157 G7,8157,G7,Tumor bulk,90
8157 A23 8157 G7,8157,G7,Tumor bulk,91
8157 A23 8157 G7,8157,G7,Tumor bulk,92
8157 A23 8157 G7,8157,G7,Tumor bulk,93
8157 A23 8157 G7,8157,G7,Tumor bulk,94
8157 A23 8157 G7,8157,G7,Tumor bulk,95
8157 A23 8157 G7,8157,G7,Tumor bulk,96
8157 A23 8157 G7,8157,G7,Tumor bulk,97
8157 A23 8157 G7,8157,G7,Tumor bulk,98
8157 A23 8157 G7,8157,G7,Tumor bulk,99
8157 A23 8157 G7,8157,G7,Tumor bulk,100
8157 A23 8157 G7,8157,A23,Infiltrating edge,101
8157 A23 8157 G7,8157,A23,Infiltrating edge,102
8157 A23 8157 G7,8157,A23,Infiltrating edge,103
8157 A23 8157 G7,8157,A23,Infiltrating edge,104
8157 A23 8157 G7,8157,A23,Infiltrating edge,105
8157 A23 8157 G7,8157,A23,Infiltrating edge,106
8157 A23 8157 G7,8157,A23,Infiltrating edge,107
8157 A23 8157 G7,8157,A23,Infiltrating edge,108
8157 A23 8157 G7,8157,A23,Infiltrating edge,109
8157 A23 8157 G7,8157,A23,Infiltrating edge,110
8157 A23 8157 G7,8157,A23,Infiltrating edge,111
8157 A23 8157 G7,8157,A23,Infiltrating edge,112
8157 A23 8157 G7,8157,A23,Infiltrating edge,113
8157 A23 8157 G7,8157,A23,Infiltrating edge,114
8157 A23 8157 G7,8157,A23,Infiltrating edge,115
8157 A23 8157 G7,8157,A23,Infiltrating edge,116
8157 A23 8157 G7,8157,A23,Infiltrating edge,117
8157 A23 8157 G7,8157,A23,Infiltrating edge,118
8157 A23 8157 G7,8157,A23,Infiltrating edge,119
8157 A23 8157 G7,8157,A23,Infiltrating edge,120
8157 A23 8157 G7,8157,A23,Infiltrating edge,121
8157 A23 8157 G7,8157,A23,Infiltrating edge,122
8157 A23 8157 G7,8157,A23,Infiltrating edge,123
8157 A23 8157 G7,8157,A23,Infiltrating edge,124
8157 A23 8157 G7,8157,A23,Infiltrating edge,125
8157 A23 8157 G7,8157,A23,Infiltrating edge,126
8157 A23 8157 G7,8157,A23,Infiltrating edge,127
8157 A23 8157 G7,8157,A23,Infiltrating edge,128
8157 A23 8157 G7,8157,A23,Infiltrating edge,129
8157 A23 8157 G7,8157,A23,Infiltrating edge,130
8157 A23 8157 G7,8157,A23,Infiltrating edge,131
8157 A23 8157 G7,8157,A23,Infiltrating edge,132
8157 A23 8157 G7,8157,A23,Infiltrating edge,133
8157 A23 8157 G7,8157,A23,Infiltrating edge,134
8157 A23 8157 G7,8157,A23,Infiltrating edge,135
8157 A23 8157 G7,8157,A23,Infiltrating edge,136
8157 A23 8157 G7,8157,A23,Infiltrating edge,137
8157 A23 8157 G7,8157,A23,Infiltrating edge,138
8157 A23 8157 G7,8157,A23,Infiltrating edge,139
8157 A23 8157 G7,8157,A23,Infiltrating edge,140
8157 A23 8157 G7,8157,A23,Infiltrating edge,141
8157 A23 8157 G7,8157,A23,Infiltrating edge,142
8157 A23 8157 G7,8157,A23,Infiltrating edge,143
8157 A23 8157 G7,8157,A23,Infiltrating edge,144
8157 A23 8157 G7,8157,A23,Infiltrating edge,145
8157 A23 8157 G7,8157,A23,Infiltrating edge,146
8157 A23 8157 G7,8157,A23,Infiltrating edge,147
8157 A23 8157 G7,8157,A23,Infiltrating edge,148
8157 A23 8157 G7,8157,A23,Infiltrating edge,149
8157 A23 8157 G7,8157,A23,Infiltrating edge,150
8157 A23 8157 G7,8157,A23,Infiltrating edge,151
8157 A23 8157 G7,8157,A23,Infiltrating edge,152
8157 A23 8157 G7,8157,A23,Infiltrating edge,153
8157 A23 8157 G7,8157,A23,Infiltrating edge,154
8157 A23 8157 G7,8157,A23,Infiltrating edge,155
8157 A23 8157 G7,8157,A23,Infiltrating edge,156
8157 A23 8157 G7,8157,A23,Infiltrating edge,157
8157 A23 8157 G7,8157,A23,Infiltrating edge,158
8157 A23 8157 G7,8157,A23,Infiltrating edge,159
8157 A23 8157 G7,8157,A23,Infiltrating edge,160
8157 A23 8157 G7,8157,A23,Infiltrating edge,161
8157 A23 8157 G7,8157,A23,Infiltrating edge,162
8157 A23 8157 G7,8157,A23,Infiltrating edge,163
8157 A23 8157 G7,8157,A23,Infiltrating edge,164
8157 A23 8157 G7,8157,A23,Infiltrating edge,165
8157 A23 8157 G7,8157,A23,Infiltrating edge,166
8157 A23 8157 G7,8157,A23,Infiltrating edge,167
8157 A23 8157 G7,8157,A23,Infiltrating edge,168
8157 A23 8157 G7,8157,A23,Infiltrating edge,169
8157 A23 8157 G7,8157,A23,Infiltrating edge,170
8157 A23 8157 G7,8157,A23,Infiltrating edge,171
8157 A23 8157 G7,8157,A23,Infiltrating edge,172
8157 A23 8157 G7,8157,A23,Infiltrating edge,173
8157 A23 8157 G7,8157,A23,Infiltrating edge,174
8157 A23 8157 G7,8157,A23,Infiltrating edge,175
8157 A23 8157 G7,8157,A23,Infiltrating edge,176
8157 A23 8157 G7,8157,A23,Infiltrating edge,177
8157 A23 8157 G7,8157,A23,Infiltrating edge,178
8157 A23 8157 G7,8157,A23,Infiltrating edge,179
8157 A23 8157 G7,8157,A23,Infiltrating edge,180
8157 A23 8157 G7,8157,A23,Infiltrating edge,181
8157 A23 8157 G7,8157,A23,Infiltrating edge,182
8157 A23 8157 G7,8157,A23,Infiltrating edge,183
8157 A23 8157 G7,8157,A23,Infiltrating edge,184
8157 A23 8157 G7,8157,A23,Infiltrating edge,185
8157 A23 8157 G7,8157,A23,Infiltrating edge,186
8157 A23 8157 G7,8157,A23,Infiltrating edge,187
8157 A23 8157 G7,8157,A23,Infiltrating edge,188
8157 A23 8157 G7,8157,A23,Infiltrating edge,189
8157 A23 8157 G7,8157,A23,Infiltrating edge,190
8157 A23 8157 G7,8157,A23,Infiltrating edge,191
8157 A23 8157 G7,8157,A23,Infiltrating edge,192
8157 A23 8157 G7,8157,A23,Infiltrating edge,193
8157 A23 8157 G7,8157,A23,Infiltrating edge,194
8157 A23 8157 G7,8157,A23,Infiltrating edge,195
8157 A23 8157 G7,8157,A23,Infiltrating edge,196
8157 A23 8157 G7,8157,A23,Infiltrating edge,197
8157 A23 8157 G7,8157,A23,Infiltrating edge,198
8157 A23 8157 G7,8157,A23,Infiltrating edge,199
8157 A23 8157 G7,8157,A23,Infiltrating edge,200
8157 A7 7488 A3,7488,A3,Infiltrating edge,1
8157 A7 7488 A3,7488,A3,Infiltrating edge,2
8157 A7 7488 A3,7488,A3,Infiltrating edge,3
8157 A7 7488 A3,7488,A3,Infiltrating edge,4
8157 A7 7488 A3,7488,A3,Infiltrating edge,5
8157 A7 7488 A3,7488,A3,Infiltrating edge,6
8157 A7 7488 A3,7488,A3,Infiltrating edge,7
8157 A7 7488 A3,7488,A3,Infiltrating edge,8
8157 A7 7488 A3,7488,A3,Infiltrating edge,9
8157 A7 7488 A3,7488,A3,Infiltrating edge,10
8157 A7 7488 A3,7488,A3,Infiltrating edge,11
8157 A7 7488 A3,7488,A3,Infiltrating edge,12
8157 A7 7488 A3,7488,A3,Infiltrating edge,13
8157 A7 7488 A3,7488,A3,Infiltrating edge,14
8157 A7 7488 A3,7488,A3,Infiltrating edge,15
8157 A7 7488 A3,7488,A3,Infiltrating edge,16
8157 A7 7488 A3,7488,A3,Infiltrating edge,17
8157 A7 7488 A3,7488,A3,Infiltrating edge,18
8157 A7 7488 A3,7488,A3,Infiltrating edge,19
8157 A7 7488 A3,7488,A3,Infiltrating edge,20
8157 A7 7488 A3,7488,A3,Infiltrating edge,21
8157 A7 7488 A3,7488,A3,Infiltrating edge,22
8157 A7 7488 A3,7488,A3,Infiltrating edge,23
8157 A7 7488 A3,7488,A3,Infiltrating edge,24
8157 A7 7488 A3,7488,A3,Infiltrating edge,25
8157 A7 7488 A3,7488,A3,Infiltrating edge,26
8157 A7 7488 A3,7488,A3,Infiltrating edge,27
8157 A7 7488 A3,7488,A3,Infiltrating edge,28
8157 A7 7488 A3,7488,A3,Infiltrating edge,29
8157 A7 7488 A3,7488,A3,Infiltrating edge,30
8157 A7 7488 A3,7488,A3,Infiltrating edge,31
8157 A7 7488 A3,7488,A3,Infiltrating edge,32
8157 A7 7488 A3,7488,A3,Infiltrating edge,33
8157 A7 7488 A3,7488,A3,Infiltrating edge,34
8157 A7 7488 A3,7488,A3,Infiltrating edge,35
8157 A7 7488 A3,7488,A3,Infiltrating edge,36
8157 A7 7488 A3,7488,A3,Infiltrating edge,37
8157 A7 7488 A3,7488,A3,Infiltrating edge,38
8157 A7 7488 A3,7488,A3,Infiltrating edge,39
8157 A7 7488 A3,7488,A3,Infiltrating edge,40
8157 A7 7488 A3,7488,A3,Infiltrating edge,41
8157 A7 7488 A3,7488,A3,Infiltrating edge,42
8157 A7 7488 A3,7488,A3,Infiltrating edge,43
8157 A7 7488 A3,7488,A3,Infiltrating edge,44
8157 A7 7488 A3,7488,A3,Infiltrating edge,45
8157 A7 7488 A3,7488,A3,Infiltrating edge,46
8157 A7 7488 A3,7488,A3,Infiltrating edge,47
8157 A7 7488 A3,7488,A3,Infiltrating edge,48
8157 A7 7488 A3,7488,A3,Infiltrating edge,49
8157 A7 7488 A3,7488,A3,Infiltrating edge,50
8157 A7 7488 A3,7488,A3,Infiltrating edge,51
8157 A7 7488 A3,7488,A3,Infiltrating edge,52
8157 A7 7488 A3,7488,A3,Infiltrating edge,53
8157 A7 7488 A3,7488,A3,Infiltrating edge,54
8157 A7 7488 A3,7488,A3,Infiltrating edge,55
8157 A7 7488 A3,7488,A3,Infiltrating edge,56
8157 A7 7488 A3,7488,A3,Infiltrating edge,57
8157 A7 7488 A3,7488,A3,Infiltrating edge,58
8157 A7 7488 A3,7488,A3,Infiltrating edge,59
8157 A7 7488 A3,7488,A3,Infiltrating edge,60
8157 A7 7488 A3,7488,A3,Infiltrating edge,61
8157 A7 7488 A3,7488,A3,Infiltrating edge,62
8157 A7 7488 A3,7488,A3,Infiltrating edge,63
8157 A7 7488 A3,7488,A3,Infiltrating edge,64
8157 A7 7488 A3,7488,A3,Infiltrating edge,65
8157 A7 7488 A3,7488,A3,Infiltrating edge,66
8157 A7 7488 A3,7488,A3,Infiltrating edge,67
8157 A7 7488 A3,7488,A3,Infiltrating edge,68
8157 A7 7488 A3,7488,A3,Infiltrating edge,69
8157 A7 7488 A3,7488,A3,Infiltrating edge,70
8157 A7 7488 A3,7488,A3,Infiltrating edge,71
8157 A7 7488 A3,7488,A3,Infiltrating edge,72
8157 A7 7488 A3,7488,A3,Infiltrating edge,73
8157 A7 7488 A3,7488,A3,Infiltrating edge,74
8157 A7 7488 A3,7488,A3,Infiltrating edge,75
8157 A7 7488 A3,7488,A3,Infiltrating edge,76
8157 A7 7488 A3,7488,A3,Infiltrating edge,77
8157 A7 7488 A3,7488,A3,Infiltrating edge,78
8157 A7 7488 A3,7488,A3,Infiltrating edge,79
8157 A7 7488 A3,7488,A3,Infiltrating edge,80
8157 A7 7488 A3,7488,A3,Infiltrating edge,81
8157 A7 7488 A3,7488,A3,Infiltrating edge,82
8157 A7 7488 A3,7488,A3,Infiltrating edge,83
8157 A7 7488 A3,7488,A3,Infiltrating edge,84
8157 A7 7488 A3,7488,A3,Infiltrating edge,85
8157 A7 7488 A3,7488,A3,Infiltrating edge,86
8157 A7 7488 A3,7488,A3,Infiltrating edge,87
8157 A7 7488 A3,7488,A3,Infiltrating edge,88
8157 A7 7488 A3,7488,A3,Infiltrating edge,89
8157 A7 7488 A3,7488,A3,Infiltrating edge,90
8157 A7 7488 A3,7488,A3,Infiltrating edge,91
8157 A7 7488 A3,7488,A3,Infiltrating edge,92
8157 A7 7488 A3,7488,A3,Infiltrating edge,93
8157 A7 7488 A3,7488,A3,Infiltrating edge,94
8157 A7 7488 A3,7488,A3,Infiltrating edge,95
8157 A7 7488 A3,7488,A3,Infiltrating edge,96
8157 A7 7488 A3,7488,A3,Infiltrating edge,97
8157 A7 7488 A3,7488,A3,Infiltrating edge,98
8157 A7 7488 A3,7488,A3,Infiltrating edge,99
8157 A7 7488 A3,7488,A3,Infiltrating edge,100
8157 A7 7488 A3,8157,A7,Contralateral uninvolved,101
8157 A7 7488 A3,8157,A7,Contralateral uninvolved,102
8157 A7 7488 A3,8157,A7,Contralateral uninvolved,103
8157 A7 7488 A3,8157,A7,Contralateral uninvolved,104
8157 A7 7488 A3,8157,A7,Contralateral uninvolved,105
8157 A7 7488 A3,8157,A7,Contralateral uninvolved,106
8157 A7 7488 A3,8157,A7,Contralateral uninvolved,107
8157 A7 7488 A3,8157,A7,Contralateral uninvolved,108
8157 A7 7488 A3,8157,A7,Contralateral uninvolved,109
8157 A7 7488 A3,8157,A7,Contralateral uninvolved,110
8157 A7 7488 A3,8157,A7,Contralateral uninvolved,111
8157 A7 7488 A3,8157,A7,Contralateral uninvolved,112
8157 A7 7488 A3,8157,A7,Contralateral uninvolved,113
8157 A7 7488 A3,8157,A7,Contralateral uninvolved,114
8157 A7 7488 A3,8157,A7,Contralateral uninvolved,115
8157 A7 7488 A3,8157,A7,Contralateral uninvolved,116
8157 A7 7488 A3,8157,A7,Contralateral uninvolved,117
8157 A7 7488 A3,8157,A7,Contralateral uninvolved,118
8157 A7 7488 A3,8157,A7,Contralateral uninvolved,119
8157 A7 7488 A3,8157,A7,Contralateral uninvolved,120
8157 A7 7488 A3,8157,A7,Contralateral uninvolved,121
8157 A7 7488 A3,8157,A7,Contralateral uninvolved,122
8157 A7 7488 A3,8157,A7,Contralateral uninvolved,123
8157 A7 7488 A3,8157,A7,Contralateral uninvolved,124
8157 A7 7488 A3,8157,A7,Contralateral uninvolved,125
8157 A7 7488 A3,8157,A7,Contralateral uninvolved,126
8157 A7 7488 A3,8157,A7,Contralateral uninvolved,127
8157 A7 7488 A3,8157,A7,Contralateral uninvolved,128
8157 A7 7488 A3,8157,A7,Contralateral uninvolved,129
8157 A7 7488 A3,8157,A7,Contralateral uninvolved,130
8157 A7 7488 A3,8157,A7,Contralateral uninvolved,131
8157 A7 7488 A3,8157,A7,Contralateral uninvolved,132
8157 A7 7488 A3,8157,A7,Contralateral uninvolved,133
8157 A7 7488 A3,8157,A7,Contralateral uninvolved,134
8157 A7 7488 A3,8157,A7,Contralateral uninvolved,135
8157 A7 7488 A3,8157,A7,Contralateral uninvolved,136
8157 A7 7488 A3,8157,A7,Contralateral uninvolved,137
8157 A7 7488 A3,8157,A7,Contralateral uninvolved,138
8157 A7 7488 A3,8157,A7,Contralateral uninvolved,139
8157 A7 7488 A3,8157,A7,Contralateral uninvolved,140
8157 A7 7488 A3,8157,A7,Contralateral uninvolved,141
8157 A7 7488 A3,8157,A7,Contralateral uninvolved,142
8157 A7 7488 A3,8157,A7,Contralateral uninvolved,143
8157 A7 7488 A3,8157,A7,Contralateral uninvolved,144
8157 A7 7488 A3,8157,A7,Contralateral uninvolved,145
8157 A7 7488 A3,8157,A7,Contralateral uninvolved,146
8157 A7 7488 A3,8157,A7,Contralateral uninvolved,147
8157 A7 7488 A3,8157,A7,Contralateral uninvolved,148
8157 A7 7488 A3,8157,A7,Contralateral uninvolved,149
8157 A7 7488 A3,8157,A7,Contralateral uninvolved,150
8157 A7 7488 A3,8157,A7,Contralateral uninvolved,151
8157 A7 7488 A3,8157,A7,Contralateral uninvolved,152
8157 A7 7488 A3,8157,A7,Contralateral uninvolved,153
8157 A7 7488 A3,8157,A7,Contralateral uninvolved,154
8157 A7 7488 A3,8157,A7,Contralateral uninvolved,155
8157 A7 7488 A3,8157,A7,Contralateral uninvolved,156
8157 A7 7488 A3,8157,A7,Contralateral uninvolved,157
8157 A7 7488 A3,8157,A7,Contralateral uninvolved,158
8157 A7 7488 A3,8157,A7,Contralateral uninvolved,159
8157 A7 7488 A3,8157,A7,Contralateral uninvolved,160
8157 A7 7488 A3,8157,A7,Contralateral uninvolved,161
8157 A7 7488 A3,8157,A7,Contralateral uninvolved,162
8157 A7 7488 A3,8157,A7,Contralateral uninvolved,163
8157 A7 7488 A3,8157,A7,Contralateral uninvolved,164
8157 A7 7488 A3,8157,A7,Contralateral uninvolved,165
8157 A7 7488 A3,8157,A7,Contralateral uninvolved,166
8157 A7 7488 A3,8157,A7,Contralateral uninvolved,167
8157 A7 7488 A3,8157,A7,Contralateral uninvolved,168
8157 A7 7488 A3,8157,A7,Contralateral uninvolved,169
8157 A7 7488 A3,8157,A7,Contralateral uninvolved,170
8157 A7 7488 A3,8157,A7,Contralateral uninvolved,171
8157 A7 7488 A3,8157,A7,Contralateral uninvolved,172
8157 A7 7488 A3,8157,A7,Contralateral uninvolved,173
8157 A7 7488 A3,8157,A7,Contralateral uninvolved,174
8157 A7 7488 A3,8157,A7,Contralateral uninvolved,175
8157 A7 7488 A3,8157,A7,Contralateral uninvolved,176
8157 A7 7488 A3,8157,A7,Contralateral uninvolved,177
8157 A7 7488 A3,8157,A7,Contralateral uninvolved,178
8157 A7 7488 A3,8157,A7,Contralateral uninvolved,179
8157 A7 7488 A3,8157,A7,Contralateral uninvolved,180
8157 A7 7488 A3,8157,A7,Contralateral uninvolved,181
8157 A7 7488 A3,8157,A7,Contralateral uninvolved,182
8157 A7 7488 A3,8157,A7,Contralateral uninvolved,183
8157 A7 7488 A3,8157,A7,Contralateral uninvolved,184
8157 A7 7488 A3,8157,A7,Contralateral uninvolved,185
8157 A7 7488 A3,8157,A7,Contralateral uninvolved,186
8157 A7 7488 A3,8157,A7,Contralateral uninvolved,187
8157 A7 7488 A3,8157,A7,Contralateral uninvolved,188
8157 A7 7488 A3,8157,A7,Contralateral uninvolved,189
8157 A7 7488 A3,8157,A7,Contralateral uninvolved,190
8157 A7 7488 A3,8157,A7,Contralateral uninvolved,191
8157 A7 7488 A3,8157,A7,Contralateral uninvolved,192
8157 A7 7488 A3,8157,A7,Contralateral uninvolved,193
8157 A7 7488 A3,8157,A7,Contralateral uninvolved,194
8157 A7 7488 A3,8157,A7,Contralateral uninvolved,195
8157 A7 7488 A3,8157,A7,Contralateral uninvolved,196
8157 A7 7488 A3,8157,A7,Contralateral uninvolved,197
8157 A7 7488 A3,8157,A7,Contralateral uninvolved,198
8157 A7 7488 A3,8157,A7,Contralateral uninvolved,199
8157 A7 7488 A3,8157,A7,Contralateral uninvolved,200
Uwa 7522 G2 G5 Glioblastoma,7522,G5,Tumor bulk,1
Uwa 7522 G2 G5 Glioblastoma,7522,G5,Tumor bulk,2
Uwa 7522 G2 G5 Glioblastoma,7522,G5,Tumor bulk,3
Uwa 7522 G2 G5 Glioblastoma,7522,G5,Tumor bulk,4
Uwa 7522 G2 G5 Glioblastoma,7522,G5,Tumor bulk,5
Uwa 7522 G2 G5 Glioblastoma,7522,G5,Tumor bulk,6
Uwa 7522 G2 G5 Glioblastoma,7522,G5,Tumor bulk,7
Uwa 7522 G2 G5 Glioblastoma,7522,G5,Tumor bulk,8
Uwa 7522 G2 G5 Glioblastoma,7522,G5,Tumor bulk,9
Uwa 7522 G2 G5 Glioblastoma,7522,G5,Tumor bulk,10
Uwa 7522 G2 G5 Glioblastoma,7522,G5,Tumor bulk,11
Uwa 7522 G2 G5 Glioblastoma,7522,G5,Tumor bulk,12
Uwa 7522 G2 G5 Glioblastoma,7522,G5,Tumor bulk,13
Uwa 7522 G2 G5 Glioblastoma,7522,G5,Tumor bulk,14
Uwa 7522 G2 G5 Glioblastoma,7522,G5,Tumor bulk,15
Uwa 7522 G2 G5 Glioblastoma,7522,G5,Tumor bulk,16
Uwa 7522 G2 G5 Glioblastoma,7522,G5,Tumor bulk,17
Uwa 7522 G2 G5 Glioblastoma,7522,G5,Tumor bulk,18
Uwa 7522 G2 G5 Glioblastoma,7522,G5,Tumor bulk,19
Uwa 7522 G2 G5 Glioblastoma,7522,G5,Tumor bulk,20
Uwa 7522 G2 G5 Glioblastoma,7522,G5,Tumor bulk,21
Uwa 7522 G2 G5 Glioblastoma,7522,G5,Tumor bulk,22
Uwa 7522 G2 G5 Glioblastoma,7522,G5,Tumor bulk,23
Uwa 7522 G2 G5 Glioblastoma,7522,G5,Tumor bulk,24
Uwa 7522 G2 G5 Glioblastoma,7522,G5,Tumor bulk,25
Uwa 7522 G2 G5 Glioblastoma,7522,G5,Tumor bulk,26
Uwa 7522 G2 G5 Glioblastoma,7522,G5,Tumor bulk,27
Uwa 7522 G2 G5 Glioblastoma,7522,G5,Tumor bulk,28
Uwa 7522 G2 G5 Glioblastoma,7522,G5,Tumor bulk,29
Uwa 7522 G2 G5 Glioblastoma,7522,G5,Tumor bulk,30
Uwa 7522 G2 G5 Glioblastoma,7522,G5,Tumor bulk,31
Uwa 7522 G2 G5 Glioblastoma,7522,G5,Tumor bulk,32
Uwa 7522 G2 G5 Glioblastoma,7522,G5,Tumor bulk,33
Uwa 7522 G2 G5 Glioblastoma,7522,G5,Tumor bulk,34
Uwa 7522 G2 G5 Glioblastoma,7522,G5,Tumor bulk,35
Uwa 7522 G2 G5 Glioblastoma,7522,G5,Tumor bulk,36
Uwa 7522 G2 G5 Glioblastoma,7522,G5,Tumor bulk,37
Uwa 7522 G2 G5 Glioblastoma,7522,G5,Tumor bulk,38
Uwa 7522 G2 G5 Glioblastoma,7522,G5,Tumor bulk,39
Uwa 7522 G2 G5 Glioblastoma,7522,G5,Tumor bulk,40
Uwa 7522 G2 G5 Glioblastoma,7522,G5,Tumor bulk,41
Uwa 7522 G2 G5 Glioblastoma,7522,G5,Tumor bulk,42
Uwa 7522 G2 G5 Glioblastoma,7522,G5,Tumor bulk,43
Uwa 7522 G2 G5 Glioblastoma,7522,G5,Tumor bulk,44
Uwa 7522 G2 G5 Glioblastoma,7522,G5,Tumor bulk,45
Uwa 7522 G2 G5 Glioblastoma,7522,G5,Tumor bulk,46
Uwa 7522 G2 G5 Glioblastoma,7522,G5,Tumor bulk,47
Uwa 7522 G2 G5 Glioblastoma,7522,G5,Tumor bulk,48
Uwa 7522 G2 G5 Glioblastoma,7522,G5,Tumor bulk,49
Uwa 7522 G2 G5 Glioblastoma,7522,G5,Tumor bulk,50
Uwa 7522 G2 G5 Glioblastoma,7522,G5,Tumor bulk,51
Uwa 7522 G2 G5 Glioblastoma,7522,G5,Tumor bulk,52
Uwa 7522 G2 G5 Glioblastoma,7522,G5,Tumor bulk,53
Uwa 7522 G2 G5 Glioblastoma,7522,G5,Tumor bulk,54
Uwa 7522 G2 G5 Glioblastoma,7522,G5,Tumor bulk,55
Uwa 7522 G2 G5 Glioblastoma,7522,G5,Tumor bulk,56
Uwa 7522 G2 G5 Glioblastoma,7522,G5,Tumor bulk,57
Uwa 7522 G2 G5 Glioblastoma,7522,G5,Tumor bulk,58
Uwa 7522 G2 G5 Glioblastoma,7522,G5,Tumor bulk,59
Uwa 7522 G2 G5 Glioblastoma,7522,G5,Tumor bulk,60
Uwa 7522 G2 G5 Glioblastoma,7522,G5,Tumor bulk,61
Uwa 7522 G2 G5 Glioblastoma,7522,G5,Tumor bulk,62
Uwa 7522 G2 G5 Glioblastoma,7522,G5,Tumor bulk,63
Uwa 7522 G2 G5 Glioblastoma,7522,G5,Tumor bulk,64
Uwa 7522 G2 G5 Glioblastoma,7522,G5,Tumor bulk,65
Uwa 7522 G2 G5 Glioblastoma,7522,G5,Tumor bulk,66
Uwa 7522 G2 G5 Glioblastoma,7522,G5,Tumor bulk,67
Uwa 7522 G2 G5 Glioblastoma,7522,G5,Tumor bulk,68
Uwa 7522 G2 G5 Glioblastoma,7522,G5,Tumor bulk,69
Uwa 7522 G2 G5 Glioblastoma,7522,G5,Tumor bulk,70
Uwa 7522 G2 G5 Glioblastoma,7522,G5,Tumor bulk,71
Uwa 7522 G2 G5 Glioblastoma,7522,G5,Tumor bulk,72
Uwa 7522 G2 G5 Glioblastoma,7522,G5,Tumor bulk,73
Uwa 7522 G2 G5 Glioblastoma,7522,G5,Tumor bulk,74
Uwa 7522 G2 G5 Glioblastoma,7522,G5,Tumor bulk,75
Uwa 7522 G2 G5 Glioblastoma,7522,G5,Tumor bulk,76
Uwa 7522 G2 G5 Glioblastoma,7522,G5,Tumor bulk,77
Uwa 7522 G2 G5 Glioblastoma,7522,G5,Tumor bulk,78
Uwa 7522 G2 G5 Glioblastoma,7522,G5,Tumor bulk,79
Uwa 7522 G2 G5 Glioblastoma,7522,G5,Tumor bulk,80
Uwa 7522 G2 G5 Glioblastoma,7522,G5,Tumor bulk,81
Uwa 7522 G2 G5 Glioblastoma,7522,G5,Tumor bulk,82
Uwa 7522 G2 G5 Glioblastoma,7522,G5,Tumor bulk,83
Uwa 7522 G2 G5 Glioblastoma,7522,G5,Tumor bulk,84
Uwa 7522 G2 G5 Glioblastoma,7522,G5,Tumor bulk,85
Uwa 7522 G2 G5 Glioblastoma,7522,G5,Tumor bulk,86
Uwa 7522 G2 G5 Glioblastoma,7522,G5,Tumor bulk,87
Uwa 7522 G2 G5 Glioblastoma,7522,G5,Tumor bulk,88
Uwa 7522 G2 G5 Glioblastoma,7522,G5,Tumor bulk,89
Uwa 7522 G2 G5 Glioblastoma,7522,G5,Tumor bulk,90
Uwa 7522 G2 G5 Glioblastoma,7522,G5,Tumor bulk,91
Uwa 7522 G2 G5 Glioblastoma,7522,G5,Tumor bulk,92
Uwa 7522 G2 G5 Glioblastoma,7522,G5,Tumor bulk,93
Uwa 7522 G2 G5 Glioblastoma,7522,G5,Tumor bulk,94
Uwa 7522 G2 G5 Glioblastoma,7522,G5,Tumor bulk,95
Uwa 7522 G2 G5 Glioblastoma,7522,G5,Tumor bulk,96
Uwa 7522 G2 G5 Glioblastoma,7522,G5,Tumor bulk,97
Uwa 7522 G2 G5 Glioblastoma,7522,G5,Tumor bulk,98
Uwa 7522 G2 G5 Glioblastoma,7522,G5,Tumor bulk,99
Uwa 7522 G2 G5 Glioblastoma,7522,G5,Tumor bulk,100
Uwa 7522 G2 G5 Glioblastoma,7522,G2,Infiltrating edge,101
Uwa 7522 G2 G5 Glioblastoma,7522,G2,Infiltrating edge,102
Uwa 7522 G2 G5 Glioblastoma,7522,G2,Infiltrating edge,103
Uwa 7522 G2 G5 Glioblastoma,7522,G2,Infiltrating edge,104
Uwa 7522 G2 G5 Glioblastoma,7522,G2,Infiltrating edge,105
Uwa 7522 G2 G5 Glioblastoma,7522,G2,Infiltrating edge,106
Uwa 7522 G2 G5 Glioblastoma,7522,G2,Infiltrating edge,107
Uwa 7522 G2 G5 Glioblastoma,7522,G2,Infiltrating edge,108
Uwa 7522 G2 G5 Glioblastoma,7522,G2,Infiltrating edge,109
Uwa 7522 G2 G5 Glioblastoma,7522,G2,Infiltrating edge,110
Uwa 7522 G2 G5 Glioblastoma,7522,G2,Infiltrating edge,111
Uwa 7522 G2 G5 Glioblastoma,7522,G2,Infiltrating edge,112
Uwa 7522 G2 G5 Glioblastoma,7522,G2,Infiltrating edge,113
Uwa 7522 G2 G5 Glioblastoma,7522,G2,Infiltrating edge,114
Uwa 7522 G2 G5 Glioblastoma,7522,G2,Infiltrating edge,115
Uwa 7522 G2 G5 Glioblastoma,7522,G2,Infiltrating edge,116
Uwa 7522 G2 G5 Glioblastoma,7522,G2,Infiltrating edge,117
Uwa 7522 G2 G5 Glioblastoma,7522,G2,Infiltrating edge,118
Uwa 7522 G2 G5 Glioblastoma,7522,G2,Infiltrating edge,119
Uwa 7522 G2 G5 Glioblastoma,7522,G2,Infiltrating edge,120
Uwa 7522 G2 G5 Glioblastoma,7522,G2,Infiltrating edge,121
Uwa 7522 G2 G5 Glioblastoma,7522,G2,Infiltrating edge,122
Uwa 7522 G2 G5 Glioblastoma,7522,G2,Infiltrating edge,123
Uwa 7522 G2 G5 Glioblastoma,7522,G2,Infiltrating edge,124
Uwa 7522 G2 G5 Glioblastoma,7522,G2,Infiltrating edge,125
Uwa 7522 G2 G5 Glioblastoma,7522,G2,Infiltrating edge,126
Uwa 7522 G2 G5 Glioblastoma,7522,G2,Infiltrating edge,127
Uwa 7522 G2 G5 Glioblastoma,7522,G2,Infiltrating edge,128
Uwa 7522 G2 G5 Glioblastoma,7522,G2,Infiltrating edge,129
Uwa 7522 G2 G5 Glioblastoma,7522,G2,Infiltrating edge,130
Uwa 7522 G2 G5 Glioblastoma,7522,G2,Infiltrating edge,131
Uwa 7522 G2 G5 Glioblastoma,7522,G2,Infiltrating edge,132
Uwa 7522 G2 G5 Glioblastoma,7522,G2,Infiltrating edge,133
Uwa 7522 G2 G5 Glioblastoma,7522,G2,Infiltrating edge,134
Uwa 7522 G2 G5 Glioblastoma,7522,G2,Infiltrating edge,135
Uwa 7522 G2 G5 Glioblastoma,7522,G2,Infiltrating edge,136
Uwa 7522 G2 G5 Glioblastoma,7522,G2,Infiltrating edge,137
Uwa 7522 G2 G5 Glioblastoma,7522,G2,Infiltrating edge,138
Uwa 7522 G2 G5 Glioblastoma,7522,G2,Infiltrating edge,139
Uwa 7522 G2 G5 Glioblastoma,7522,G2,Infiltrating edge,140
Uwa 7522 G2 G5 Glioblastoma,7522,G2,Infiltrating edge,141
Uwa 7522 G2 G5 Glioblastoma,7522,G2,Infiltrating edge,142
Uwa 7522 G2 G5 Glioblastoma,7522,G2,Infiltrating edge,143
Uwa 7522 G2 G5 Glioblastoma,7522,G2,Infiltrating edge,144
Uwa 7522 G2 G5 Glioblastoma,7522,G2,Infiltrating edge,145
Uwa 7522 G2 G5 Glioblastoma,7522,G2,Infiltrating edge,146
Uwa 7522 G2 G5 Glioblastoma,7522,G2,Infiltrating edge,147
Uwa 7522 G2 G5 Glioblastoma,7522,G2,Infiltrating edge,148
Uwa 7522 G2 G5 Glioblastoma,7522,G2,Infiltrating edge,149
Uwa 7522 G2 G5 Glioblastoma,7522,G2,Infiltrating edge,150
Uwa 7522 G2 G5 Glioblastoma,7522,G2,Infiltrating edge,151
Uwa 7522 G2 G5 Glioblastoma,7522,G2,Infiltrating edge,152
Uwa 7522 G2 G5 Glioblastoma,7522,G2,Infiltrating edge,153
Uwa 7522 G2 G5 Glioblastoma,7522,G2,Infiltrating edge,154
Uwa 7522 G2 G5 Glioblastoma,7522,G2,Infiltrating edge,155
Uwa 7522 G2 G5 Glioblastoma,7522,G2,Infiltrating edge,156
Uwa 7522 G2 G5 Glioblastoma,7522,G2,Infiltrating edge,157
Uwa 7522 G2 G5 Glioblastoma,7522,G2,Infiltrating edge,158
Uwa 7522 G2 G5 Glioblastoma,7522,G2,Infiltrating edge,159
Uwa 7522 G2 G5 Glioblastoma,7522,G2,Infiltrating edge,160
Uwa 7522 G2 G5 Glioblastoma,7522,G2,Infiltrating edge,161
Uwa 7522 G2 G5 Glioblastoma,7522,G2,Infiltrating edge,162
Uwa 7522 G2 G5 Glioblastoma,7522,G2,Infiltrating edge,163
Uwa 7522 G2 G5 Glioblastoma,7522,G2,Infiltrating edge,164
Uwa 7522 G2 G5 Glioblastoma,7522,G2,Infiltrating edge,165
Uwa 7522 G2 G5 Glioblastoma,7522,G2,Infiltrating edge,166
Uwa 7522 G2 G5 Glioblastoma,7522,G2,Infiltrating edge,167
Uwa 7522 G2 G5 Glioblastoma,7522,G2,Infiltrating edge,168
Uwa 7522 G2 G5 Glioblastoma,7522,G2,Infiltrating edge,169
Uwa 7522 G2 G5 Glioblastoma,7522,G2,Infiltrating edge,170
Uwa 7522 G2 G5 Glioblastoma,7522,G2,Infiltrating edge,171
Uwa 7522 G2 G5 Glioblastoma,7522,G2,Infiltrating edge,172
Uwa 7522 G2 G5 Glioblastoma,7522,G2,Infiltrating edge,173
Uwa 7522 G2 G5 Glioblastoma,7522,G2,Infiltrating edge,174
Uwa 7522 G2 G5 Glioblastoma,7522,G2,Infiltrating edge,175
Uwa 7522 G2 G5 Glioblastoma,7522,G2,Infiltrating edge,176
Uwa 7522 G2 G5 Glioblastoma,7522,G2,Infiltrating edge,177
Uwa 7522 G2 G5 Glioblastoma,7522,G2,Infiltrating edge,178
Uwa 7522 G2 G5 Glioblastoma,7522,G2,Infiltrating edge,179
Uwa 7522 G2 G5 Glioblastoma,7522,G2,Infiltrating edge,180
Uwa 7522 G2 G5 Glioblastoma,7522,G2,Infiltrating edge,181
Uwa 7522 G2 G5 Glioblastoma,7522,G2,Infiltrating edge,182
Uwa 7522 G2 G5 Glioblastoma,7522,G2,Infiltrating edge,183
Uwa 7522 G2 G5 Glioblastoma,7522,G2,Infiltrating edge,184
Uwa 7522 G2 G5 Glioblastoma,7522,G2,Infiltrating edge,185
Uwa 7522 G2 G5 Glioblastoma,7522,G2,Infiltrating edge,186
Uwa 7522 G2 G5 Glioblastoma,7522,G2,Infiltrating edge,187
Uwa 7522 G2 G5 Glioblastoma,7522,G2,Infiltrating edge,188
Uwa 7522 G2 G5 Glioblastoma,7522,G2,Infiltrating edge,189
Uwa 7522 G2 G5 Glioblastoma,7522,G2,Infiltrating edge,190
Uwa 7522 G2 G5 Glioblastoma,7522,G2,Infiltrating edge,191
Uwa 7522 G2 G5 Glioblastoma,7522,G2,Infiltrating edge,192
Uwa 7522 G2 G5 Glioblastoma,7522,G2,Infiltrating edge,193
Uwa 7522 G2 G5 Glioblastoma,7522,G2,Infiltrating edge,194
Uwa 7522 G2 G5 Glioblastoma,7522,G2,Infiltrating edge,195
Uwa 7522 G2 G5 Glioblastoma,7522,G2,Infiltrating edge,196
Uwa 7522 G2 G5 Glioblastoma,7522,G2,Infiltrating edge,197
Uwa 7522 G2 G5 Glioblastoma,7522,G2,Infiltrating edge,198
Uwa 7522 G2 G5 Glioblastoma,7522,G2,Infiltrating edge,199
Uwa 7522 G2 G5 Glioblastoma,7522,G2,Infiltrating edge,200
7274 A10 7130 A7,7274,A10,Tumor bulk,1
7274 A10 7130 A7,7274,A10,Tumor bulk,2
7274 A10 7130 A7,7274,A10,Tumor bulk,3
7274 A10 7130 A7,7274,A10,Tumor bulk,4
7274 A10 7130 A7,7274,A10,Tumor bulk,5
7274 A10 7130 A7,7274,A10,Tumor bulk,6
7274 A10 7130 A7,7274,A10,Tumor bulk,7
7274 A10 7130 A7,7274,A10,Tumor bulk,8
7274 A10 7130 A7,7274,A10,Tumor bulk,9
7274 A10 7130 A7,7274,A10,Tumor bulk,10
7274 A10 7130 A7,7274,A10,Tumor bulk,11
7274 A10 7130 A7,7274,A10,Tumor bulk,12
7274 A10 7130 A7,7274,A10,Tumor bulk,13
7274 A10 7130 A7,7274,A10,Tumor bulk,14
7274 A10 7130 A7,7274,A10,Tumor bulk,15
7274 A10 7130 A7,7274,A10,Tumor bulk,16
7274 A10 7130 A7,7274,A10,Tumor bulk,17
7274 A10 7130 A7,7274,A10,Tumor bulk,18
7274 A10 7130 A7,7274,A10,Tumor bulk,19
7274 A10 7130 A7,7274,A10,Tumor bulk,20
7274 A10 7130 A7,7274,A10,Tumor bulk,21
7274 A10 7130 A7,7274,A10,Tumor bulk,22
7274 A10 7130 A7,7274,A10,Tumor bulk,23
7274 A10 7130 A7,7274,A10,Tumor bulk,24
7274 A10 7130 A7,7274,A10,Tumor bulk,25
7274 A10 7130 A7,7274,A10,Tumor bulk,26
7274 A10 7130 A7,7274,A10,Tumor bulk,27
7274 A10 7130 A7,7274,A10,Tumor bulk,28
7274 A10 7130 A7,7274,A10,Tumor bulk,29
7274 A10 7130 A7,7274,A10,Tumor bulk,30
7274 A10 7130 A7,7274,A10,Tumor bulk,31
7274 A10 7130 A7,7274,A10,Tumor bulk,32
7274 A10 7130 A7,7274,A10,Tumor bulk,33
7274 A10 7130 A7,7274,A10,Tumor bulk,34
7274 A10 7130 A7,7274,A10,Tumor bulk,35
7274 A10 7130 A7,7274,A10,Tumor bulk,36
7274 A10 7130 A7,7274,A10,Tumor bulk,37
7274 A10 7130 A7,7274,A10,Tumor bulk,38
7274 A10 7130 A7,7274,A10,Tumor bulk,39
7274 A10 7130 A7,7274,A10,Tumor bulk,40
7274 A10 7130 A7,7274,A10,Tumor bulk,41
7274 A10 7130 A7,7274,A10,Tumor bulk,42
7274 A10 7130 A7,7274,A10,Tumor bulk,43
7274 A10 7130 A7,7274,A10,Tumor bulk,44
7274 A10 7130 A7,7274,A10,Tumor bulk,45
7274 A10 7130 A7,7274,A10,Tumor bulk,46
7274 A10 7130 A7,7274,A10,Tumor bulk,47
7274 A10 7130 A7,7274,A10,Tumor bulk,48
7274 A10 7130 A7,7274,A10,Tumor bulk,49
7274 A10 7130 A7,7274,A10,Tumor bulk,50
7274 A10 7130 A7,7274,A10,Tumor bulk,51
7274 A10 7130 A7,7274,A10,Tumor bulk,52
7274 A10 7130 A7,7274,A10,Tumor bulk,53
7274 A10 7130 A7,7274,A10,Tumor bulk,54
7274 A10 7130 A7,7274,A10,Tumor bulk,55
7274 A10 7130 A7,7274,A10,Tumor bulk,56
7274 A10 7130 A7,7274,A10,Tumor bulk,57
7274 A10 7130 A7,7274,A10,Tumor bulk,58
7274 A10 7130 A7,7274,A10,Tumor bulk,59
7274 A10 7130 A7,7274,A10,Tumor bulk,60
7274 A10 7130 A7,7274,A10,Tumor bulk,61
7274 A10 7130 A7,7274,A10,Tumor bulk,62
7274 A10 7130 A7,7274,A10,Tumor bulk,63
7274 A10 7130 A7,7274,A10,Tumor bulk,64
7274 A10 7130 A7,7274,A10,Tumor bulk,65
7274 A10 7130 A7,7274,A10,Tumor bulk,66
7274 A10 7130 A7,7274,A10,Tumor bulk,67
7274 A10 7130 A7,7274,A10,Tumor bulk,68
7274 A10 7130 A7,7274,A10,Tumor bulk,69
7274 A10 7130 A7,7274,A10,Tumor bulk,70
7274 A10 7130 A7,7274,A10,Tumor bulk,71
7274 A10 7130 A7,7274,A10,Tumor bulk,72
7274 A10 7130 A7,7274,A10,Tumor bulk,73
7274 A10 7130 A7,7274,A10,Tumor bulk,74
7274 A10 7130 A7,7274,A10,Tumor bulk,75
7274 A10 7130 A7,7274,A10,Tumor bulk,76
7274 A10 7130 A7,7274,A10,Tumor bulk,77
7274 A10 7130 A7,7274,A10,Tumor bulk,78
7274 A10 7130 A7,7274,A10,Tumor bulk,79
7274 A10 7130 A7,7274,A10,Tumor bulk,80
7274 A10 7130 A7,7274,A10,Tumor bulk,81
7274 A10 7130 A7,7274,A10,Tumor bulk,82
7274 A10 7130 A7,7274,A10,Tumor bulk,83
7274 A10 7130 A7,7274,A10,Tumor bulk,84
7274 A10 7130 A7,7274,A10,Tumor bulk,85
7274 A10 7130 A7,7274,A10,Tumor bulk,86
7274 A10 7130 A7,7274,A10,Tumor bulk,87
7274 A10 7130 A7,7274,A10,Tumor bulk,88
7274 A10 7130 A7,7274,A10,Tumor bulk,89
7274 A10 7130 A7,7274,A10,Tumor bulk,90
7274 A10 7130 A7,7274,A10,Tumor bulk,91
7274 A10 7130 A7,7274,A10,Tumor bulk,92
7274 A10 7130 A7,7274,A10,Tumor bulk,93
7274 A10 7130 A7,7274,A10,Tumor bulk,94
7274 A10 7130 A7,7274,A10,Tumor bulk,95
7274 A10 7130 A7,7274,A10,Tumor bulk,96
7274 A10 7130 A7,7274,A10,Tumor bulk,97
7274 A10 7130 A7,7274,A10,Tumor bulk,98
7274 A10 7130 A7,7274,A10,Tumor bulk,99
7274 A10 7130 A7,7274,A10,Tumor bulk,100
7274 A10 7130 A7,7130,A7,Contralateral uninvolved,101
7274 A10 7130 A7,7130,A7,Contralateral uninvolved,102
7274 A10 7130 A7,7130,A7,Contralateral uninvolved,103
7274 A10 7130 A7,7130,A7,Contralateral uninvolved,104
7274 A10 7130 A7,7130,A7,Contralateral uninvolved,105
7274 A10 7130 A7,7130,A7,Contralateral uninvolved,106
7274 A10 7130 A7,7130,A7,Contralateral uninvolved,107
7274 A10 7130 A7,7130,A7,Contralateral uninvolved,108
7274 A10 7130 A7,7130,A7,Contralateral uninvolved,109
7274 A10 7130 A7,7130,A7,Contralateral uninvolved,110
7274 A10 7130 A7,7130,A7,Contralateral uninvolved,111
7274 A10 7130 A7,7130,A7,Contralateral uninvolved,112
7274 A10 7130 A7,7130,A7,Contralateral uninvolved,113
7274 A10 7130 A7,7130,A7,Contralateral uninvolved,114
7274 A10 7130 A7,7130,A7,Contralateral uninvolved,115
7274 A10 7130 A7,7130,A7,Contralateral uninvolved,116
7274 A10 7130 A7,7130,A7,Contralateral uninvolved,117
7274 A10 7130 A7,7130,A7,Contralateral uninvolved,118
7274 A10 7130 A7,7130,A7,Contralateral uninvolved,119
7274 A10 7130 A7,7130,A7,Contralateral uninvolved,120
7274 A10 7130 A7,7130,A7,Contralateral uninvolved,121
7274 A10 7130 A7,7130,A7,Contralateral uninvolved,122
7274 A10 7130 A7,7130,A7,Contralateral uninvolved,123
7274 A10 7130 A7,7130,A7,Contralateral uninvolved,124
7274 A10 7130 A7,7130,A7,Contralateral uninvolved,125
7274 A10 7130 A7,7130,A7,Contralateral uninvolved,126
7274 A10 7130 A7,7130,A7,Contralateral uninvolved,127
7274 A10 7130 A7,7130,A7,Contralateral uninvolved,128
7274 A10 7130 A7,7130,A7,Contralateral uninvolved,129
7274 A10 7130 A7,7130,A7,Contralateral uninvolved,130
7274 A10 7130 A7,7130,A7,Contralateral uninvolved,131
7274 A10 7130 A7,7130,A7,Contralateral uninvolved,132
7274 A10 7130 A7,7130,A7,Contralateral uninvolved,133
7274 A10 7130 A7,7130,A7,Contralateral uninvolved,134
7274 A10 7130 A7,7130,A7,Contralateral uninvolved,135
7274 A10 7130 A7,7130,A7,Contralateral uninvolved,136
7274 A10 7130 A7,7130,A7,Contralateral uninvolved,137
7274 A10 7130 A7,7130,A7,Contralateral uninvolved,138
7274 A10 7130 A7,7130,A7,Contralateral uninvolved,139
7274 A10 7130 A7,7130,A7,Contralateral uninvolved,140
7274 A10 7130 A7,7130,A7,Contralateral uninvolved,141
7274 A10 7130 A7,7130,A7,Contralateral uninvolved,142
7274 A10 7130 A7,7130,A7,Contralateral uninvolved,143
7274 A10 7130 A7,7130,A7,Contralateral uninvolved,144
7274 A10 7130 A7,7130,A7,Contralateral uninvolved,145
7274 A10 7130 A7,7130,A7,Contralateral uninvolved,146
7274 A10 7130 A7,7130,A7,Contralateral uninvolved,147
7274 A10 7130 A7,7130,A7,Contralateral uninvolved,148
7274 A10 7130 A7,7130,A7,Contralateral uninvolved,149
7274 A10 7130 A7,7130,A7,Contralateral uninvolved,150
7274 A10 7130 A7,7130,A7,Contralateral uninvolved,151
7274 A10 7130 A7,7130,A7,Contralateral uninvolved,152
7274 A10 7130 A7,7130,A7,Contralateral uninvolved,153
7274 A10 7130 A7,7130,A7,Contralateral uninvolved,154
7274 A10 7130 A7,7130,A7,Contralateral uninvolved,155
7274 A10 7130 A7,7130,A7,Contralateral uninvolved,156
7274 A10 7130 A7,7130,A7,Contralateral uninvolved,157
7274 A10 7130 A7,7130,A7,Contralateral uninvolved,158
7274 A10 7130 A7,7130,A7,Contralateral uninvolved,159
7274 A10 7130 A7,7130,A7,Contralateral uninvolved,160
7274 A10 7130 A7,7130,A7,Contralateral uninvolved,161
7274 A10 7130 A7,7130,A7,Contralateral uninvolved,162
7274 A10 7130 A7,7130,A7,Contralateral uninvolved,163
7274 A10 7130 A7,7130,A7,Contralateral uninvolved,164
7274 A10 7130 A7,7130,A7,Contralateral uninvolved,165
7274 A10 7130 A7,7130,A7,Contralateral uninvolved,166
7274 A10 7130 A7,7130,A7,Contralateral uninvolved,167
7274 A10 7130 A7,7130,A7,Contralateral uninvolved,168
7274 A10 7130 A7,7130,A7,Contralateral uninvolved,169
7274 A10 7130 A7,7130,A7,Contralateral uninvolved,170
7274 A10 7130 A7,7130,A7,Contralateral uninvolved,171
7274 A10 7130 A7,7130,A7,Contralateral uninvolved,172
7274 A10 7130 A7,7130,A7,Contralateral uninvolved,173
7274 A10 7130 A7,7130,A7,Contralateral uninvolved,174
7274 A10 7130 A7,7130,A7,Contralateral uninvolved,175
7274 A10 7130 A7,7130,A7,Contralateral uninvolved,176
7274 A10 7130 A7,7130,A7,Contralateral uninvolved,177
7274 A10 7130 A7,7130,A7,Contralateral uninvolved,178
7274 A10 7130 A7,7130,A7,Contralateral uninvolved,179
7274 A10 7130 A7,7130,A7,Contralateral uninvolved,180
7274 A10 7130 A7,7130,A7,Contralateral uninvolved,181
7274 A10 7130 A7,7130,A7,Contralateral uninvolved,182
7274 A10 7130 A7,7130,A7,Contralateral uninvolved,183
7274 A10 7130 A7,7130,A7,Contralateral uninvolved,184
7274 A10 7130 A7,7130,A7,Contralateral uninvolved,185
7274 A10 7130 A7,7130,A7,Contralateral uninvolved,186
7274 A10 7130 A7,7130,A7,Contralateral uninvolved,187
7274 A10 7130 A7,7130,A7,Contralateral uninvolved,188
7274 A10 7130 A7,7130,A7,Contralateral uninvolved,189
7274 A10 7130 A7,7130,A7,Contralateral uninvolved,190
7274 A10 7130 A7,7130,A7,Contralateral uninvolved,191
7274 A10 7130 A7,7130,A7,Contralateral uninvolved,192
7274 A10 7130 A7,7130,A7,Contralateral uninvolved,193
7274 A10 7130 A7,7130,A7,Contralateral uninvolved,194
7274 A10 7130 A7,7130,A7,Contralateral uninvolved,195
7274 A10 7130 A7,7130,A7,Contralateral uninvolved,196
7274 A10 7130 A7,7130,A7,Contralateral uninvolved,197
7274 A10 7130 A7,7130,A7,Contralateral uninvolved,198
7274 A10 7130 A7,7130,A7,Contralateral uninvolved,199
7274 A10 7130 A7,7130,A7,Contralateral uninvolved,200
7274 G6 7130 G7,7274,G6,Infiltrating edge,1
7274 G6 7130 G7,7274,G6,Infiltrating edge,2
7274 G6 7130 G7,7274,G6,Infiltrating edge,3
7274 G6 7130 G7,7274,G6,Infiltrating edge,4
7274 G6 7130 G7,7274,G6,Infiltrating edge,5
7274 G6 7130 G7,7274,G6,Infiltrating edge,6
7274 G6 7130 G7,7274,G6,Infiltrating edge,7
7274 G6 7130 G7,7274,G6,Infiltrating edge,8
7274 G6 7130 G7,7274,G6,Infiltrating edge,9
7274 G6 7130 G7,7274,G6,Infiltrating edge,10
7274 G6 7130 G7,7274,G6,Infiltrating edge,11
7274 G6 7130 G7,7274,G6,Infiltrating edge,12
7274 G6 7130 G7,7274,G6,Infiltrating edge,13
7274 G6 7130 G7,7274,G6,Infiltrating edge,14
7274 G6 7130 G7,7274,G6,Infiltrating edge,15
7274 G6 7130 G7,7274,G6,Infiltrating edge,16
7274 G6 7130 G7,7274,G6,Infiltrating edge,17
7274 G6 7130 G7,7274,G6,Infiltrating edge,18
7274 G6 7130 G7,7274,G6,Infiltrating edge,19
7274 G6 7130 G7,7274,G6,Infiltrating edge,20
7274 G6 7130 G7,7274,G6,Infiltrating edge,21
7274 G6 7130 G7,7274,G6,Infiltrating edge,22
7274 G6 7130 G7,7274,G6,Infiltrating edge,23
7274 G6 7130 G7,7274,G6,Infiltrating edge,24
7274 G6 7130 G7,7274,G6,Infiltrating edge,25
7274 G6 7130 G7,7274,G6,Infiltrating edge,26
7274 G6 7130 G7,7274,G6,Infiltrating edge,27
7274 G6 7130 G7,7274,G6,Infiltrating edge,28
7274 G6 7130 G7,7274,G6,Infiltrating edge,29
7274 G6 7130 G7,7274,G6,Infiltrating edge,30
7274 G6 7130 G7,7274,G6,Infiltrating edge,31
7274 G6 7130 G7,7274,G6,Infiltrating edge,32
7274 G6 7130 G7,7274,G6,Infiltrating edge,33
7274 G6 7130 G7,7274,G6,Infiltrating edge,34
7274 G6 7130 G7,7274,G6,Infiltrating edge,35
7274 G6 7130 G7,7274,G6,Infiltrating edge,36
7274 G6 7130 G7,7274,G6,Infiltrating edge,37
7274 G6 7130 G7,7274,G6,Infiltrating edge,38
7274 G6 7130 G7,7274,G6,Infiltrating edge,39
7274 G6 7130 G7,7274,G6,Infiltrating edge,40
7274 G6 7130 G7,7274,G6,Infiltrating edge,41
7274 G6 7130 G7,7274,G6,Infiltrating edge,42
7274 G6 7130 G7,7274,G6,Infiltrating edge,43
7274 G6 7130 G7,7274,G6,Infiltrating edge,44
7274 G6 7130 G7,7274,G6,Infiltrating edge,45
7274 G6 7130 G7,7274,G6,Infiltrating edge,46
7274 G6 7130 G7,7274,G6,Infiltrating edge,47
7274 G6 7130 G7,7274,G6,Infiltrating edge,48
7274 G6 7130 G7,7274,G6,Infiltrating edge,49
7274 G6 7130 G7,7274,G6,Infiltrating edge,50
7274 G6 7130 G7,7274,G6,Infiltrating edge,51
7274 G6 7130 G7,7274,G6,Infiltrating edge,52
7274 G6 7130 G7,7274,G6,Infiltrating edge,53
7274 G6 7130 G7,7274,G6,Infiltrating edge,54
7274 G6 7130 G7,7274,G6,Infiltrating edge,55
7274 G6 7130 G7,7274,G6,Infiltrating edge,56
7274 G6 7130 G7,7274,G6,Infiltrating edge,57
7274 G6 7130 G7,7274,G6,Infiltrating edge,58
7274 G6 7130 G7,7274,G6,Infiltrating edge,59
7274 G6 7130 G7,7274,G6,Infiltrating edge,60
7274 G6 7130 G7,7274,G6,Infiltrating edge,61
7274 G6 7130 G7,7274,G6,Infiltrating edge,62
7274 G6 7130 G7,7274,G6,Infiltrating edge,63
7274 G6 7130 G7,7274,G6,Infiltrating edge,64
7274 G6 7130 G7,7274,G6,Infiltrating edge,65
7274 G6 7130 G7,7274,G6,Infiltrating edge,66
7274 G6 7130 G7,7274,G6,Infiltrating edge,67
7274 G6 7130 G7,7274,G6,Infiltrating edge,68
7274 G6 7130 G7,7274,G6,Infiltrating edge,69
7274 G6 7130 G7,7274,G6,Infiltrating edge,70
7274 G6 7130 G7,7274,G6,Infiltrating edge,71
7274 G6 7130 G7,7274,G6,Infiltrating edge,72
7274 G6 7130 G7,7274,G6,Infiltrating edge,73
7274 G6 7130 G7,7274,G6,Infiltrating edge,74
7274 G6 7130 G7,7274,G6,Infiltrating edge,75
7274 G6 7130 G7,7274,G6,Infiltrating edge,76
7274 G6 7130 G7,7274,G6,Infiltrating edge,77
7274 G6 7130 G7,7274,G6,Infiltrating edge,78
7274 G6 7130 G7,7274,G6,Infiltrating edge,79
7274 G6 7130 G7,7274,G6,Infiltrating edge,80
7274 G6 7130 G7,7274,G6,Infiltrating edge,81
7274 G6 7130 G7,7274,G6,Infiltrating edge,82
7274 G6 7130 G7,7274,G6,Infiltrating edge,83
7274 G6 7130 G7,7274,G6,Infiltrating edge,84
7274 G6 7130 G7,7274,G6,Infiltrating edge,85
7274 G6 7130 G7,7274,G6,Infiltrating edge,86
7274 G6 7130 G7,7274,G6,Infiltrating edge,87
7274 G6 7130 G7,7274,G6,Infiltrating edge,88
7274 G6 7130 G7,7274,G6,Infiltrating edge,89
7274 G6 7130 G7,7274,G6,Infiltrating edge,90
7274 G6 7130 G7,7274,G6,Infiltrating edge,91
7274 G6 7130 G7,7274,G6,Infiltrating edge,92
7274 G6 7130 G7,7274,G6,Infiltrating edge,93
7274 G6 7130 G7,7274,G6,Infiltrating edge,94
7274 G6 7130 G7,7274,G6,Infiltrating edge,95
7274 G6 7130 G7,7274,G6,Infiltrating edge,96
7274 G6 7130 G7,7274,G6,Infiltrating edge,97
7274 G6 7130 G7,7274,G6,Infiltrating edge,98
7274 G6 7130 G7,7274,G6,Infiltrating edge,99
7274 G6 7130 G7,7274,G6,Infiltrating edge,100
7274 G6 7130 G7,7130,G7,Tumor bulk,101
7274 G6 7130 G7,7130,G7,Tumor bulk,102
7274 G6 7130 G7,7130,G7,Tumor bulk,103
7274 G6 7130 G7,7130,G7,Tumor bulk,104
7274 G6 7130 G7,7130,G7,Tumor bulk,105
7274 G6 7130 G7,7130,G7,Tumor bulk,106
7274 G6 7130 G7,7130,G7,Tumor bulk,107
7274 G6 7130 G7,7130,G7,Tumor bulk,108
7274 G6 7130 G7,7130,G7,Tumor bulk,109
7274 G6 7130 G7,7130,G7,Tumor bulk,110
7274 G6 7130 G7,7130,G7,Tumor bulk,111
7274 G6 7130 G7,7130,G7,Tumor bulk,112
7274 G6 7130 G7,7130,G7,Tumor bulk,113
7274 G6 7130 G7,7130,G7,Tumor bulk,114
7274 G6 7130 G7,7130,G7,Tumor bulk,115
7274 G6 7130 G7,7130,G7,Tumor bulk,116
7274 G6 7130 G7,7130,G7,Tumor bulk,117
7274 G6 7130 G7,7130,G7,Tumor bulk,118
7274 G6 7130 G7,7130,G7,Tumor bulk,119
7274 G6 7130 G7,7130,G7,Tumor bulk,120
7274 G6 7130 G7,7130,G7,Tumor bulk,121
7274 G6 7130 G7,7130,G7,Tumor bulk,122
7274 G6 7130 G7,7130,G7,Tumor bulk,123
7274 G6 7130 G7,7130,G7,Tumor bulk,124
7274 G6 7130 G7,7130,G7,Tumor bulk,125
7274 G6 7130 G7,7130,G7,Tumor bulk,126
7274 G6 7130 G7,7130,G7,Tumor bulk,127
7274 G6 7130 G7,7130,G7,Tumor bulk,128
7274 G6 7130 G7,7130,G7,Tumor bulk,129
7274 G6 7130 G7,7130,G7,Tumor bulk,130
7274 G6 7130 G7,7130,G7,Tumor bulk,131
7274 G6 7130 G7,7130,G7,Tumor bulk,132
7274 G6 7130 G7,7130,G7,Tumor bulk,133
7274 G6 7130 G7,7130,G7,Tumor bulk,134
7274 G6 7130 G7,7130,G7,Tumor bulk,135
7274 G6 7130 G7,7130,G7,Tumor bulk,136
7274 G6 7130 G7,7130,G7,Tumor bulk,137
7274 G6 7130 G7,7130,G7,Tumor bulk,138
7274 G6 7130 G7,7130,G7,Tumor bulk,139
7274 G6 7130 G7,7130,G7,Tumor bulk,140
7274 G6 7130 G7,7130,G7,Tumor bulk,141
7274 G6 7130 G7,7130,G7,Tumor bulk,142
7274 G6 7130 G7,7130,G7,Tumor bulk,143
7274 G6 7130 G7,7130,G7,Tumor bulk,144
7274 G6 7130 G7,7130,G7,Tumor bulk,145
7274 G6 7130 G7,7130,G7,Tumor bulk,146
7274 G6 7130 G7,7130,G7,Tumor bulk,147
7274 G6 7130 G7,7130,G7,Tumor bulk,148
7274 G6 7130 G7,7130,G7,Tumor bulk,149
7274 G6 7130 G7,7130,G7,Tumor bulk,150
7274 G6 7130 G7,7130,G7,Tumor bulk,151
7274 G6 7130 G7,7130,G7,Tumor bulk,152
7274 G6 7130 G7,7130,G7,Tumor bulk,153
7274 G6 7130 G7,7130,G7,Tumor bulk,154
7274 G6 7130 G7,7130,G7,Tumor bulk,155
7274 G6 7130 G7,7130,G7,Tumor bulk,156
7274 G6 7130 G7,7130,G7,Tumor bulk,157
7274 G6 7130 G7,7130,G7,Tumor bulk,158
7274 G6 7130 G7,7130,G7,Tumor bulk,159
7274 G6 7130 G7,7130,G7,Tumor bulk,160
7274 G6 7130 G7,7130,G7,Tumor bulk,161
7274 G6 7130 G7,7130,G7,Tumor bulk,162
7274 G6 7130 G7,7130,G7,Tumor bulk,163
7274 G6 7130 G7,7130,G7,Tumor bulk,164
7274 G6 7130 G7,7130,G7,Tumor bulk,165
7274 G6 7130 G7,7130,G7,Tumor bulk,166
7274 G6 7130 G7,7130,G7,Tumor bulk,167
7274 G6 7130 G7,7130,G7,Tumor bulk,168
7274 G6 7130 G7,7130,G7,Tumor bulk,169
7274 G6 7130 G7,7130,G7,Tumor bulk,170
7274 G6 7130 G7,7130,G7,Tumor bulk,171
7274 G6 7130 G7,7130,G7,Tumor bulk,172
7274 G6 7130 G7,7130,G7,Tumor bulk,173
7274 G6 7130 G7,7130,G7,Tumor bulk,174
7274 G6 7130 G7,7130,G7,Tumor bulk,175
7274 G6 7130 G7,7130,G7,Tumor bulk,176
7274 G6 7130 G7,7130,G7,Tumor bulk,177
7274 G6 7130 G7,7130,G7,Tumor bulk,178
7274 G6 7130 G7,7130,G7,Tumor bulk,179
7274 G6 7130 G7,7130,G7,Tumor bulk,180
7274 G6 7130 G7,7130,G7,Tumor bulk,181
7274 G6 7130 G7,7130,G7,Tumor bulk,182
7274 G6 7130 G7,7130,G7,Tumor bulk,183
7274 G6 7130 G7,7130,G7,Tumor bulk,184
7274 G6 7130 G7,7130,G7,Tumor bulk,185
7274 G6 7130 G7,7130,G7,Tumor bulk,186
7274 G6 7130 G7,7130,G7,Tumor bulk,187
7274 G6 7130 G7,7130,G7,Tumor bulk,188
7274 G6 7130 G7,7130,G7,Tumor bulk,189
7274 G6 7130 G7,7130,G7,Tumor bulk,190
7274 G6 7130 G7,7130,G7,Tumor bulk,191
7274 G6 7130 G7,7130,G7,Tumor bulk,192
7274 G6 7130 G7,7130,G7,Tumor bulk,193
7274 G6 7130 G7,7130,G7,Tumor bulk,194
7274 G6 7130 G7,7130,G7,Tumor bulk,195
7274 G6 7130 G7,7130,G7,Tumor bulk,196
7274 G6 7130 G7,7130,G7,Tumor bulk,197
7274 G6 7130 G7,7130,G7,Tumor bulk,198
7274 G6 7130 G7,7130,G7,Tumor bulk,199
7274 G6 7130 G7,7130,G7,Tumor bulk,200
7132 A23 7132 G2,7132,A23,Infiltrating edge,1
7132 A23 7132 G2,7132,A23,Infiltrating edge,2
7132 A23 7132 G2,7132,A23,Infiltrating edge,3
7132 A23 7132 G2,7132,A23,Infiltrating edge,4
7132 A23 7132 G2,7132,A23,Infiltrating edge,5
7132 A23 7132 G2,7132,A23,Infiltrating edge,6
7132 A23 7132 G2,7132,A23,Infiltrating edge,7
7132 A23 7132 G2,7132,A23,Infiltrating edge,8
7132 A23 7132 G2,7132,A23,Infiltrating edge,9
7132 A23 7132 G2,7132,A23,Infiltrating edge,10
7132 A23 7132 G2,7132,A23,Infiltrating edge,11
7132 A23 7132 G2,7132,A23,Infiltrating edge,12
7132 A23 7132 G2,7132,A23,Infiltrating edge,13
7132 A23 7132 G2,7132,A23,Infiltrating edge,14
7132 A23 7132 G2,7132,A23,Infiltrating edge,15
7132 A23 7132 G2,7132,A23,Infiltrating edge,16
7132 A23 7132 G2,7132,A23,Infiltrating edge,17
7132 A23 7132 G2,7132,A23,Infiltrating edge,18
7132 A23 7132 G2,7132,A23,Infiltrating edge,19
7132 A23 7132 G2,7132,A23,Infiltrating edge,20
7132 A23 7132 G2,7132,A23,Infiltrating edge,21
7132 A23 7132 G2,7132,A23,Infiltrating edge,22
7132 A23 7132 G2,7132,A23,Infiltrating edge,23
7132 A23 7132 G2,7132,A23,Infiltrating edge,24
7132 A23 7132 G2,7132,A23,Infiltrating edge,25
7132 A23 7132 G2,7132,A23,Infiltrating edge,26
7132 A23 7132 G2,7132,A23,Infiltrating edge,27
7132 A23 7132 G2,7132,A23,Infiltrating edge,28
7132 A23 7132 G2,7132,A23,Infiltrating edge,29
7132 A23 7132 G2,7132,A23,Infiltrating edge,30
7132 A23 7132 G2,7132,A23,Infiltrating edge,31
7132 A23 7132 G2,7132,A23,Infiltrating edge,32
7132 A23 7132 G2,7132,A23,Infiltrating edge,33
7132 A23 7132 G2,7132,A23,Infiltrating edge,34
7132 A23 7132 G2,7132,A23,Infiltrating edge,35
7132 A23 7132 G2,7132,A23,Infiltrating edge,36
7132 A23 7132 G2,7132,A23,Infiltrating edge,37
7132 A23 7132 G2,7132,A23,Infiltrating edge,38
7132 A23 7132 G2,7132,A23,Infiltrating edge,39
7132 A23 7132 G2,7132,A23,Infiltrating edge,40
7132 A23 7132 G2,7132,A23,Infiltrating edge,41
7132 A23 7132 G2,7132,A23,Infiltrating edge,42
7132 A23 7132 G2,7132,A23,Infiltrating edge,43
7132 A23 7132 G2,7132,A23,Infiltrating edge,44
7132 A23 7132 G2,7132,A23,Infiltrating edge,45
7132 A23 7132 G2,7132,A23,Infiltrating edge,46
7132 A23 7132 G2,7132,A23,Infiltrating edge,47
7132 A23 7132 G2,7132,A23,Infiltrating edge,48
7132 A23 7132 G2,7132,A23,Infiltrating edge,49
7132 A23 7132 G2,7132,A23,Infiltrating edge,50
7132 A23 7132 G2,7132,A23,Infiltrating edge,51
7132 A23 7132 G2,7132,A23,Infiltrating edge,52
7132 A23 7132 G2,7132,A23,Infiltrating edge,53
7132 A23 7132 G2,7132,A23,Infiltrating edge,54
7132 A23 7132 G2,7132,A23,Infiltrating edge,55
7132 A23 7132 G2,7132,A23,Infiltrating edge,56
7132 A23 7132 G2,7132,A23,Infiltrating edge,57
7132 A23 7132 G2,7132,A23,Infiltrating edge,58
7132 A23 7132 G2,7132,A23,Infiltrating edge,59
7132 A23 7132 G2,7132,A23,Infiltrating edge,60
7132 A23 7132 G2,7132,A23,Infiltrating edge,61
7132 A23 7132 G2,7132,A23,Infiltrating edge,62
7132 A23 7132 G2,7132,A23,Infiltrating edge,63
7132 A23 7132 G2,7132,A23,Infiltrating edge,64
7132 A23 7132 G2,7132,A23,Infiltrating edge,65
7132 A23 7132 G2,7132,A23,Infiltrating edge,66
7132 A23 7132 G2,7132,A23,Infiltrating edge,67
7132 A23 7132 G2,7132,A23,Infiltrating edge,68
7132 A23 7132 G2,7132,A23,Infiltrating edge,69
7132 A23 7132 G2,7132,A23,Infiltrating edge,70
7132 A23 7132 G2,7132,A23,Infiltrating edge,71
7132 A23 7132 G2,7132,A23,Infiltrating edge,72
7132 A23 7132 G2,7132,A23,Infiltrating edge,73
7132 A23 7132 G2,7132,A23,Infiltrating edge,74
7132 A23 7132 G2,7132,A23,Infiltrating edge,75
7132 A23 7132 G2,7132,A23,Infiltrating edge,76
7132 A23 7132 G2,7132,A23,Infiltrating edge,77
7132 A23 7132 G2,7132,A23,Infiltrating edge,78
7132 A23 7132 G2,7132,A23,Infiltrating edge,79
7132 A23 7132 G2,7132,A23,Infiltrating edge,80
7132 A23 7132 G2,7132,A23,Infiltrating edge,81
7132 A23 7132 G2,7132,A23,Infiltrating edge,82
7132 A23 7132 G2,7132,A23,Infiltrating edge,83
7132 A23 7132 G2,7132,A23,Infiltrating edge,84
7132 A23 7132 G2,7132,A23,Infiltrating edge,85
7132 A23 7132 G2,7132,A23,Infiltrating edge,86
7132 A23 7132 G2,7132,A23,Infiltrating edge,87
7132 A23 7132 G2,7132,A23,Infiltrating edge,88
7132 A23 7132 G2,7132,A23,Infiltrating edge,89
7132 A23 7132 G2,7132,A23,Infiltrating edge,90
7132 A23 7132 G2,7132,A23,Infiltrating edge,91
7132 A23 7132 G2,7132,A23,Infiltrating edge,92
7132 A23 7132 G2,7132,G2,Tumor bulk,93
7132 A23 7132 G2,7132,G2,Tumor bulk,94
7132 A23 7132 G2,7132,G2,Tumor bulk,95
7132 A23 7132 G2,7132,G2,Tumor bulk,96
7132 A23 7132 G2,7132,G2,Tumor bulk,97
7132 A23 7132 G2,7132,G2,Tumor bulk,98
7132 A23 7132 G2,7132,G2,Tumor bulk,99
7132 A23 7132 G2,7132,G2,Tumor bulk,100
7132 A23 7132 G2,7132,G2,Tumor bulk,101
7132 A23 7132 G2,7132,G2,Tumor bulk,102
7132 A23 7132 G2,7132,G2,Tumor bulk,103
7132 A23 7132 G2,7132,G2,Tumor bulk,104
7132 A23 7132 G2,7132,G2,Tumor bulk,105
7132 A23 7132 G2,7132,G2,Tumor bulk,106
7132 A23 7132 G2,7132,G2,Tumor bulk,107
7132 A23 7132 G2,7132,G2,Tumor bulk,108
7132 A23 7132 G2,7132,G2,Tumor bulk,109
7132 A23 7132 G2,7132,G2,Tumor bulk,110
7132 A23 7132 G2,7132,G2,Tumor bulk,111
7132 A23 7132 G2,7132,G2,Tumor bulk,112
7132 A23 7132 G2,7132,G2,Tumor bulk,113
7132 A23 7132 G2,7132,G2,Tumor bulk,114
7132 A23 7132 G2,7132,G2,Tumor bulk,115
7132 A23 7132 G2,7132,G2,Tumor bulk,116
7132 A23 7132 G2,7132,G2,Tumor bulk,117
7132 A23 7132 G2,7132,G2,Tumor bulk,118
7132 A23 7132 G2,7132,G2,Tumor bulk,119
7132 A23 7132 G2,7132,G2,Tumor bulk,120
7132 A23 7132 G2,7132,G2,Tumor bulk,121
7132 A23 7132 G2,7132,G2,Tumor bulk,122
7132 A23 7132 G2,7132,G2,Tumor bulk,123
7132 A23 7132 G2,7132,G2,Tumor bulk,124
7132 A23 7132 G2,7132,G2,Tumor bulk,125
7132 A23 7132 G2,7132,G2,Tumor bulk,126
7132 A23 7132 G2,7132,G2,Tumor bulk,127
7132 A23 7132 G2,7132,G2,Tumor bulk,128
7132 A23 7132 G2,7132,G2,Tumor bulk,129
7132 A23 7132 G2,7132,G2,Tumor bulk,130
7132 A23 7132 G2,7132,G2,Tumor bulk,131
7132 A23 7132 G2,7132,G2,Tumor bulk,132
7132 A23 7132 G2,7132,G2,Tumor bulk,133
7132 A23 7132 G2,7132,G2,Tumor bulk,134
7132 A23 7132 G2,7132,G2,Tumor bulk,135
7132 A23 7132 G2,7132,G2,Tumor bulk,136
7132 A23 7132 G2,7132,G2,Tumor bulk,137
7132 A23 7132 G2,7132,G2,Tumor bulk,138
7132 A23 7132 G2,7132,G2,Tumor bulk,139
7132 A23 7132 G2,7132,G2,Tumor bulk,140
7132 A23 7132 G2,7132,G2,Tumor bulk,141
7132 A23 7132 G2,7132,G2,Tumor bulk,142
7132 A23 7132 G2,7132,G2,Tumor bulk,143
7132 A23 7132 G2,7132,G2,Tumor bulk,144
7132 A23 7132 G2,7132,G2,Tumor bulk,145
7132 A23 7132 G2,7132,G2,Tumor bulk,146
7132 A23 7132 G2,7132,G2,Tumor bulk,147
7132 A23 7132 G2,7132,G2,Tumor bulk,148
7132 A23 7132 G2,7132,G2,Tumor bulk,149
7132 A23 7132 G2,7132,G2,Tumor bulk,150
7132 A23 7132 G2,7132,G2,Tumor bulk,151
7132 A23 7132 G2,7132,G2,Tumor bulk,152
7132 A23 7132 G2,7132,G2,Tumor bulk,153
7132 A23 7132 G2,7132,G2,Tumor bulk,154
7132 A23 7132 G2,7132,G2,Tumor bulk,155
7132 A23 7132 G2,7132,G2,Tumor bulk,156
7132 A23 7132 G2,7132,G2,Tumor bulk,157
7132 A23 7132 G2,7132,G2,Tumor bulk,158
7132 A23 7132 G2,7132,G2,Tumor bulk,159
7132 A23 7132 G2,7132,G2,Tumor bulk,160
7132 A23 7132 G2,7132,G2,Tumor bulk,161
7132 A23 7132 G2,7132,G2,Tumor bulk,162
7132 A23 7132 G2,7132,G2,Tumor bulk,163
7132 A23 7132 G2,7132,G2,Tumor bulk,164
7132 A23 7132 G2,7132,G2,Tumor bulk,165
7132 A23 7132 G2,7132,G2,Tumor bulk,166
7132 A23 7132 G2,7132,G2,Tumor bulk,167
7132 A23 7132 G2,7132,G2,Tumor bulk,168
7132 A23 7132 G2,7132,G2,Tumor bulk,169
7132 A23 7132 G2,7132,G2,Tumor bulk,170
7132 A23 7132 G2,7132,G2,Tumor bulk,171
7132 A23 7132 G2,7132,G2,Tumor bulk,172
7132 A23 7132 G2,7132,G2,Tumor bulk,173
7132 A23 7132 G2,7132,G2,Tumor bulk,174
7132 A23 7132 G2,7132,G2,Tumor bulk,175
7132 A23 7132 G2,7132,G2,Tumor bulk,176
7132 A23 7132 G2,7132,G2,Tumor bulk,177
7132 A23 7132 G2,7132,G2,Tumor bulk,178
7132 A23 7132 G2,7132,G2,Tumor bulk,179
7132 A23 7132 G2,7132,G2,Tumor bulk,180
7132 A23 7132 G2,7132,G2,Tumor bulk,181
7132 A23 7132 G2,7132,G2,Tumor bulk,182
7132 A23 7132 G2,7132,G2,Tumor bulk,183
7132 A23 7132 G2,7132,G2,Tumor bulk,184
7132 A23 7132 G2,7132,G2,Tumor bulk,185
7132 A23 7132 G2,7132,G2,Tumor bulk,186
7132 A23 7132 G2,7132,G2,Tumor bulk,187
7132 A23 7132 G2,7132,G2,Tumor bulk,188
7132 A23 7132 G2,7132,G2,Tumor bulk,189
7132 A23 7132 G2,7132,G2,Tumor bulk,190
7132 A23 7132 G2,7132,G2,Tumor bulk,191
7132 A23 7132 G2,7132,G2,Tumor bulk,192
7132 A23 7132 G2,7132,A23,Infiltrating edge,193
7132 A23 7132 G2,7132,A23,Infiltrating edge,194
7132 A23 7132 G2,7132,A23,Infiltrating edge,195
7132 A23 7132 G2,7132,A23,Infiltrating edge,196
7132 A23 7132 G2,7132,A23,Infiltrating edge,197
7132 A23 7132 G2,7132,A23,Infiltrating edge,198
7132 A23 7132 G2,7132,A23,Infiltrating edge,199
7132 A23 7132 G2,7132,A23,Infiltrating edge,200
7132 A7 7423 G1,7423,G1,Infiltrating edge,1
7132 A7 7423 G1,7423,G1,Infiltrating edge,2
7132 A7 7423 G1,7423,G1,Infiltrating edge,3
7132 A7 7423 G1,7423,G1,Infiltrating edge,4
7132 A7 7423 G1,7423,G1,Infiltrating edge,5
7132 A7 7423 G1,7423,G1,Infiltrating edge,6
7132 A7 7423 G1,7423,G1,Infiltrating edge,7
7132 A7 7423 G1,7423,G1,Infiltrating edge,8
7132 A7 7423 G1,7423,G1,Infiltrating edge,9
7132 A7 7423 G1,7423,G1,Infiltrating edge,10
7132 A7 7423 G1,7423,G1,Infiltrating edge,11
7132 A7 7423 G1,7423,G1,Infiltrating edge,12
7132 A7 7423 G1,7423,G1,Infiltrating edge,13
7132 A7 7423 G1,7423,G1,Infiltrating edge,14
7132 A7 7423 G1,7423,G1,Infiltrating edge,15
7132 A7 7423 G1,7423,G1,Infiltrating edge,16
7132 A7 7423 G1,7423,G1,Infiltrating edge,17
7132 A7 7423 G1,7423,G1,Infiltrating edge,18
7132 A7 7423 G1,7423,G1,Infiltrating edge,19
7132 A7 7423 G1,7423,G1,Infiltrating edge,20
7132 A7 7423 G1,7423,G1,Infiltrating edge,21
7132 A7 7423 G1,7423,G1,Infiltrating edge,22
7132 A7 7423 G1,7423,G1,Infiltrating edge,23
7132 A7 7423 G1,7423,G1,Infiltrating edge,24
7132 A7 7423 G1,7423,G1,Infiltrating edge,25
7132 A7 7423 G1,7423,G1,Infiltrating edge,26
7132 A7 7423 G1,7423,G1,Infiltrating edge,27
7132 A7 7423 G1,7423,G1,Infiltrating edge,28
7132 A7 7423 G1,7423,G1,Infiltrating edge,29
7132 A7 7423 G1,7423,G1,Infiltrating edge,30
7132 A7 7423 G1,7423,G1,Infiltrating edge,31
7132 A7 7423 G1,7423,G1,Infiltrating edge,32
7132 A7 7423 G1,7423,G1,Infiltrating edge,33
7132 A7 7423 G1,7423,G1,Infiltrating edge,34
7132 A7 7423 G1,7423,G1,Infiltrating edge,35
7132 A7 7423 G1,7423,G1,Infiltrating edge,36
7132 A7 7423 G1,7423,G1,Infiltrating edge,37
7132 A7 7423 G1,7423,G1,Infiltrating edge,38
7132 A7 7423 G1,7423,G1,Infiltrating edge,39
7132 A7 7423 G1,7423,G1,Infiltrating edge,40
7132 A7 7423 G1,7423,G1,Infiltrating edge,41
7132 A7 7423 G1,7423,G1,Infiltrating edge,42
7132 A7 7423 G1,7423,G1,Infiltrating edge,43
7132 A7 7423 G1,7423,G1,Infiltrating edge,44
7132 A7 7423 G1,7423,G1,Infiltrating edge,45
7132 A7 7423 G1,7423,G1,Infiltrating edge,46
7132 A7 7423 G1,7423,G1,Infiltrating edge,47
7132 A7 7423 G1,7423,G1,Infiltrating edge,48
7132 A7 7423 G1,7423,G1,Infiltrating edge,49
7132 A7 7423 G1,7423,G1,Infiltrating edge,50
7132 A7 7423 G1,7423,G1,Infiltrating edge,51
7132 A7 7423 G1,7423,G1,Infiltrating edge,52
7132 A7 7423 G1,7423,G1,Infiltrating edge,53
7132 A7 7423 G1,7423,G1,Infiltrating edge,54
7132 A7 7423 G1,7423,G1,Infiltrating edge,55
7132 A7 7423 G1,7423,G1,Infiltrating edge,56
7132 A7 7423 G1,7423,G1,Infiltrating edge,57
7132 A7 7423 G1,7423,G1,Infiltrating edge,58
7132 A7 7423 G1,7423,G1,Infiltrating edge,59
7132 A7 7423 G1,7423,G1,Infiltrating edge,60
7132 A7 7423 G1,7423,G1,Infiltrating edge,61
7132 A7 7423 G1,7423,G1,Infiltrating edge,62
7132 A7 7423 G1,7423,G1,Infiltrating edge,63
7132 A7 7423 G1,7423,G1,Infiltrating edge,64
7132 A7 7423 G1,7423,G1,Infiltrating edge,65
7132 A7 7423 G1,7423,G1,Infiltrating edge,66
7132 A7 7423 G1,7423,G1,Infiltrating edge,67
7132 A7 7423 G1,7423,G1,Infiltrating edge,68
7132 A7 7423 G1,7423,G1,Infiltrating edge,69
7132 A7 7423 G1,7423,G1,Infiltrating edge,70
7132 A7 7423 G1,7423,G1,Infiltrating edge,71
7132 A7 7423 G1,7423,G1,Infiltrating edge,72
7132 A7 7423 G1,7423,G1,Infiltrating edge,73
7132 A7 7423 G1,7423,G1,Infiltrating edge,74
7132 A7 7423 G1,7423,G1,Infiltrating edge,75
7132 A7 7423 G1,7423,G1,Infiltrating edge,76
7132 A7 7423 G1,7423,G1,Infiltrating edge,77
7132 A7 7423 G1,7423,G1,Infiltrating edge,78
7132 A7 7423 G1,7423,G1,Infiltrating edge,79
7132 A7 7423 G1,7423,G1,Infiltrating edge,80
7132 A7 7423 G1,7423,G1,Infiltrating edge,81
7132 A7 7423 G1,7423,G1,Infiltrating edge,82
7132 A7 7423 G1,7423,G1,Infiltrating edge,83
7132 A7 7423 G1,7423,G1,Infiltrating edge,84
7132 A7 7423 G1,7423,G1,Infiltrating edge,85
7132 A7 7423 G1,7423,G1,Infiltrating edge,86
7132 A7 7423 G1,7423,G1,Infiltrating edge,87
7132 A7 7423 G1,7423,G1,Infiltrating edge,88
7132 A7 7423 G1,7423,G1,Infiltrating edge,89
7132 A7 7423 G1,7423,G1,Infiltrating edge,90
7132 A7 7423 G1,7423,G1,Infiltrating edge,91
7132 A7 7423 G1,7423,G1,Infiltrating edge,92
7132 A7 7423 G1,7423,G1,Infiltrating edge,93
7132 A7 7423 G1,7423,G1,Infiltrating edge,94
7132 A7 7423 G1,7423,G1,Infiltrating edge,95
7132 A7 7423 G1,7423,G1,Infiltrating edge,96
7132 A7 7423 G1,7423,G1,Infiltrating edge,97
7132 A7 7423 G1,7423,G1,Infiltrating edge,98
7132 A7 7423 G1,7423,G1,Infiltrating edge,99
7132 A7 7423 G1,7423,G1,Infiltrating edge,100
7132 A7 7423 G1,7132,A7,Contralateral uninvolved,101
7132 A7 7423 G1,7132,A7,Contralateral uninvolved,102
7132 A7 7423 G1,7132,A7,Contralateral uninvolved,103
7132 A7 7423 G1,7132,A7,Contralateral uninvolved,104
7132 A7 7423 G1,7132,A7,Contralateral uninvolved,105
7132 A7 7423 G1,7132,A7,Contralateral uninvolved,106
7132 A7 7423 G1,7132,A7,Contralateral uninvolved,107
7132 A7 7423 G1,7132,A7,Contralateral uninvolved,108
7132 A7 7423 G1,7132,A7,Contralateral uninvolved,109
7132 A7 7423 G1,7132,A7,Contralateral uninvolved,110
7132 A7 7423 G1,7132,A7,Contralateral uninvolved,111
7132 A7 7423 G1,7132,A7,Contralateral uninvolved,112
7132 A7 7423 G1,7132,A7,Contralateral uninvolved,113
7132 A7 7423 G1,7132,A7,Contralateral uninvolved,114
7132 A7 7423 G1,7132,A7,Contralateral uninvolved,115
7132 A7 7423 G1,7132,A7,Contralateral uninvolved,116
7132 A7 7423 G1,7132,A7,Contralateral uninvolved,117
7132 A7 7423 G1,7132,A7,Contralateral uninvolved,118
7132 A7 7423 G1,7132,A7,Contralateral uninvolved,119
7132 A7 7423 G1,7132,A7,Contralateral uninvolved,120
7132 A7 7423 G1,7132,A7,Contralateral uninvolved,121
7132 A7 7423 G1,7132,A7,Contralateral uninvolved,122
7132 A7 7423 G1,7132,A7,Contralateral uninvolved,123
7132 A7 7423 G1,7132,A7,Contralateral uninvolved,124
7132 A7 7423 G1,7132,A7,Contralateral uninvolved,125
7132 A7 7423 G1,7132,A7,Contralateral uninvolved,126
7132 A7 7423 G1,7132,A7,Contralateral uninvolved,127
7132 A7 7423 G1,7132,A7,Contralateral uninvolved,128
7132 A7 7423 G1,7132,A7,Contralateral uninvolved,129
7132 A7 7423 G1,7132,A7,Contralateral uninvolved,130
7132 A7 7423 G1,7132,A7,Contralateral uninvolved,131
7132 A7 7423 G1,7132,A7,Contralateral uninvolved,132
7132 A7 7423 G1,7132,A7,Contralateral uninvolved,133
7132 A7 7423 G1,7132,A7,Contralateral uninvolved,134
7132 A7 7423 G1,7132,A7,Contralateral uninvolved,135
7132 A7 7423 G1,7132,A7,Contralateral uninvolved,136
7132 A7 7423 G1,7132,A7,Contralateral uninvolved,137
7132 A7 7423 G1,7132,A7,Contralateral uninvolved,138
7132 A7 7423 G1,7132,A7,Contralateral uninvolved,139
7132 A7 7423 G1,7132,A7,Contralateral uninvolved,140
7132 A7 7423 G1,7132,A7,Contralateral uninvolved,141
7132 A7 7423 G1,7132,A7,Contralateral uninvolved,142
7132 A7 7423 G1,7132,A7,Contralateral uninvolved,143
7132 A7 7423 G1,7132,A7,Contralateral uninvolved,144
7132 A7 7423 G1,7132,A7,Contralateral uninvolved,145
7132 A7 7423 G1,7132,A7,Contralateral uninvolved,146
7132 A7 7423 G1,7132,A7,Contralateral uninvolved,147
7132 A7 7423 G1,7132,A7,Contralateral uninvolved,148
7132 A7 7423 G1,7132,A7,Contralateral uninvolved,149
7132 A7 7423 G1,7132,A7,Contralateral uninvolved,150
7132 A7 7423 G1,7132,A7,Contralateral uninvolved,151
7132 A7 7423 G1,7132,A7,Contralateral uninvolved,152
7132 A7 7423 G1,7132,A7,Contralateral uninvolved,153
7132 A7 7423 G1,7132,A7,Contralateral uninvolved,154
7132 A7 7423 G1,7132,A7,Contralateral uninvolved,155
7132 A7 7423 G1,7132,A7,Contralateral uninvolved,156
7132 A7 7423 G1,7132,A7,Contralateral uninvolved,157
7132 A7 7423 G1,7132,A7,Contralateral uninvolved,158
7132 A7 7423 G1,7132,A7,Contralateral uninvolved,159
7132 A7 7423 G1,7132,A7,Contralateral uninvolved,160
7132 A7 7423 G1,7132,A7,Contralateral uninvolved,161
7132 A7 7423 G1,7132,A7,Contralateral uninvolved,162
7132 A7 7423 G1,7132,A7,Contralateral uninvolved,163
7132 A7 7423 G1,7132,A7,Contralateral uninvolved,164
7132 A7 7423 G1,7132,A7,Contralateral uninvolved,165
7132 A7 7423 G1,7132,A7,Contralateral uninvolved,166
7132 A7 7423 G1,7132,A7,Contralateral uninvolved,167
7132 A7 7423 G1,7132,A7,Contralateral uninvolved,168
7132 A7 7423 G1,7132,A7,Contralateral uninvolved,169
7132 A7 7423 G1,7132,A7,Contralateral uninvolved,170
7132 A7 7423 G1,7132,A7,Contralateral uninvolved,171
7132 A7 7423 G1,7132,A7,Contralateral uninvolved,172
7132 A7 7423 G1,7132,A7,Contralateral uninvolved,173
7132 A7 7423 G1,7132,A7,Contralateral uninvolved,174
7132 A7 7423 G1,7132,A7,Contralateral uninvolved,175
7132 A7 7423 G1,7132,A7,Contralateral uninvolved,176
7132 A7 7423 G1,7132,A7,Contralateral uninvolved,177
7132 A7 7423 G1,7132,A7,Contralateral uninvolved,178
7132 A7 7423 G1,7132,A7,Contralateral uninvolved,179
7132 A7 7423 G1,7132,A7,Contralateral uninvolved,180
7132 A7 7423 G1,7132,A7,Contralateral uninvolved,181
7132 A7 7423 G1,7132,A7,Contralateral uninvolved,182
7132 A7 7423 G1,7132,A7,Contralateral uninvolved,183
7132 A7 7423 G1,7132,A7,Contralateral uninvolved,184
7132 A7 7423 G1,7132,A7,Contralateral uninvolved,185
7132 A7 7423 G1,7132,A7,Contralateral uninvolved,186
7132 A7 7423 G1,7132,A7,Contralateral uninvolved,187
7132 A7 7423 G1,7132,A7,Contralateral uninvolved,188
7132 A7 7423 G1,7132,A7,Contralateral uninvolved,189
7132 A7 7423 G1,7132,A7,Contralateral uninvolved,190
7132 A7 7423 G1,7132,A7,Contralateral uninvolved,191
7132 A7 7423 G1,7132,A7,Contralateral uninvolved,192
7132 A7 7423 G1,7132,A7,Contralateral uninvolved,193
7132 A7 7423 G1,7132,A7,Contralateral uninvolved,194
7132 A7 7423 G1,7132,A7,Contralateral uninvolved,195
7132 A7 7423 G1,7132,A7,Contralateral uninvolved,196
7132 A7 7423 G1,7132,A7,Contralateral uninvolved,197
7132 A7 7423 G1,7132,A7,Contralateral uninvolved,198
7132 A7 7423 G1,7132,A7,Contralateral uninvolved,199
7132 A7 7423 G1,7132,A7,Contralateral uninvolved,200
7274 A6 7470 G3,7274,A6,Contralateral uninvolved,1
7274 A6 7470 G3,7274,A6,Contralateral uninvolved,2
7274 A6 7470 G3,7274,A6,Contralateral uninvolved,3
7274 A6 7470 G3,7274,A6,Contralateral uninvolved,4
7274 A6 7470 G3,7274,A6,Contralateral uninvolved,5
7274 A6 7470 G3,7274,A6,Contralateral uninvolved,6
7274 A6 7470 G3,7274,A6,Contralateral uninvolved,7
7274 A6 7470 G3,7274,A6,Contralateral uninvolved,8
7274 A6 7470 G3,7274,A6,Contralateral uninvolved,9
7274 A6 7470 G3,7274,A6,Contralateral uninvolved,10
7274 A6 7470 G3,7274,A6,Contralateral uninvolved,11
7274 A6 7470 G3,7274,A6,Contralateral uninvolved,12
7274 A6 7470 G3,7274,A6,Contralateral uninvolved,13
7274 A6 7470 G3,7274,A6,Contralateral uninvolved,14
7274 A6 7470 G3,7274,A6,Contralateral uninvolved,15
7274 A6 7470 G3,7274,A6,Contralateral uninvolved,16
7274 A6 7470 G3,7274,A6,Contralateral uninvolved,17
7274 A6 7470 G3,7274,A6,Contralateral uninvolved,18
7274 A6 7470 G3,7274,A6,Contralateral uninvolved,19
7274 A6 7470 G3,7274,A6,Contralateral uninvolved,20
7274 A6 7470 G3,7274,A6,Contralateral uninvolved,21
7274 A6 7470 G3,7274,A6,Contralateral uninvolved,22
7274 A6 7470 G3,7274,A6,Contralateral uninvolved,23
7274 A6 7470 G3,7274,A6,Contralateral uninvolved,24
7274 A6 7470 G3,7274,A6,Contralateral uninvolved,25
7274 A6 7470 G3,7274,A6,Contralateral uninvolved,26
7274 A6 7470 G3,7274,A6,Contralateral uninvolved,27
7274 A6 7470 G3,7274,A6,Contralateral uninvolved,28
7274 A6 7470 G3,7274,A6,Contralateral uninvolved,29
7274 A6 7470 G3,7274,A6,Contralateral uninvolved,30
7274 A6 7470 G3,7274,A6,Contralateral uninvolved,31
7274 A6 7470 G3,7274,A6,Contralateral uninvolved,32
7274 A6 7470 G3,7274,A6,Contralateral uninvolved,33
7274 A6 7470 G3,7274,A6,Contralateral uninvolved,34
7274 A6 7470 G3,7274,A6,Contralateral uninvolved,35
7274 A6 7470 G3,7274,A6,Contralateral uninvolved,36
7274 A6 7470 G3,7274,A6,Contralateral uninvolved,37
7274 A6 7470 G3,7274,A6,Contralateral uninvolved,38
7274 A6 7470 G3,7274,A6,Contralateral uninvolved,39
7274 A6 7470 G3,7274,A6,Contralateral uninvolved,40
7274 A6 7470 G3,7274,A6,Contralateral uninvolved,41
7274 A6 7470 G3,7274,A6,Contralateral uninvolved,42
7274 A6 7470 G3,7274,A6,Contralateral uninvolved,43
7274 A6 7470 G3,7274,A6,Contralateral uninvolved,44
7274 A6 7470 G3,7274,A6,Contralateral uninvolved,45
7274 A6 7470 G3,7274,A6,Contralateral uninvolved,46
7274 A6 7470 G3,7274,A6,Contralateral uninvolved,47
7274 A6 7470 G3,7274,A6,Contralateral uninvolved,48
7274 A6 7470 G3,7274,A6,Contralateral uninvolved,49
7274 A6 7470 G3,7274,A6,Contralateral uninvolved,50
7274 A6 7470 G3,7274,A6,Contralateral uninvolved,51
7274 A6 7470 G3,7274,A6,Contralateral uninvolved,52
7274 A6 7470 G3,7274,A6,Contralateral uninvolved,53
7274 A6 7470 G3,7274,A6,Contralateral uninvolved,54
7274 A6 7470 G3,7274,A6,Contralateral uninvolved,55
7274 A6 7470 G3,7274,A6,Contralateral uninvolved,56
7274 A6 7470 G3,7274,A6,Contralateral uninvolved,57
7274 A6 7470 G3,7274,A6,Contralateral uninvolved,58
7274 A6 7470 G3,7274,A6,Contralateral uninvolved,59
7274 A6 7470 G3,7274,A6,Contralateral uninvolved,60
7274 A6 7470 G3,7274,A6,Contralateral uninvolved,61
7274 A6 7470 G3,7274,A6,Contralateral uninvolved,62
7274 A6 7470 G3,7274,A6,Contralateral uninvolved,63
7274 A6 7470 G3,7274,A6,Contralateral uninvolved,64
7274 A6 7470 G3,7274,A6,Contralateral uninvolved,65
7274 A6 7470 G3,7274,A6,Contralateral uninvolved,66
7274 A6 7470 G3,7274,A6,Contralateral uninvolved,67
7274 A6 7470 G3,7274,A6,Contralateral uninvolved,68
7274 A6 7470 G3,7274,A6,Contralateral uninvolved,69
7274 A6 7470 G3,7274,A6,Contralateral uninvolved,70
7274 A6 7470 G3,7274,A6,Contralateral uninvolved,71
7274 A6 7470 G3,7274,A6,Contralateral uninvolved,72
7274 A6 7470 G3,7274,A6,Contralateral uninvolved,73
7274 A6 7470 G3,7274,A6,Contralateral uninvolved,74
7274 A6 7470 G3,7274,A6,Contralateral uninvolved,75
7274 A6 7470 G3,7274,A6,Contralateral uninvolved,76
7274 A6 7470 G3,7274,A6,Contralateral uninvolved,77
7274 A6 7470 G3,7274,A6,Contralateral uninvolved,78
7274 A6 7470 G3,7274,A6,Contralateral uninvolved,79
7274 A6 7470 G3,7274,A6,Contralateral uninvolved,80
7274 A6 7470 G3,7274,A6,Contralateral uninvolved,81
7274 A6 7470 G3,7274,A6,Contralateral uninvolved,82
7274 A6 7470 G3,7274,A6,Contralateral uninvolved,83
7274 A6 7470 G3,7274,A6,Contralateral uninvolved,84
7274 A6 7470 G3,7274,A6,Contralateral uninvolved,85
7274 A6 7470 G3,7274,A6,Contralateral uninvolved,86
7274 A6 7470 G3,7274,A6,Contralateral uninvolved,87
7274 A6 7470 G3,7274,A6,Contralateral uninvolved,88
7274 A6 7470 G3,7274,A6,Contralateral uninvolved,89
7274 A6 7470 G3,7274,A6,Contralateral uninvolved,90
7274 A6 7470 G3,7274,A6,Contralateral uninvolved,91
7274 A6 7470 G3,7274,A6,Contralateral uninvolved,92
7274 A6 7470 G3,7274,A6,Contralateral uninvolved,93
7274 A6 7470 G3,7274,A6,Contralateral uninvolved,94
7274 A6 7470 G3,7274,A6,Contralateral uninvolved,95
7274 A6 7470 G3,7274,A6,Contralateral uninvolved,96
7274 A6 7470 G3,7274,A6,Contralateral uninvolved,97
7274 A6 7470 G3,7274,A6,Contralateral uninvolved,98
7274 A6 7470 G3,7274,A6,Contralateral uninvolved,99
7274 A6 7470 G3,7274,A6,Contralateral uninvolved,100
7274 A6 7470 G3,7470,G3,Tumor bulk,101
7274 A6 7470 G3,7470,G3,Tumor bulk,102
7274 A6 7470 G3,7470,G3,Tumor bulk,103
7274 A6 7470 G3,7470,G3,Tumor bulk,104
7274 A6 7470 G3,7470,G3,Tumor bulk,105
7274 A6 7470 G3,7470,G3,Tumor bulk,106
7274 A6 7470 G3,7470,G3,Tumor bulk,107
7274 A6 7470 G3,7470,G3,Tumor bulk,108
7274 A6 7470 G3,7470,G3,Tumor bulk,109
7274 A6 7470 G3,7470,G3,Tumor bulk,110
7274 A6 7470 G3,7470,G3,Tumor bulk,111
7274 A6 7470 G3,7470,G3,Tumor bulk,112
7274 A6 7470 G3,7470,G3,Tumor bulk,113
7274 A6 7470 G3,7470,G3,Tumor bulk,114
7274 A6 7470 G3,7470,G3,Tumor bulk,115
7274 A6 7470 G3,7470,G3,Tumor bulk,116
7274 A6 7470 G3,7470,G3,Tumor bulk,117
7274 A6 7470 G3,7470,G3,Tumor bulk,118
7274 A6 7470 G3,7470,G3,Tumor bulk,119
7274 A6 7470 G3,7470,G3,Tumor bulk,120
7274 A6 7470 G3,7470,G3,Tumor bulk,121
7274 A6 7470 G3,7470,G3,Tumor bulk,122
7274 A6 7470 G3,7470,G3,Tumor bulk,123
7274 A6 7470 G3,7470,G3,Tumor bulk,124
7274 A6 7470 G3,7470,G3,Tumor bulk,125
7274 A6 7470 G3,7470,G3,Tumor bulk,126
7274 A6 7470 G3,7470,G3,Tumor bulk,127
7274 A6 7470 G3,7470,G3,Tumor bulk,128
7274 A6 7470 G3,7470,G3,Tumor bulk,129
7274 A6 7470 G3,7470,G3,Tumor bulk,130
7274 A6 7470 G3,7470,G3,Tumor bulk,131
7274 A6 7470 G3,7470,G3,Tumor bulk,132
7274 A6 7470 G3,7470,G3,Tumor bulk,133
7274 A6 7470 G3,7470,G3,Tumor bulk,134
7274 A6 7470 G3,7470,G3,Tumor bulk,135
7274 A6 7470 G3,7470,G3,Tumor bulk,136
7274 A6 7470 G3,7470,G3,Tumor bulk,137
7274 A6 7470 G3,7470,G3,Tumor bulk,138
7274 A6 7470 G3,7470,G3,Tumor bulk,139
7274 A6 7470 G3,7470,G3,Tumor bulk,140
7274 A6 7470 G3,7470,G3,Tumor bulk,141
7274 A6 7470 G3,7470,G3,Tumor bulk,142
7274 A6 7470 G3,7470,G3,Tumor bulk,143
7274 A6 7470 G3,7470,G3,Tumor bulk,144
7274 A6 7470 G3,7470,G3,Tumor bulk,145
7274 A6 7470 G3,7470,G3,Tumor bulk,146
7274 A6 7470 G3,7470,G3,Tumor bulk,147
7274 A6 7470 G3,7470,G3,Tumor bulk,148
7274 A6 7470 G3,7470,G3,Tumor bulk,149
7274 A6 7470 G3,7470,G3,Tumor bulk,150
7274 A6 7470 G3,7470,G3,Tumor bulk,151
7274 A6 7470 G3,7470,G3,Tumor bulk,152
7274 A6 7470 G3,7470,G3,Tumor bulk,153
7274 A6 7470 G3,7470,G3,Tumor bulk,154
7274 A6 7470 G3,7470,G3,Tumor bulk,155
7274 A6 7470 G3,7470,G3,Tumor bulk,156
7274 A6 7470 G3,7470,G3,Tumor bulk,157
7274 A6 7470 G3,7470,G3,Tumor bulk,158
7274 A6 7470 G3,7470,G3,Tumor bulk,159
7274 A6 7470 G3,7470,G3,Tumor bulk,160
7274 A6 7470 G3,7470,G3,Tumor bulk,161
7274 A6 7470 G3,7470,G3,Tumor bulk,162
7274 A6 7470 G3,7470,G3,Tumor bulk,163
7274 A6 7470 G3,7470,G3,Tumor bulk,164
7274 A6 7470 G3,7470,G3,Tumor bulk,165
7274 A6 7470 G3,7470,G3,Tumor bulk,166
7274 A6 7470 G3,7470,G3,Tumor bulk,167
7274 A6 7470 G3,7470,G3,Tumor bulk,168
7274 A6 7470 G3,7470,G3,Tumor bulk,169
7274 A6 7470 G3,7470,G3,Tumor bulk,170
7274 A6 7470 G3,7470,G3,Tumor bulk,171
7274 A6 7470 G3,7470,G3,Tumor bulk,172
7274 A6 7470 G3,7470,G3,Tumor bulk,173
7274 A6 7470 G3,7470,G3,Tumor bulk,174
7274 A6 7470 G3,7470,G3,Tumor bulk,175
7274 A6 7470 G3,7470,G3,Tumor bulk,176
7274 A6 7470 G3,7470,G3,Tumor bulk,177
7274 A6 7470 G3,7470,G3,Tumor bulk,178
7274 A6 7470 G3,7470,G3,Tumor bulk,179
7274 A6 7470 G3,7470,G3,Tumor bulk,180
7274 A6 7470 G3,7470,G3,Tumor bulk,181
7274 A6 7470 G3,7470,G3,Tumor bulk,182
7274 A6 7470 G3,7470,G3,Tumor bulk,183
7274 A6 7470 G3,7470,G3,Tumor bulk,184
7274 A6 7470 G3,7470,G3,Tumor bulk,185
7274 A6 7470 G3,7470,G3,Tumor bulk,186
7274 A6 7470 G3,7470,G3,Tumor bulk,187
7274 A6 7470 G3,7470,G3,Tumor bulk,188
7274 A6 7470 G3,7470,G3,Tumor bulk,189
7274 A6 7470 G3,7470,G3,Tumor bulk,190
7274 A6 7470 G3,7470,G3,Tumor bulk,191
7274 A6 7470 G3,7470,G3,Tumor bulk,192
7274 A6 7470 G3,7470,G3,Tumor bulk,193
7274 A6 7470 G3,7470,G3,Tumor bulk,194
7274 A6 7470 G3,7470,G3,Tumor bulk,195
7274 A6 7470 G3,7470,G3,Tumor bulk,196
7274 A6 7470 G3,7470,G3,Tumor bulk,197
7274 A6 7470 G3,7470,G3,Tumor bulk,198
7274 A6 7470 G3,7470,G3,Tumor bulk,199
7274 A6 7470 G3,7470,G3,Tumor bulk,200
7294 A7 7294 G6,7294,G6,Tumor bulk,1
7294 A7 7294 G6,7294,G6,Tumor bulk,2
7294 A7 7294 G6,7294,G6,Tumor bulk,3
7294 A7 7294 G6,7294,G6,Tumor bulk,4
7294 A7 7294 G6,7294,G6,Tumor bulk,5
7294 A7 7294 G6,7294,G6,Tumor bulk,6
7294 A7 7294 G6,7294,G6,Tumor bulk,7
7294 A7 7294 G6,7294,G6,Tumor bulk,8
7294 A7 7294 G6,7294,G6,Tumor bulk,9
7294 A7 7294 G6,7294,G6,Tumor bulk,10
7294 A7 7294 G6,7294,G6,Tumor bulk,11
7294 A7 7294 G6,7294,G6,Tumor bulk,12
7294 A7 7294 G6,7294,G6,Tumor bulk,13
7294 A7 7294 G6,7294,G6,Tumor bulk,14
7294 A7 7294 G6,7294,G6,Tumor bulk,15
7294 A7 7294 G6,7294,G6,Tumor bulk,16
7294 A7 7294 G6,7294,G6,Tumor bulk,17
7294 A7 7294 G6,7294,G6,Tumor bulk,18
7294 A7 7294 G6,7294,G6,Tumor bulk,19
7294 A7 7294 G6,7294,G6,Tumor bulk,20
7294 A7 7294 G6,7294,G6,Tumor bulk,21
7294 A7 7294 G6,7294,G6,Tumor bulk,22
7294 A7 7294 G6,7294,G6,Tumor bulk,23
7294 A7 7294 G6,7294,G6,Tumor bulk,24
7294 A7 7294 G6,7294,G6,Tumor bulk,25
7294 A7 7294 G6,7294,G6,Tumor bulk,26
7294 A7 7294 G6,7294,G6,Tumor bulk,27
7294 A7 7294 G6,7294,G6,Tumor bulk,28
7294 A7 7294 G6,7294,G6,Tumor bulk,29
7294 A7 7294 G6,7294,G6,Tumor bulk,30
7294 A7 7294 G6,7294,G6,Tumor bulk,31
7294 A7 7294 G6,7294,G6,Tumor bulk,32
7294 A7 7294 G6,7294,G6,Tumor bulk,33
7294 A7 7294 G6,7294,G6,Tumor bulk,34
7294 A7 7294 G6,7294,G6,Tumor bulk,35
7294 A7 7294 G6,7294,G6,Tumor bulk,36
7294 A7 7294 G6,7294,G6,Tumor bulk,37
7294 A7 7294 G6,7294,G6,Tumor bulk,38
7294 A7 7294 G6,7294,G6,Tumor bulk,39
7294 A7 7294 G6,7294,G6,Tumor bulk,40
7294 A7 7294 G6,7294,G6,Tumor bulk,41
7294 A7 7294 G6,7294,G6,Tumor bulk,42
7294 A7 7294 G6,7294,G6,Tumor bulk,43
7294 A7 7294 G6,7294,G6,Tumor bulk,44
7294 A7 7294 G6,7294,G6,Tumor bulk,45
7294 A7 7294 G6,7294,G6,Tumor bulk,46
7294 A7 7294 G6,7294,G6,Tumor bulk,47
7294 A7 7294 G6,7294,G6,Tumor bulk,48
7294 A7 7294 G6,7294,G6,Tumor bulk,49
7294 A7 7294 G6,7294,G6,Tumor bulk,50
7294 A7 7294 G6,7294,G6,Tumor bulk,51
7294 A7 7294 G6,7294,G6,Tumor bulk,52
7294 A7 7294 G6,7294,G6,Tumor bulk,53
7294 A7 7294 G6,7294,G6,Tumor bulk,54
7294 A7 7294 G6,7294,G6,Tumor bulk,55
7294 A7 7294 G6,7294,G6,Tumor bulk,56
7294 A7 7294 G6,7294,G6,Tumor bulk,57
7294 A7 7294 G6,7294,G6,Tumor bulk,58
7294 A7 7294 G6,7294,G6,Tumor bulk,59
7294 A7 7294 G6,7294,G6,Tumor bulk,60
7294 A7 7294 G6,7294,G6,Tumor bulk,61
7294 A7 7294 G6,7294,G6,Tumor bulk,62
7294 A7 7294 G6,7294,G6,Tumor bulk,63
7294 A7 7294 G6,7294,G6,Tumor bulk,64
7294 A7 7294 G6,7294,G6,Tumor bulk,65
7294 A7 7294 G6,7294,G6,Tumor bulk,66
7294 A7 7294 G6,7294,G6,Tumor bulk,67
7294 A7 7294 G6,7294,G6,Tumor bulk,68
7294 A7 7294 G6,7294,G6,Tumor bulk,69
7294 A7 7294 G6,7294,G6,Tumor bulk,70
7294 A7 7294 G6,7294,G6,Tumor bulk,71
7294 A7 7294 G6,7294,G6,Tumor bulk,72
7294 A7 7294 G6,7294,G6,Tumor bulk,73
7294 A7 7294 G6,7294,G6,Tumor bulk,74
7294 A7 7294 G6,7294,G6,Tumor bulk,75
7294 A7 7294 G6,7294,G6,Tumor bulk,76
7294 A7 7294 G6,7294,G6,Tumor bulk,77
7294 A7 7294 G6,7294,G6,Tumor bulk,78
7294 A7 7294 G6,7294,G6,Tumor bulk,79
7294 A7 7294 G6,7294,G6,Tumor bulk,80
7294 A7 7294 G6,7294,G6,Tumor bulk,81
7294 A7 7294 G6,7294,G6,Tumor bulk,82
7294 A7 7294 G6,7294,G6,Tumor bulk,83
7294 A7 7294 G6,7294,G6,Tumor bulk,84
7294 A7 7294 G6,7294,G6,Tumor bulk,85
7294 A7 7294 G6,7294,G6,Tumor bulk,86
7294 A7 7294 G6,7294,G6,Tumor bulk,87
7294 A7 7294 G6,7294,G6,Tumor bulk,88
7294 A7 7294 G6,7294,G6,Tumor bulk,89
7294 A7 7294 G6,7294,G6,Tumor bulk,90
7294 A7 7294 G6,7294,G6,Tumor bulk,91
7294 A7 7294 G6,7294,G6,Tumor bulk,92
7294 A7 7294 G6,7294,G6,Tumor bulk,93
7294 A7 7294 G6,7294,G6,Tumor bulk,94
7294 A7 7294 G6,7294,G6,Tumor bulk,95
7294 A7 7294 G6,7294,G6,Tumor bulk,96
7294 A7 7294 G6,7294,G6,Tumor bulk,97
7294 A7 7294 G6,7294,G6,Tumor bulk,98
7294 A7 7294 G6,7294,G6,Tumor bulk,99
7294 A7 7294 G6,7294,G6,Tumor bulk,100
7294 A7 7294 G6,7294,A7,Contralateral uninvolved,101
7294 A7 7294 G6,7294,A7,Contralateral uninvolved,102
7294 A7 7294 G6,7294,A7,Contralateral uninvolved,103
7294 A7 7294 G6,7294,A7,Contralateral uninvolved,104
7294 A7 7294 G6,7294,A7,Contralateral uninvolved,105
7294 A7 7294 G6,7294,A7,Contralateral uninvolved,106
7294 A7 7294 G6,7294,A7,Contralateral uninvolved,107
7294 A7 7294 G6,7294,A7,Contralateral uninvolved,108
7294 A7 7294 G6,7294,A7,Contralateral uninvolved,109
7294 A7 7294 G6,7294,A7,Contralateral uninvolved,110
7294 A7 7294 G6,7294,A7,Contralateral uninvolved,111
7294 A7 7294 G6,7294,A7,Contralateral uninvolved,112
7294 A7 7294 G6,7294,A7,Contralateral uninvolved,113
7294 A7 7294 G6,7294,A7,Contralateral uninvolved,114
7294 A7 7294 G6,7294,A7,Contralateral uninvolved,115
7294 A7 7294 G6,7294,A7,Contralateral uninvolved,116
7294 A7 7294 G6,7294,A7,Contralateral uninvolved,117
7294 A7 7294 G6,7294,A7,Contralateral uninvolved,118
7294 A7 7294 G6,7294,A7,Contralateral uninvolved,119
7294 A7 7294 G6,7294,A7,Contralateral uninvolved,120
7294 A7 7294 G6,7294,A7,Contralateral uninvolved,121
7294 A7 7294 G6,7294,A7,Contralateral uninvolved,122
7294 A7 7294 G6,7294,A7,Contralateral uninvolved,123
7294 A7 7294 G6,7294,A7,Contralateral uninvolved,124
7294 A7 7294 G6,7294,A7,Contralateral uninvolved,125
7294 A7 7294 G6,7294,A7,Contralateral uninvolved,126
7294 A7 7294 G6,7294,A7,Contralateral uninvolved,127
7294 A7 7294 G6,7294,A7,Contralateral uninvolved,128
7294 A7 7294 G6,7294,A7,Contralateral uninvolved,129
7294 A7 7294 G6,7294,A7,Contralateral uninvolved,130
7294 A7 7294 G6,7294,A7,Contralateral uninvolved,131
7294 A7 7294 G6,7294,A7,Contralateral uninvolved,132
7294 A7 7294 G6,7294,A7,Contralateral uninvolved,133
7294 A7 7294 G6,7294,A7,Contralateral uninvolved,134
7294 A7 7294 G6,7294,A7,Contralateral uninvolved,135
7294 A7 7294 G6,7294,A7,Contralateral uninvolved,136
7294 A7 7294 G6,7294,A7,Contralateral uninvolved,137
7294 A7 7294 G6,7294,A7,Contralateral uninvolved,138
7294 A7 7294 G6,7294,A7,Contralateral uninvolved,139
7294 A7 7294 G6,7294,A7,Contralateral uninvolved,140
7294 A7 7294 G6,7294,A7,Contralateral uninvolved,141
7294 A7 7294 G6,7294,A7,Contralateral uninvolved,142
7294 A7 7294 G6,7294,A7,Contralateral uninvolved,143
7294 A7 7294 G6,7294,A7,Contralateral uninvolved,144
7294 A7 7294 G6,7294,A7,Contralateral uninvolved,145
7294 A7 7294 G6,7294,A7,Contralateral uninvolved,146
7294 A7 7294 G6,7294,A7,Contralateral uninvolved,147
7294 A7 7294 G6,7294,A7,Contralateral uninvolved,148
7294 A7 7294 G6,7294,A7,Contralateral uninvolved,149
7294 A7 7294 G6,7294,A7,Contralateral uninvolved,150
7294 A7 7294 G6,7294,A7,Contralateral uninvolved,151
7294 A7 7294 G6,7294,A7,Contralateral uninvolved,152
7294 A7 7294 G6,7294,A7,Contralateral uninvolved,153
7294 A7 7294 G6,7294,A7,Contralateral uninvolved,154
7294 A7 7294 G6,7294,A7,Contralateral uninvolved,155
7294 A7 7294 G6,7294,A7,Contralateral uninvolved,156
7294 A7 7294 G6,7294,A7,Contralateral uninvolved,157
7294 A7 7294 G6,7294,A7,Contralateral uninvolved,158
7294 A7 7294 G6,7294,A7,Contralateral uninvolved,159
7294 A7 7294 G6,7294,A7,Contralateral uninvolved,160
7294 A7 7294 G6,7294,A7,Contralateral uninvolved,161
7294 A7 7294 G6,7294,A7,Contralateral uninvolved,162
7294 A7 7294 G6,7294,A7,Contralateral uninvolved,163
7294 A7 7294 G6,7294,A7,Contralateral uninvolved,164
7294 A7 7294 G6,7294,A7,Contralateral uninvolved,165
7294 A7 7294 G6,7294,A7,Contralateral uninvolved,166
7294 A7 7294 G6,7294,A7,Contralateral uninvolved,167
7294 A7 7294 G6,7294,A7,Contralateral uninvolved,168
7294 A7 7294 G6,7294,A7,Contralateral uninvolved,169
7294 A7 7294 G6,7294,A7,Contralateral uninvolved,170
7294 A7 7294 G6,7294,A7,Contralateral uninvolved,171
7294 A7 7294 G6,7294,A7,Contralateral uninvolved,172
7294 A7 7294 G6,7294,A7,Contralateral uninvolved,173
7294 A7 7294 G6,7294,A7,Contralateral uninvolved,174
7294 A7 7294 G6,7294,A7,Contralateral uninvolved,175
7294 A7 7294 G6,7294,A7,Contralateral uninvolved,176
7294 A7 7294 G6,7294,A7,Contralateral uninvolved,177
7294 A7 7294 G6,7294,A7,Contralateral uninvolved,178
7294 A7 7294 G6,7294,A7,Contralateral uninvolved,179
7294 A7 7294 G6,7294,A7,Contralateral uninvolved,180
7294 A7 7294 G6,7294,A7,Contralateral uninvolved,181
7294 A7 7294 G6,7294,A7,Contralateral uninvolved,182
7294 A7 7294 G6,7294,A7,Contralateral uninvolved,183
7294 A7 7294 G6,7294,A7,Contralateral uninvolved,184
7294 A7 7294 G6,7294,A7,Contralateral uninvolved,185
7294 A7 7294 G6,7294,A7,Contralateral uninvolved,186
7294 A7 7294 G6,7294,A7,Contralateral uninvolved,187
7294 A7 7294 G6,7294,A7,Contralateral uninvolved,188
7294 A7 7294 G6,7294,A7,Contralateral uninvolved,189
7294 A7 7294 G6,7294,A7,Contralateral uninvolved,190
7294 A7 7294 G6,7294,A7,Contralateral uninvolved,191
7294 A7 7294 G6,7294,A7,Contralateral uninvolved,192
7294 A7 7294 G6,7294,A7,Contralateral uninvolved,193
7294 A7 7294 G6,7294,A7,Contralateral uninvolved,194
7294 A7 7294 G6,7294,A7,Contralateral uninvolved,195
7294 A7 7294 G6,7294,A7,Contralateral uninvolved,196
7294 A7 7294 G6,7294,A7,Contralateral uninvolved,197
7294 A7 7294 G6,7294,A7,Contralateral uninvolved,198
7294 A7 7294 G6,7294,A7,Contralateral uninvolved,199
7294 A7 7294 G6,7294,A7,Contralateral uninvolved,200
7294 G2 7333 G5,7333,G5,Tumor bulk,1
7294 G2 7333 G5,7333,G5,Tumor bulk,2
7294 G2 7333 G5,7333,G5,Tumor bulk,3
7294 G2 7333 G5,7333,G5,Tumor bulk,4
7294 G2 7333 G5,7333,G5,Tumor bulk,5
7294 G2 7333 G5,7333,G5,Tumor bulk,6
7294 G2 7333 G5,7333,G5,Tumor bulk,7
7294 G2 7333 G5,7333,G5,Tumor bulk,8
7294 G2 7333 G5,7333,G5,Tumor bulk,9
7294 G2 7333 G5,7333,G5,Tumor bulk,10
7294 G2 7333 G5,7333,G5,Tumor bulk,11
7294 G2 7333 G5,7333,G5,Tumor bulk,12
7294 G2 7333 G5,7333,G5,Tumor bulk,13
7294 G2 7333 G5,7333,G5,Tumor bulk,14
7294 G2 7333 G5,7333,G5,Tumor bulk,15
7294 G2 7333 G5,7333,G5,Tumor bulk,16
7294 G2 7333 G5,7333,G5,Tumor bulk,17
7294 G2 7333 G5,7333,G5,Tumor bulk,18
7294 G2 7333 G5,7333,G5,Tumor bulk,19
7294 G2 7333 G5,7333,G5,Tumor bulk,20
7294 G2 7333 G5,7333,G5,Tumor bulk,21
7294 G2 7333 G5,7333,G5,Tumor bulk,22
7294 G2 7333 G5,7333,G5,Tumor bulk,23
7294 G2 7333 G5,7333,G5,Tumor bulk,24
7294 G2 7333 G5,7333,G5,Tumor bulk,25
7294 G2 7333 G5,7333,G5,Tumor bulk,26
7294 G2 7333 G5,7333,G5,Tumor bulk,27
7294 G2 7333 G5,7333,G5,Tumor bulk,28
7294 G2 7333 G5,7333,G5,Tumor bulk,29
7294 G2 7333 G5,7333,G5,Tumor bulk,30
7294 G2 7333 G5,7333,G5,Tumor bulk,31
7294 G2 7333 G5,7333,G5,Tumor bulk,32
7294 G2 7333 G5,7333,G5,Tumor bulk,33
7294 G2 7333 G5,7333,G5,Tumor bulk,34
7294 G2 7333 G5,7333,G5,Tumor bulk,35
7294 G2 7333 G5,7333,G5,Tumor bulk,36
7294 G2 7333 G5,7333,G5,Tumor bulk,37
7294 G2 7333 G5,7333,G5,Tumor bulk,38
7294 G2 7333 G5,7333,G5,Tumor bulk,39
7294 G2 7333 G5,7333,G5,Tumor bulk,40
7294 G2 7333 G5,7333,G5,Tumor bulk,41
7294 G2 7333 G5,7333,G5,Tumor bulk,42
7294 G2 7333 G5,7333,G5,Tumor bulk,43
7294 G2 7333 G5,7333,G5,Tumor bulk,44
7294 G2 7333 G5,7333,G5,Tumor bulk,45
7294 G2 7333 G5,7333,G5,Tumor bulk,46
7294 G2 7333 G5,7333,G5,Tumor bulk,47
7294 G2 7333 G5,7333,G5,Tumor bulk,48
7294 G2 7333 G5,7333,G5,Tumor bulk,49
7294 G2 7333 G5,7333,G5,Tumor bulk,50
7294 G2 7333 G5,7333,G5,Tumor bulk,51
7294 G2 7333 G5,7333,G5,Tumor bulk,52
7294 G2 7333 G5,7333,G5,Tumor bulk,53
7294 G2 7333 G5,7333,G5,Tumor bulk,54
7294 G2 7333 G5,7333,G5,Tumor bulk,55
7294 G2 7333 G5,7333,G5,Tumor bulk,56
7294 G2 7333 G5,7333,G5,Tumor bulk,57
7294 G2 7333 G5,7333,G5,Tumor bulk,58
7294 G2 7333 G5,7333,G5,Tumor bulk,59
7294 G2 7333 G5,7333,G5,Tumor bulk,60
7294 G2 7333 G5,7333,G5,Tumor bulk,61
7294 G2 7333 G5,7333,G5,Tumor bulk,62
7294 G2 7333 G5,7333,G5,Tumor bulk,63
7294 G2 7333 G5,7333,G5,Tumor bulk,64
7294 G2 7333 G5,7333,G5,Tumor bulk,65
7294 G2 7333 G5,7333,G5,Tumor bulk,66
7294 G2 7333 G5,7333,G5,Tumor bulk,67
7294 G2 7333 G5,7333,G5,Tumor bulk,68
7294 G2 7333 G5,7333,G5,Tumor bulk,69
7294 G2 7333 G5,7333,G5,Tumor bulk,70
7294 G2 7333 G5,7333,G5,Tumor bulk,71
7294 G2 7333 G5,7333,G5,Tumor bulk,72
7294 G2 7333 G5,7333,G5,Tumor bulk,73
7294 G2 7333 G5,7333,G5,Tumor bulk,74
7294 G2 7333 G5,7333,G5,Tumor bulk,75
7294 G2 7333 G5,7333,G5,Tumor bulk,76
7294 G2 7333 G5,7333,G5,Tumor bulk,77
7294 G2 7333 G5,7333,G5,Tumor bulk,78
7294 G2 7333 G5,7333,G5,Tumor bulk,79
7294 G2 7333 G5,7333,G5,Tumor bulk,80
7294 G2 7333 G5,7333,G5,Tumor bulk,81
7294 G2 7333 G5,7333,G5,Tumor bulk,82
7294 G2 7333 G5,7333,G5,Tumor bulk,83
7294 G2 7333 G5,7333,G5,Tumor bulk,84
7294 G2 7333 G5,7333,G5,Tumor bulk,85
7294 G2 7333 G5,7333,G5,Tumor bulk,86
7294 G2 7333 G5,7333,G5,Tumor bulk,87
7294 G2 7333 G5,7333,G5,Tumor bulk,88
7294 G2 7333 G5,7333,G5,Tumor bulk,89
7294 G2 7333 G5,7333,G5,Tumor bulk,90
7294 G2 7333 G5,7333,G5,Tumor bulk,91
7294 G2 7333 G5,7333,G5,Tumor bulk,92
7294 G2 7333 G5,7333,G5,Tumor bulk,93
7294 G2 7333 G5,7333,G5,Tumor bulk,94
7294 G2 7333 G5,7333,G5,Tumor bulk,95
7294 G2 7333 G5,7333,G5,Tumor bulk,96
7294 G2 7333 G5,7333,G5,Tumor bulk,97
7294 G2 7333 G5,7333,G5,Tumor bulk,98
7294 G2 7333 G5,7333,G5,Tumor bulk,99
7294 G2 7333 G5,7333,G5,Tumor bulk,100
7294 G2 7333 G5,7294,G2,Infiltrating edge,101
7294 G2 7333 G5,7294,G2,Infiltrating edge,102
7294 G2 7333 G5,7294,G2,Infiltrating edge,103
7294 G2 7333 G5,7294,G2,Infiltrating edge,104
7294 G2 7333 G5,7294,G2,Infiltrating edge,105
7294 G2 7333 G5,7294,G2,Infiltrating edge,106
7294 G2 7333 G5,7294,G2,Infiltrating edge,107
7294 G2 7333 G5,7294,G2,Infiltrating edge,108
7294 G2 7333 G5,7294,G2,Infiltrating edge,109
7294 G2 7333 G5,7294,G2,Infiltrating edge,110
7294 G2 7333 G5,7294,G2,Infiltrating edge,111
7294 G2 7333 G5,7294,G2,Infiltrating edge,112
7294 G2 7333 G5,7294,G2,Infiltrating edge,113
7294 G2 7333 G5,7294,G2,Infiltrating edge,114
7294 G2 7333 G5,7294,G2,Infiltrating edge,115
7294 G2 7333 G5,7294,G2,Infiltrating edge,116
7294 G2 7333 G5,7294,G2,Infiltrating edge,117
7294 G2 7333 G5,7294,G2,Infiltrating edge,118
7294 G2 7333 G5,7294,G2,Infiltrating edge,119
7294 G2 7333 G5,7294,G2,Infiltrating edge,120
7294 G2 7333 G5,7294,G2,Infiltrating edge,121
7294 G2 7333 G5,7294,G2,Infiltrating edge,122
7294 G2 7333 G5,7294,G2,Infiltrating edge,123
7294 G2 7333 G5,7294,G2,Infiltrating edge,124
7294 G2 7333 G5,7294,G2,Infiltrating edge,125
7294 G2 7333 G5,7294,G2,Infiltrating edge,126
7294 G2 7333 G5,7294,G2,Infiltrating edge,127
7294 G2 7333 G5,7294,G2,Infiltrating edge,128
7294 G2 7333 G5,7294,G2,Infiltrating edge,129
7294 G2 7333 G5,7294,G2,Infiltrating edge,130
7294 G2 7333 G5,7294,G2,Infiltrating edge,131
7294 G2 7333 G5,7294,G2,Infiltrating edge,132
7294 G2 7333 G5,7294,G2,Infiltrating edge,133
7294 G2 7333 G5,7294,G2,Infiltrating edge,134
7294 G2 7333 G5,7294,G2,Infiltrating edge,135
7294 G2 7333 G5,7294,G2,Infiltrating edge,136
7294 G2 7333 G5,7294,G2,Infiltrating edge,137
7294 G2 7333 G5,7294,G2,Infiltrating edge,138
7294 G2 7333 G5,7294,G2,Infiltrating edge,139
7294 G2 7333 G5,7294,G2,Infiltrating edge,140
7294 G2 7333 G5,7294,G2,Infiltrating edge,141
7294 G2 7333 G5,7294,G2,Infiltrating edge,142
7294 G2 7333 G5,7294,G2,Infiltrating edge,143
7294 G2 7333 G5,7294,G2,Infiltrating edge,144
7294 G2 7333 G5,7294,G2,Infiltrating edge,145
7294 G2 7333 G5,7294,G2,Infiltrating edge,146
7294 G2 7333 G5,7294,G2,Infiltrating edge,147
7294 G2 7333 G5,7294,G2,Infiltrating edge,148
7294 G2 7333 G5,7294,G2,Infiltrating edge,149
7294 G2 7333 G5,7294,G2,Infiltrating edge,150
7294 G2 7333 G5,7294,G2,Infiltrating edge,151
7294 G2 7333 G5,7294,G2,Infiltrating edge,152
7294 G2 7333 G5,7294,G2,Infiltrating edge,153
7294 G2 7333 G5,7294,G2,Infiltrating edge,154
7294 G2 7333 G5,7294,G2,Infiltrating edge,155
7294 G2 7333 G5,7294,G2,Infiltrating edge,156
7294 G2 7333 G5,7294,G2,Infiltrating edge,157
7294 G2 7333 G5,7294,G2,Infiltrating edge,158
7294 G2 7333 G5,7294,G2,Infiltrating edge,159
7294 G2 7333 G5,7294,G2,Infiltrating edge,160
7294 G2 7333 G5,7294,G2,Infiltrating edge,161
7294 G2 7333 G5,7294,G2,Infiltrating edge,162
7294 G2 7333 G5,7294,G2,Infiltrating edge,163
7294 G2 7333 G5,7294,G2,Infiltrating edge,164
7294 G2 7333 G5,7294,G2,Infiltrating edge,165
7294 G2 7333 G5,7294,G2,Infiltrating edge,166
7294 G2 7333 G5,7294,G2,Infiltrating edge,167
7294 G2 7333 G5,7294,G2,Infiltrating edge,168
7294 G2 7333 G5,7294,G2,Infiltrating edge,169
7294 G2 7333 G5,7294,G2,Infiltrating edge,170
7294 G2 7333 G5,7294,G2,Infiltrating edge,171
7294 G2 7333 G5,7294,G2,Infiltrating edge,172
7294 G2 7333 G5,7294,G2,Infiltrating edge,173
7294 G2 7333 G5,7294,G2,Infiltrating edge,174
7294 G2 7333 G5,7294,G2,Infiltrating edge,175
7294 G2 7333 G5,7294,G2,Infiltrating edge,176
7294 G2 7333 G5,7294,G2,Infiltrating edge,177
7294 G2 7333 G5,7294,G2,Infiltrating edge,178
7294 G2 7333 G5,7294,G2,Infiltrating edge,179
7294 G2 7333 G5,7294,G2,Infiltrating edge,180
7294 G2 7333 G5,7294,G2,Infiltrating edge,181
7294 G2 7333 G5,7294,G2,Infiltrating edge,182
7294 G2 7333 G5,7294,G2,Infiltrating edge,183
7294 G2 7333 G5,7294,G2,Infiltrating edge,184
7294 G2 7333 G5,7294,G2,Infiltrating edge,185
7294 G2 7333 G5,7294,G2,Infiltrating edge,186
7294 G2 7333 G5,7294,G2,Infiltrating edge,187
7294 G2 7333 G5,7294,G2,Infiltrating edge,188
7294 G2 7333 G5,7294,G2,Infiltrating edge,189
7294 G2 7333 G5,7294,G2,Infiltrating edge,190
7294 G2 7333 G5,7294,G2,Infiltrating edge,191
7294 G2 7333 G5,7294,G2,Infiltrating edge,192
7294 G2 7333 G5,7294,G2,Infiltrating edge,193
7294 G2 7333 G5,7294,G2,Infiltrating edge,194
7294 G2 7333 G5,7294,G2,Infiltrating edge,195
7294 G2 7333 G5,7294,G2,Infiltrating edge,196
7294 G2 7333 G5,7294,G2,Infiltrating edge,197
7294 G2 7333 G5,7294,G2,Infiltrating edge,198
7294 G2 7333 G5,7294,G2,Infiltrating edge,199
7294 G2 7333 G5,7294,G2,Infiltrating edge,200
7302 A7 7302 G1,7302,A7,Contralateral uninvolved,1
7302 A7 7302 G1,7302,A7,Contralateral uninvolved,2
7302 A7 7302 G1,7302,A7,Contralateral uninvolved,3
7302 A7 7302 G1,7302,A7,Contralateral uninvolved,4
7302 A7 7302 G1,7302,A7,Contralateral uninvolved,5
7302 A7 7302 G1,7302,A7,Contralateral uninvolved,6
7302 A7 7302 G1,7302,A7,Contralateral uninvolved,7
7302 A7 7302 G1,7302,A7,Contralateral uninvolved,8
7302 A7 7302 G1,7302,A7,Contralateral uninvolved,9
7302 A7 7302 G1,7302,A7,Contralateral uninvolved,10
7302 A7 7302 G1,7302,A7,Contralateral uninvolved,11
7302 A7 7302 G1,7302,A7,Contralateral uninvolved,12
7302 A7 7302 G1,7302,A7,Contralateral uninvolved,13
7302 A7 7302 G1,7302,A7,Contralateral uninvolved,14
7302 A7 7302 G1,7302,A7,Contralateral uninvolved,15
7302 A7 7302 G1,7302,A7,Contralateral uninvolved,16
7302 A7 7302 G1,7302,A7,Contralateral uninvolved,17
7302 A7 7302 G1,7302,A7,Contralateral uninvolved,18
7302 A7 7302 G1,7302,A7,Contralateral uninvolved,19
7302 A7 7302 G1,7302,A7,Contralateral uninvolved,20
7302 A7 7302 G1,7302,A7,Contralateral uninvolved,21
7302 A7 7302 G1,7302,A7,Contralateral uninvolved,22
7302 A7 7302 G1,7302,A7,Contralateral uninvolved,23
7302 A7 7302 G1,7302,A7,Contralateral uninvolved,24
7302 A7 7302 G1,7302,A7,Contralateral uninvolved,25
7302 A7 7302 G1,7302,A7,Contralateral uninvolved,26
7302 A7 7302 G1,7302,A7,Contralateral uninvolved,27
7302 A7 7302 G1,7302,A7,Contralateral uninvolved,28
7302 A7 7302 G1,7302,A7,Contralateral uninvolved,29
7302 A7 7302 G1,7302,A7,Contralateral uninvolved,30
7302 A7 7302 G1,7302,A7,Contralateral uninvolved,31
7302 A7 7302 G1,7302,A7,Contralateral uninvolved,32
7302 A7 7302 G1,7302,A7,Contralateral uninvolved,33
7302 A7 7302 G1,7302,A7,Contralateral uninvolved,34
7302 A7 7302 G1,7302,A7,Contralateral uninvolved,35
7302 A7 7302 G1,7302,A7,Contralateral uninvolved,36
7302 A7 7302 G1,7302,A7,Contralateral uninvolved,37
7302 A7 7302 G1,7302,A7,Contralateral uninvolved,38
7302 A7 7302 G1,7302,A7,Contralateral uninvolved,39
7302 A7 7302 G1,7302,A7,Contralateral uninvolved,40
7302 A7 7302 G1,7302,A7,Contralateral uninvolved,41
7302 A7 7302 G1,7302,A7,Contralateral uninvolved,42
7302 A7 7302 G1,7302,A7,Contralateral uninvolved,43
7302 A7 7302 G1,7302,A7,Contralateral uninvolved,44
7302 A7 7302 G1,7302,A7,Contralateral uninvolved,45
7302 A7 7302 G1,7302,A7,Contralateral uninvolved,46
7302 A7 7302 G1,7302,A7,Contralateral uninvolved,47
7302 A7 7302 G1,7302,A7,Contralateral uninvolved,48
7302 A7 7302 G1,7302,A7,Contralateral uninvolved,49
7302 A7 7302 G1,7302,A7,Contralateral uninvolved,50
7302 A7 7302 G1,7302,A7,Contralateral uninvolved,51
7302 A7 7302 G1,7302,A7,Contralateral uninvolved,52
7302 A7 7302 G1,7302,A7,Contralateral uninvolved,53
7302 A7 7302 G1,7302,A7,Contralateral uninvolved,54
7302 A7 7302 G1,7302,A7,Contralateral uninvolved,55
7302 A7 7302 G1,7302,A7,Contralateral uninvolved,56
7302 A7 7302 G1,7302,A7,Contralateral uninvolved,57
7302 A7 7302 G1,7302,A7,Contralateral uninvolved,58
7302 A7 7302 G1,7302,A7,Contralateral uninvolved,59
7302 A7 7302 G1,7302,A7,Contralateral uninvolved,60
7302 A7 7302 G1,7302,A7,Contralateral uninvolved,61
7302 A7 7302 G1,7302,A7,Contralateral uninvolved,62
7302 A7 7302 G1,7302,A7,Contralateral uninvolved,63
7302 A7 7302 G1,7302,A7,Contralateral uninvolved,64
7302 A7 7302 G1,7302,A7,Contralateral uninvolved,65
7302 A7 7302 G1,7302,A7,Contralateral uninvolved,66
7302 A7 7302 G1,7302,A7,Contralateral uninvolved,67
7302 A7 7302 G1,7302,A7,Contralateral uninvolved,68
7302 A7 7302 G1,7302,A7,Contralateral uninvolved,69
7302 A7 7302 G1,7302,A7,Contralateral uninvolved,70
7302 A7 7302 G1,7302,A7,Contralateral uninvolved,71
7302 A7 7302 G1,7302,A7,Contralateral uninvolved,72
7302 A7 7302 G1,7302,A7,Contralateral uninvolved,73
7302 A7 7302 G1,7302,A7,Contralateral uninvolved,74
7302 A7 7302 G1,7302,A7,Contralateral uninvolved,75
7302 A7 7302 G1,7302,A7,Contralateral uninvolved,76
7302 A7 7302 G1,7302,A7,Contralateral uninvolved,77
7302 A7 7302 G1,7302,A7,Contralateral uninvolved,78
7302 A7 7302 G1,7302,A7,Contralateral uninvolved,79
7302 A7 7302 G1,7302,A7,Contralateral uninvolved,80
7302 A7 7302 G1,7302,A7,Contralateral uninvolved,81
7302 A7 7302 G1,7302,A7,Contralateral uninvolved,82
7302 A7 7302 G1,7302,A7,Contralateral uninvolved,83
7302 A7 7302 G1,7302,A7,Contralateral uninvolved,84
7302 A7 7302 G1,7302,A7,Contralateral uninvolved,85
7302 A7 7302 G1,7302,A7,Contralateral uninvolved,86
7302 A7 7302 G1,7302,A7,Contralateral uninvolved,87
7302 A7 7302 G1,7302,A7,Contralateral uninvolved,88
7302 A7 7302 G1,7302,A7,Contralateral uninvolved,89
7302 A7 7302 G1,7302,A7,Contralateral uninvolved,90
7302 A7 7302 G1,7302,A7,Contralateral uninvolved,91
7302 A7 7302 G1,7302,A7,Contralateral uninvolved,92
7302 A7 7302 G1,7302,A7,Contralateral uninvolved,93
7302 A7 7302 G1,7302,A7,Contralateral uninvolved,94
7302 A7 7302 G1,7302,A7,Contralateral uninvolved,95
7302 A7 7302 G1,7302,A7,Contralateral uninvolved,96
7302 A7 7302 G1,7302,A7,Contralateral uninvolved,97
7302 A7 7302 G1,7302,A7,Contralateral uninvolved,98
7302 A7 7302 G1,7302,A7,Contralateral uninvolved,99
7302 A7 7302 G1,7302,A7,Contralateral uninvolved,100
7302 A7 7302 G1,7302,G1,Infiltrating edge,101
7302 A7 7302 G1,7302,G1,Infiltrating edge,102
7302 A7 7302 G1,7302,G1,Infiltrating edge,103
7302 A7 7302 G1,7302,G1,Infiltrating edge,104
7302 A7 7302 G1,7302,G1,Infiltrating edge,105
7302 A7 7302 G1,7302,G1,Infiltrating edge,106
7302 A7 7302 G1,7302,G1,Infiltrating edge,107
7302 A7 7302 G1,7302,G1,Infiltrating edge,108
7302 A7 7302 G1,7302,G1,Infiltrating edge,109
7302 A7 7302 G1,7302,G1,Infiltrating edge,110
7302 A7 7302 G1,7302,G1,Infiltrating edge,111
7302 A7 7302 G1,7302,G1,Infiltrating edge,112
7302 A7 7302 G1,7302,G1,Infiltrating edge,113
7302 A7 7302 G1,7302,G1,Infiltrating edge,114
7302 A7 7302 G1,7302,G1,Infiltrating edge,115
7302 A7 7302 G1,7302,G1,Infiltrating edge,116
7302 A7 7302 G1,7302,G1,Infiltrating edge,117
7302 A7 7302 G1,7302,G1,Infiltrating edge,118
7302 A7 7302 G1,7302,G1,Infiltrating edge,119
7302 A7 7302 G1,7302,G1,Infiltrating edge,120
7302 A7 7302 G1,7302,G1,Infiltrating edge,121
7302 A7 7302 G1,7302,G1,Infiltrating edge,122
7302 A7 7302 G1,7302,G1,Infiltrating edge,123
7302 A7 7302 G1,7302,G1,Infiltrating edge,124
7302 A7 7302 G1,7302,G1,Infiltrating edge,125
7302 A7 7302 G1,7302,G1,Infiltrating edge,126
7302 A7 7302 G1,7302,G1,Infiltrating edge,127
7302 A7 7302 G1,7302,G1,Infiltrating edge,128
7302 A7 7302 G1,7302,G1,Infiltrating edge,129
7302 A7 7302 G1,7302,G1,Infiltrating edge,130
7302 A7 7302 G1,7302,G1,Infiltrating edge,131
7302 A7 7302 G1,7302,G1,Infiltrating edge,132
7302 A7 7302 G1,7302,G1,Infiltrating edge,133
7302 A7 7302 G1,7302,G1,Infiltrating edge,134
7302 A7 7302 G1,7302,G1,Infiltrating edge,135
7302 A7 7302 G1,7302,G1,Infiltrating edge,136
7302 A7 7302 G1,7302,G1,Infiltrating edge,137
7302 A7 7302 G1,7302,G1,Infiltrating edge,138
7302 A7 7302 G1,7302,G1,Infiltrating edge,139
7302 A7 7302 G1,7302,G1,Infiltrating edge,140
7302 A7 7302 G1,7302,G1,Infiltrating edge,141
7302 A7 7302 G1,7302,G1,Infiltrating edge,142
7302 A7 7302 G1,7302,G1,Infiltrating edge,143
7302 A7 7302 G1,7302,G1,Infiltrating edge,144
7302 A7 7302 G1,7302,G1,Infiltrating edge,145
7302 A7 7302 G1,7302,G1,Infiltrating edge,146
7302 A7 7302 G1,7302,G1,Infiltrating edge,147
7302 A7 7302 G1,7302,G1,Infiltrating edge,148
7302 A7 7302 G1,7302,G1,Infiltrating edge,149
7302 A7 7302 G1,7302,G1,Infiltrating edge,150
7302 A7 7302 G1,7302,G1,Infiltrating edge,151
7302 A7 7302 G1,7302,G1,Infiltrating edge,152
7302 A7 7302 G1,7302,G1,Infiltrating edge,153
7302 A7 7302 G1,7302,G1,Infiltrating edge,154
7302 A7 7302 G1,7302,G1,Infiltrating edge,155
7302 A7 7302 G1,7302,G1,Infiltrating edge,156
7302 A7 7302 G1,7302,G1,Infiltrating edge,157
7302 A7 7302 G1,7302,G1,Infiltrating edge,158
7302 A7 7302 G1,7302,G1,Infiltrating edge,159
7302 A7 7302 G1,7302,G1,Infiltrating edge,160
7302 A7 7302 G1,7302,G1,Infiltrating edge,161
7302 A7 7302 G1,7302,G1,Infiltrating edge,162
7302 A7 7302 G1,7302,G1,Infiltrating edge,163
7302 A7 7302 G1,7302,G1,Infiltrating edge,164
7302 A7 7302 G1,7302,G1,Infiltrating edge,165
7302 A7 7302 G1,7302,G1,Infiltrating edge,166
7302 A7 7302 G1,7302,G1,Infiltrating edge,167
7302 A7 7302 G1,7302,G1,Infiltrating edge,168
7302 A7 7302 G1,7302,G1,Infiltrating edge,169
7302 A7 7302 G1,7302,G1,Infiltrating edge,170
7302 A7 7302 G1,7302,G1,Infiltrating edge,171
7302 A7 7302 G1,7302,G1,Infiltrating edge,172
7302 A7 7302 G1,7302,G1,Infiltrating edge,173
7302 A7 7302 G1,7302,G1,Infiltrating edge,174
7302 A7 7302 G1,7302,G1,Infiltrating edge,175
7302 A7 7302 G1,7302,G1,Infiltrating edge,176
7302 A7 7302 G1,7302,G1,Infiltrating edge,177
7302 A7 7302 G1,7302,G1,Infiltrating edge,178
7302 A7 7302 G1,7302,G1,Infiltrating edge,179
7302 A7 7302 G1,7302,G1,Infiltrating edge,180
7302 A7 7302 G1,7302,G1,Infiltrating edge,181
7302 A7 7302 G1,7302,G1,Infiltrating edge,182
7302 A7 7302 G1,7302,G1,Infiltrating edge,183
7302 A7 7302 G1,7302,G1,Infiltrating edge,184
7302 A7 7302 G1,7302,G1,Infiltrating edge,185
7302 A7 7302 G1,7302,G1,Infiltrating edge,186
7302 A7 7302 G1,7302,G1,Infiltrating edge,187
7302 A7 7302 G1,7302,G1,Infiltrating edge,188
7302 A7 7302 G1,7302,G1,Infiltrating edge,189
7302 A7 7302 G1,7302,G1,Infiltrating edge,190
7302 A7 7302 G1,7302,G1,Infiltrating edge,191
7302 A7 7302 G1,7302,G1,Infiltrating edge,192
7302 A7 7302 G1,7302,G1,Infiltrating edge,193
7302 A7 7302 G1,7302,G1,Infiltrating edge,194
7302 A7 7302 G1,7302,G1,Infiltrating edge,195
7302 A7 7302 G1,7302,G1,Infiltrating edge,196
7302 A7 7302 G1,7302,G1,Infiltrating edge,197
7302 A7 7302 G1,7302,G1,Infiltrating edge,198
7302 A7 7302 G1,7302,G1,Infiltrating edge,199
7302 A7 7302 G1,7302,G1,Infiltrating edge,200
7495 G3 7302 G3,7495,G3,Infiltrating edge,1
7495 G3 7302 G3,7495,G3,Infiltrating edge,2
7495 G3 7302 G3,7495,G3,Infiltrating edge,3
7495 G3 7302 G3,7495,G3,Infiltrating edge,4
7495 G3 7302 G3,7495,G3,Infiltrating edge,5
7495 G3 7302 G3,7495,G3,Infiltrating edge,6
7495 G3 7302 G3,7495,G3,Infiltrating edge,7
7495 G3 7302 G3,7495,G3,Infiltrating edge,8
7495 G3 7302 G3,7495,G3,Infiltrating edge,9
7495 G3 7302 G3,7495,G3,Infiltrating edge,10
7495 G3 7302 G3,7495,G3,Infiltrating edge,11
7495 G3 7302 G3,7495,G3,Infiltrating edge,12
7495 G3 7302 G3,7495,G3,Infiltrating edge,13
7495 G3 7302 G3,7495,G3,Infiltrating edge,14
7495 G3 7302 G3,7495,G3,Infiltrating edge,15
7495 G3 7302 G3,7495,G3,Infiltrating edge,16
7495 G3 7302 G3,7495,G3,Infiltrating edge,17
7495 G3 7302 G3,7495,G3,Infiltrating edge,18
7495 G3 7302 G3,7495,G3,Infiltrating edge,19
7495 G3 7302 G3,7495,G3,Infiltrating edge,20
7495 G3 7302 G3,7495,G3,Infiltrating edge,21
7495 G3 7302 G3,7495,G3,Infiltrating edge,22
7495 G3 7302 G3,7495,G3,Infiltrating edge,23
7495 G3 7302 G3,7495,G3,Infiltrating edge,24
7495 G3 7302 G3,7495,G3,Infiltrating edge,25
7495 G3 7302 G3,7495,G3,Infiltrating edge,26
7495 G3 7302 G3,7495,G3,Infiltrating edge,27
7495 G3 7302 G3,7495,G3,Infiltrating edge,28
7495 G3 7302 G3,7495,G3,Infiltrating edge,29
7495 G3 7302 G3,7495,G3,Infiltrating edge,30
7495 G3 7302 G3,7495,G3,Infiltrating edge,31
7495 G3 7302 G3,7495,G3,Infiltrating edge,32
7495 G3 7302 G3,7495,G3,Infiltrating edge,33
7495 G3 7302 G3,7495,G3,Infiltrating edge,34
7495 G3 7302 G3,7495,G3,Infiltrating edge,35
7495 G3 7302 G3,7495,G3,Infiltrating edge,36
7495 G3 7302 G3,7495,G3,Infiltrating edge,37
7495 G3 7302 G3,7495,G3,Infiltrating edge,38
7495 G3 7302 G3,7495,G3,Infiltrating edge,39
7495 G3 7302 G3,7495,G3,Infiltrating edge,40
7495 G3 7302 G3,7495,G3,Infiltrating edge,41
7495 G3 7302 G3,7495,G3,Infiltrating edge,42
7495 G3 7302 G3,7495,G3,Infiltrating edge,43
7495 G3 7302 G3,7495,G3,Infiltrating edge,44
7495 G3 7302 G3,7495,G3,Infiltrating edge,45
7495 G3 7302 G3,7495,G3,Infiltrating edge,46
7495 G3 7302 G3,7495,G3,Infiltrating edge,47
7495 G3 7302 G3,7495,G3,Infiltrating edge,48
7495 G3 7302 G3,7495,G3,Infiltrating edge,49
7495 G3 7302 G3,7495,G3,Infiltrating edge,50
7495 G3 7302 G3,7495,G3,Infiltrating edge,51
7495 G3 7302 G3,7495,G3,Infiltrating edge,52
7495 G3 7302 G3,7495,G3,Infiltrating edge,53
7495 G3 7302 G3,7495,G3,Infiltrating edge,54
7495 G3 7302 G3,7495,G3,Infiltrating edge,55
7495 G3 7302 G3,7495,G3,Infiltrating edge,56
7495 G3 7302 G3,7495,G3,Infiltrating edge,57
7495 G3 7302 G3,7495,G3,Infiltrating edge,58
7495 G3 7302 G3,7495,G3,Infiltrating edge,59
7495 G3 7302 G3,7495,G3,Infiltrating edge,60
7495 G3 7302 G3,7495,G3,Infiltrating edge,61
7495 G3 7302 G3,7495,G3,Infiltrating edge,62
7495 G3 7302 G3,7495,G3,Infiltrating edge,63
7495 G3 7302 G3,7495,G3,Infiltrating edge,64
7495 G3 7302 G3,7495,G3,Infiltrating edge,65
7495 G3 7302 G3,7495,G3,Infiltrating edge,66
7495 G3 7302 G3,7495,G3,Infiltrating edge,67
7495 G3 7302 G3,7495,G3,Infiltrating edge,68
7495 G3 7302 G3,7495,G3,Infiltrating edge,69
7495 G3 7302 G3,7495,G3,Infiltrating edge,70
7495 G3 7302 G3,7495,G3,Infiltrating edge,71
7495 G3 7302 G3,7495,G3,Infiltrating edge,72
7495 G3 7302 G3,7495,G3,Infiltrating edge,73
7495 G3 7302 G3,7495,G3,Infiltrating edge,74
7495 G3 7302 G3,7495,G3,Infiltrating edge,75
7495 G3 7302 G3,7495,G3,Infiltrating edge,76
7495 G3 7302 G3,7495,G3,Infiltrating edge,77
7495 G3 7302 G3,7495,G3,Infiltrating edge,78
7495 G3 7302 G3,7495,G3,Infiltrating edge,79
7495 G3 7302 G3,7495,G3,Infiltrating edge,80
7495 G3 7302 G3,7495,G3,Infiltrating edge,81
7495 G3 7302 G3,7495,G3,Infiltrating edge,82
7495 G3 7302 G3,7495,G3,Infiltrating edge,83
7495 G3 7302 G3,7495,G3,Infiltrating edge,84
7495 G3 7302 G3,7495,G3,Infiltrating edge,85
7495 G3 7302 G3,7495,G3,Infiltrating edge,86
7495 G3 7302 G3,7495,G3,Infiltrating edge,87
7495 G3 7302 G3,7495,G3,Infiltrating edge,88
7495 G3 7302 G3,7495,G3,Infiltrating edge,89
7495 G3 7302 G3,7495,G3,Infiltrating edge,90
7495 G3 7302 G3,7495,G3,Infiltrating edge,91
7495 G3 7302 G3,7495,G3,Infiltrating edge,92
7495 G3 7302 G3,7495,G3,Infiltrating edge,93
7495 G3 7302 G3,7495,G3,Infiltrating edge,94
7495 G3 7302 G3,7495,G3,Infiltrating edge,95
7495 G3 7302 G3,7495,G3,Infiltrating edge,96
7495 G3 7302 G3,7495,G3,Infiltrating edge,97
7495 G3 7302 G3,7495,G3,Infiltrating edge,98
7495 G3 7302 G3,7495,G3,Infiltrating edge,99
7495 G3 7302 G3,7495,G3,Infiltrating edge,100
7495 G3 7302 G3,7302,G3,Tumor bulk,101
7495 G3 7302 G3,7302,G3,Tumor bulk,102
7495 G3 7302 G3,7302,G3,Tumor bulk,103
7495 G3 7302 G3,7302,G3,Tumor bulk,104
7495 G3 7302 G3,7302,G3,Tumor bulk,105
7495 G3 7302 G3,7302,G3,Tumor bulk,106
7495 G3 7302 G3,7302,G3,Tumor bulk,107
7495 G3 7302 G3,7302,G3,Tumor bulk,108
7495 G3 7302 G3,7302,G3,Tumor bulk,109
7495 G3 7302 G3,7302,G3,Tumor bulk,110
7495 G3 7302 G3,7302,G3,Tumor bulk,111
7495 G3 7302 G3,7302,G3,Tumor bulk,112
7495 G3 7302 G3,7302,G3,Tumor bulk,113
7495 G3 7302 G3,7302,G3,Tumor bulk,114
7495 G3 7302 G3,7302,G3,Tumor bulk,115
7495 G3 7302 G3,7302,G3,Tumor bulk,116
7495 G3 7302 G3,7302,G3,Tumor bulk,117
7495 G3 7302 G3,7302,G3,Tumor bulk,118
7495 G3 7302 G3,7302,G3,Tumor bulk,119
7495 G3 7302 G3,7302,G3,Tumor bulk,120
7495 G3 7302 G3,7302,G3,Tumor bulk,121
7495 G3 7302 G3,7302,G3,Tumor bulk,122
7495 G3 7302 G3,7302,G3,Tumor bulk,123
7495 G3 7302 G3,7302,G3,Tumor bulk,124
7495 G3 7302 G3,7302,G3,Tumor bulk,125
7495 G3 7302 G3,7302,G3,Tumor bulk,126
7495 G3 7302 G3,7302,G3,Tumor bulk,127
7495 G3 7302 G3,7302,G3,Tumor bulk,128
7495 G3 7302 G3,7302,G3,Tumor bulk,129
7495 G3 7302 G3,7302,G3,Tumor bulk,130
7495 G3 7302 G3,7302,G3,Tumor bulk,131
7495 G3 7302 G3,7302,G3,Tumor bulk,132
7495 G3 7302 G3,7302,G3,Tumor bulk,133
7495 G3 7302 G3,7302,G3,Tumor bulk,134
7495 G3 7302 G3,7302,G3,Tumor bulk,135
7495 G3 7302 G3,7302,G3,Tumor bulk,136
7495 G3 7302 G3,7302,G3,Tumor bulk,137
7495 G3 7302 G3,7302,G3,Tumor bulk,138
7495 G3 7302 G3,7302,G3,Tumor bulk,139
7495 G3 7302 G3,7302,G3,Tumor bulk,140
7495 G3 7302 G3,7302,G3,Tumor bulk,141
7495 G3 7302 G3,7302,G3,Tumor bulk,142
7495 G3 7302 G3,7302,G3,Tumor bulk,143
7495 G3 7302 G3,7302,G3,Tumor bulk,144
7495 G3 7302 G3,7302,G3,Tumor bulk,145
7495 G3 7302 G3,7302,G3,Tumor bulk,146
7495 G3 7302 G3,7302,G3,Tumor bulk,147
7495 G3 7302 G3,7302,G3,Tumor bulk,148
7495 G3 7302 G3,7302,G3,Tumor bulk,149
7495 G3 7302 G3,7302,G3,Tumor bulk,150
7495 G3 7302 G3,7302,G3,Tumor bulk,151
7495 G3 7302 G3,7302,G3,Tumor bulk,152
7495 G3 7302 G3,7302,G3,Tumor bulk,153
7495 G3 7302 G3,7302,G3,Tumor bulk,154
7495 G3 7302 G3,7302,G3,Tumor bulk,155
7495 G3 7302 G3,7302,G3,Tumor bulk,156
7495 G3 7302 G3,7302,G3,Tumor bulk,157
7495 G3 7302 G3,7302,G3,Tumor bulk,158
7495 G3 7302 G3,7302,G3,Tumor bulk,159
7495 G3 7302 G3,7302,G3,Tumor bulk,160
7495 G3 7302 G3,7302,G3,Tumor bulk,161
7495 G3 7302 G3,7302,G3,Tumor bulk,162
7495 G3 7302 G3,7302,G3,Tumor bulk,163
7495 G3 7302 G3,7302,G3,Tumor bulk,164
7495 G3 7302 G3,7302,G3,Tumor bulk,165
7495 G3 7302 G3,7302,G3,Tumor bulk,166
7495 G3 7302 G3,7302,G3,Tumor bulk,167
7495 G3 7302 G3,7302,G3,Tumor bulk,168
7495 G3 7302 G3,7302,G3,Tumor bulk,169
7495 G3 7302 G3,7302,G3,Tumor bulk,170
7495 G3 7302 G3,7302,G3,Tumor bulk,171
7495 G3 7302 G3,7302,G3,Tumor bulk,172
7495 G3 7302 G3,7302,G3,Tumor bulk,173
7495 G3 7302 G3,7302,G3,Tumor bulk,174
7495 G3 7302 G3,7302,G3,Tumor bulk,175
7495 G3 7302 G3,7302,G3,Tumor bulk,176
7495 G3 7302 G3,7302,G3,Tumor bulk,177
7495 G3 7302 G3,7302,G3,Tumor bulk,178
7495 G3 7302 G3,7302,G3,Tumor bulk,179
7495 G3 7302 G3,7302,G3,Tumor bulk,180
7495 G3 7302 G3,7302,G3,Tumor bulk,181
7495 G3 7302 G3,7302,G3,Tumor bulk,182
7495 G3 7302 G3,7302,G3,Tumor bulk,183
7495 G3 7302 G3,7302,G3,Tumor bulk,184
7495 G3 7302 G3,7302,G3,Tumor bulk,185
7495 G3 7302 G3,7302,G3,Tumor bulk,186
7495 G3 7302 G3,7302,G3,Tumor bulk,187
7495 G3 7302 G3,7302,G3,Tumor bulk,188
7495 G3 7302 G3,7302,G3,Tumor bulk,189
7495 G3 7302 G3,7302,G3,Tumor bulk,190
7495 G3 7302 G3,7302,G3,Tumor bulk,191
7495 G3 7302 G3,7302,G3,Tumor bulk,192
7495 G3 7302 G3,7302,G3,Tumor bulk,193
7495 G3 7302 G3,7302,G3,Tumor bulk,194
7495 G3 7302 G3,7302,G3,Tumor bulk,195
7495 G3 7302 G3,7302,G3,Tumor bulk,196
7495 G3 7302 G3,7302,G3,Tumor bulk,197
7495 G3 7302 G3,7302,G3,Tumor bulk,198
7495 G3 7302 G3,7302,G3,Tumor bulk,199
7495 G3 7302 G3,7302,G3,Tumor bulk,200
7329 G3 7329 G5,7329,G5,Infiltrating edge,1
7329 G3 7329 G5,7329,G5,Infiltrating edge,2
7329 G3 7329 G5,7329,G5,Infiltrating edge,3
7329 G3 7329 G5,7329,G5,Infiltrating edge,4
7329 G3 7329 G5,7329,G5,Infiltrating edge,5
7329 G3 7329 G5,7329,G5,Infiltrating edge,6
7329 G3 7329 G5,7329,G5,Infiltrating edge,7
7329 G3 7329 G5,7329,G5,Infiltrating edge,8
7329 G3 7329 G5,7329,G5,Infiltrating edge,9
7329 G3 7329 G5,7329,G5,Infiltrating edge,10
7329 G3 7329 G5,7329,G5,Infiltrating edge,11
7329 G3 7329 G5,7329,G5,Infiltrating edge,12
7329 G3 7329 G5,7329,G5,Infiltrating edge,13
7329 G3 7329 G5,7329,G5,Infiltrating edge,14
7329 G3 7329 G5,7329,G5,Infiltrating edge,15
7329 G3 7329 G5,7329,G5,Infiltrating edge,16
7329 G3 7329 G5,7329,G5,Infiltrating edge,17
7329 G3 7329 G5,7329,G5,Infiltrating edge,18
7329 G3 7329 G5,7329,G5,Infiltrating edge,19
7329 G3 7329 G5,7329,G5,Infiltrating edge,20
7329 G3 7329 G5,7329,G5,Infiltrating edge,21
7329 G3 7329 G5,7329,G5,Infiltrating edge,22
7329 G3 7329 G5,7329,G5,Infiltrating edge,23
7329 G3 7329 G5,7329,G5,Infiltrating edge,24
7329 G3 7329 G5,7329,G5,Infiltrating edge,25
7329 G3 7329 G5,7329,G5,Infiltrating edge,26
7329 G3 7329 G5,7329,G5,Infiltrating edge,27
7329 G3 7329 G5,7329,G5,Infiltrating edge,28
7329 G3 7329 G5,7329,G5,Infiltrating edge,29
7329 G3 7329 G5,7329,G5,Infiltrating edge,30
7329 G3 7329 G5,7329,G5,Infiltrating edge,31
7329 G3 7329 G5,7329,G5,Infiltrating edge,32
7329 G3 7329 G5,7329,G5,Infiltrating edge,33
7329 G3 7329 G5,7329,G5,Infiltrating edge,34
7329 G3 7329 G5,7329,G5,Infiltrating edge,35
7329 G3 7329 G5,7329,G5,Infiltrating edge,36
7329 G3 7329 G5,7329,G5,Infiltrating edge,37
7329 G3 7329 G5,7329,G5,Infiltrating edge,38
7329 G3 7329 G5,7329,G5,Infiltrating edge,39
7329 G3 7329 G5,7329,G5,Infiltrating edge,40
7329 G3 7329 G5,7329,G5,Infiltrating edge,41
7329 G3 7329 G5,7329,G5,Infiltrating edge,42
7329 G3 7329 G5,7329,G5,Infiltrating edge,43
7329 G3 7329 G5,7329,G5,Infiltrating edge,44
7329 G3 7329 G5,7329,G5,Infiltrating edge,45
7329 G3 7329 G5,7329,G5,Infiltrating edge,46
7329 G3 7329 G5,7329,G5,Infiltrating edge,47
7329 G3 7329 G5,7329,G5,Infiltrating edge,48
7329 G3 7329 G5,7329,G5,Infiltrating edge,49
7329 G3 7329 G5,7329,G5,Infiltrating edge,50
7329 G3 7329 G5,7329,G5,Infiltrating edge,51
7329 G3 7329 G5,7329,G5,Infiltrating edge,52
7329 G3 7329 G5,7329,G5,Infiltrating edge,53
7329 G3 7329 G5,7329,G5,Infiltrating edge,54
7329 G3 7329 G5,7329,G5,Infiltrating edge,55
7329 G3 7329 G5,7329,G5,Infiltrating edge,56
7329 G3 7329 G5,7329,G5,Infiltrating edge,57
7329 G3 7329 G5,7329,G5,Infiltrating edge,58
7329 G3 7329 G5,7329,G5,Infiltrating edge,59
7329 G3 7329 G5,7329,G5,Infiltrating edge,60
7329 G3 7329 G5,7329,G5,Infiltrating edge,61
7329 G3 7329 G5,7329,G5,Infiltrating edge,62
7329 G3 7329 G5,7329,G5,Infiltrating edge,63
7329 G3 7329 G5,7329,G5,Infiltrating edge,64
7329 G3 7329 G5,7329,G5,Infiltrating edge,65
7329 G3 7329 G5,7329,G5,Infiltrating edge,66
7329 G3 7329 G5,7329,G5,Infiltrating edge,67
7329 G3 7329 G5,7329,G5,Infiltrating edge,68
7329 G3 7329 G5,7329,G5,Infiltrating edge,69
7329 G3 7329 G5,7329,G5,Infiltrating edge,70
7329 G3 7329 G5,7329,G5,Infiltrating edge,71
7329 G3 7329 G5,7329,G5,Infiltrating edge,72
7329 G3 7329 G5,7329,G5,Infiltrating edge,73
7329 G3 7329 G5,7329,G5,Infiltrating edge,74
7329 G3 7329 G5,7329,G5,Infiltrating edge,75
7329 G3 7329 G5,7329,G5,Infiltrating edge,76
7329 G3 7329 G5,7329,G5,Infiltrating edge,77
7329 G3 7329 G5,7329,G5,Infiltrating edge,78
7329 G3 7329 G5,7329,G5,Infiltrating edge,79
7329 G3 7329 G5,7329,G5,Infiltrating edge,80
7329 G3 7329 G5,7329,G5,Infiltrating edge,81
7329 G3 7329 G5,7329,G5,Infiltrating edge,82
7329 G3 7329 G5,7329,G5,Infiltrating edge,83
7329 G3 7329 G5,7329,G5,Infiltrating edge,84
7329 G3 7329 G5,7329,G5,Infiltrating edge,85
7329 G3 7329 G5,7329,G5,Infiltrating edge,86
7329 G3 7329 G5,7329,G5,Infiltrating edge,87
7329 G3 7329 G5,7329,G5,Infiltrating edge,88
7329 G3 7329 G5,7329,G5,Infiltrating edge,89
7329 G3 7329 G5,7329,G5,Infiltrating edge,90
7329 G3 7329 G5,7329,G5,Infiltrating edge,91
7329 G3 7329 G5,7329,G5,Infiltrating edge,92
7329 G3 7329 G5,7329,G5,Infiltrating edge,93
7329 G3 7329 G5,7329,G5,Infiltrating edge,94
7329 G3 7329 G5,7329,G5,Infiltrating edge,95
7329 G3 7329 G5,7329,G5,Infiltrating edge,96
7329 G3 7329 G5,7329,G5,Infiltrating edge,97
7329 G3 7329 G5,7329,G5,Infiltrating edge,98
7329 G3 7329 G5,7329,G5,Infiltrating edge,99
7329 G3 7329 G5,7329,G5,Infiltrating edge,100
7329 G3 7329 G5,7329,G3,Tumor bulk,101
7329 G3 7329 G5,7329,G3,Tumor bulk,102
7329 G3 7329 G5,7329,G3,Tumor bulk,103
7329 G3 7329 G5,7329,G3,Tumor bulk,104
7329 G3 7329 G5,7329,G3,Tumor bulk,105
7329 G3 7329 G5,7329,G3,Tumor bulk,106
7329 G3 7329 G5,7329,G3,Tumor bulk,107
7329 G3 7329 G5,7329,G3,Tumor bulk,108
7329 G3 7329 G5,7329,G3,Tumor bulk,109
7329 G3 7329 G5,7329,G3,Tumor bulk,110
7329 G3 7329 G5,7329,G3,Tumor bulk,111
7329 G3 7329 G5,7329,G3,Tumor bulk,112
7329 G3 7329 G5,7329,G3,Tumor bulk,113
7329 G3 7329 G5,7329,G3,Tumor bulk,114
7329 G3 7329 G5,7329,G3,Tumor bulk,115
7329 G3 7329 G5,7329,G3,Tumor bulk,116
7329 G3 7329 G5,7329,G3,Tumor bulk,117
7329 G3 7329 G5,7329,G3,Tumor bulk,118
7329 G3 7329 G5,7329,G3,Tumor bulk,119
7329 G3 7329 G5,7329,G3,Tumor bulk,120
7329 G3 7329 G5,7329,G3,Tumor bulk,121
7329 G3 7329 G5,7329,G3,Tumor bulk,122
7329 G3 7329 G5,7329,G3,Tumor bulk,123
7329 G3 7329 G5,7329,G3,Tumor bulk,124
7329 G3 7329 G5,7329,G3,Tumor bulk,125
7329 G3 7329 G5,7329,G3,Tumor bulk,126
7329 G3 7329 G5,7329,G3,Tumor bulk,127
7329 G3 7329 G5,7329,G3,Tumor bulk,128
7329 G3 7329 G5,7329,G3,Tumor bulk,129
7329 G3 7329 G5,7329,G3,Tumor bulk,130
7329 G3 7329 G5,7329,G3,Tumor bulk,131
7329 G3 7329 G5,7329,G3,Tumor bulk,132
7329 G3 7329 G5,7329,G3,Tumor bulk,133
7329 G3 7329 G5,7329,G3,Tumor bulk,134
7329 G3 7329 G5,7329,G3,Tumor bulk,135
7329 G3 7329 G5,7329,G3,Tumor bulk,136
7329 G3 7329 G5,7329,G3,Tumor bulk,137
7329 G3 7329 G5,7329,G3,Tumor bulk,138
7329 G3 7329 G5,7329,G3,Tumor bulk,139
7329 G3 7329 G5,7329,G3,Tumor bulk,140
7329 G3 7329 G5,7329,G3,Tumor bulk,141
7329 G3 7329 G5,7329,G3,Tumor bulk,142
7329 G3 7329 G5,7329,G3,Tumor bulk,143
7329 G3 7329 G5,7329,G3,Tumor bulk,144
7329 G3 7329 G5,7329,G3,Tumor bulk,145
7329 G3 7329 G5,7329,G3,Tumor bulk,146
7329 G3 7329 G5,7329,G3,Tumor bulk,147
7329 G3 7329 G5,7329,G3,Tumor bulk,148
7329 G3 7329 G5,7329,G3,Tumor bulk,149
7329 G3 7329 G5,7329,G3,Tumor bulk,150
7329 G3 7329 G5,7329,G3,Tumor bulk,151
7329 G3 7329 G5,7329,G3,Tumor bulk,152
7329 G3 7329 G5,7329,G3,Tumor bulk,153
7329 G3 7329 G5,7329,G3,Tumor bulk,154
7329 G3 7329 G5,7329,G3,Tumor bulk,155
7329 G3 7329 G5,7329,G3,Tumor bulk,156
7329 G3 7329 G5,7329,G3,Tumor bulk,157
7329 G3 7329 G5,7329,G3,Tumor bulk,158
7329 G3 7329 G5,7329,G3,Tumor bulk,159
7329 G3 7329 G5,7329,G3,Tumor bulk,160
7329 G3 7329 G5,7329,G3,Tumor bulk,161
7329 G3 7329 G5,7329,G3,Tumor bulk,162
7329 G3 7329 G5,7329,G3,Tumor bulk,163
7329 G3 7329 G5,7329,G3,Tumor bulk,164
7329 G3 7329 G5,7329,G3,Tumor bulk,165
7329 G3 7329 G5,7329,G3,Tumor bulk,166
7329 G3 7329 G5,7329,G3,Tumor bulk,167
7329 G3 7329 G5,7329,G3,Tumor bulk,168
7329 G3 7329 G5,7329,G3,Tumor bulk,169
7329 G3 7329 G5,7329,G3,Tumor bulk,170
7329 G3 7329 G5,7329,G3,Tumor bulk,171
7329 G3 7329 G5,7329,G3,Tumor bulk,172
7329 G3 7329 G5,7329,G3,Tumor bulk,173
7329 G3 7329 G5,7329,G3,Tumor bulk,174
7329 G3 7329 G5,7329,G3,Tumor bulk,175
7329 G3 7329 G5,7329,G3,Tumor bulk,176
7329 G3 7329 G5,7329,G3,Tumor bulk,177
7329 G3 7329 G5,7329,G3,Tumor bulk,178
7329 G3 7329 G5,7329,G3,Tumor bulk,179
7329 G3 7329 G5,7329,G3,Tumor bulk,180
7329 G3 7329 G5,7329,G3,Tumor bulk,181
7329 G3 7329 G5,7329,G3,Tumor bulk,182
7329 G3 7329 G5,7329,G3,Tumor bulk,183
7329 G3 7329 G5,7329,G3,Tumor bulk,184
7329 G3 7329 G5,7329,G3,Tumor bulk,185
7329 G3 7329 G5,7329,G3,Tumor bulk,186
7329 G3 7329 G5,7329,G3,Tumor bulk,187
7329 G3 7329 G5,7329,G3,Tumor bulk,188
7329 G3 7329 G5,7329,G3,Tumor bulk,189
7329 G3 7329 G5,7329,G3,Tumor bulk,190
7329 G3 7329 G5,7329,G3,Tumor bulk,191
7329 G3 7329 G5,7329,G3,Tumor bulk,192
7329 G3 7329 G5,7329,G3,Tumor bulk,193
7329 G3 7329 G5,7329,G3,Tumor bulk,194
7329 G3 7329 G5,7329,G3,Tumor bulk,195
7329 G3 7329 G5,7329,G3,Tumor bulk,196
7329 G3 7329 G5,7329,G3,Tumor bulk,197
7329 G3 7329 G5,7329,G3,Tumor bulk,198
7329 G3 7329 G5,7329,G3,Tumor bulk,199
7329 G3 7329 G5,7329,G3,Tumor bulk,200
7332 G2 7332 G3,7332,G3,Infiltrating edge,1
7332 G2 7332 G3,7332,G3,Infiltrating edge,2
7332 G2 7332 G3,7332,G3,Infiltrating edge,3
7332 G2 7332 G3,7332,G3,Infiltrating edge,4
7332 G2 7332 G3,7332,G3,Infiltrating edge,5
7332 G2 7332 G3,7332,G3,Infiltrating edge,6
7332 G2 7332 G3,7332,G3,Infiltrating edge,7
7332 G2 7332 G3,7332,G3,Infiltrating edge,8
7332 G2 7332 G3,7332,G3,Infiltrating edge,9
7332 G2 7332 G3,7332,G3,Infiltrating edge,10
7332 G2 7332 G3,7332,G3,Infiltrating edge,11
7332 G2 7332 G3,7332,G3,Infiltrating edge,12
7332 G2 7332 G3,7332,G3,Infiltrating edge,13
7332 G2 7332 G3,7332,G3,Infiltrating edge,14
7332 G2 7332 G3,7332,G3,Infiltrating edge,15
7332 G2 7332 G3,7332,G3,Infiltrating edge,16
7332 G2 7332 G3,7332,G3,Infiltrating edge,17
7332 G2 7332 G3,7332,G3,Infiltrating edge,18
7332 G2 7332 G3,7332,G3,Infiltrating edge,19
7332 G2 7332 G3,7332,G3,Infiltrating edge,20
7332 G2 7332 G3,7332,G3,Infiltrating edge,21
7332 G2 7332 G3,7332,G3,Infiltrating edge,22
7332 G2 7332 G3,7332,G3,Infiltrating edge,23
7332 G2 7332 G3,7332,G3,Infiltrating edge,24
7332 G2 7332 G3,7332,G3,Infiltrating edge,25
7332 G2 7332 G3,7332,G3,Infiltrating edge,26
7332 G2 7332 G3,7332,G3,Infiltrating edge,27
7332 G2 7332 G3,7332,G3,Infiltrating edge,28
7332 G2 7332 G3,7332,G3,Infiltrating edge,29
7332 G2 7332 G3,7332,G3,Infiltrating edge,30
7332 G2 7332 G3,7332,G3,Infiltrating edge,31
7332 G2 7332 G3,7332,G3,Infiltrating edge,32
7332 G2 7332 G3,7332,G3,Infiltrating edge,33
7332 G2 7332 G3,7332,G3,Infiltrating edge,34
7332 G2 7332 G3,7332,G3,Infiltrating edge,35
7332 G2 7332 G3,7332,G3,Infiltrating edge,36
7332 G2 7332 G3,7332,G3,Infiltrating edge,37
7332 G2 7332 G3,7332,G3,Infiltrating edge,38
7332 G2 7332 G3,7332,G3,Infiltrating edge,39
7332 G2 7332 G3,7332,G3,Infiltrating edge,40
7332 G2 7332 G3,7332,G3,Infiltrating edge,41
7332 G2 7332 G3,7332,G3,Infiltrating edge,42
7332 G2 7332 G3,7332,G3,Infiltrating edge,43
7332 G2 7332 G3,7332,G3,Infiltrating edge,44
7332 G2 7332 G3,7332,G3,Infiltrating edge,45
7332 G2 7332 G3,7332,G3,Infiltrating edge,46
7332 G2 7332 G3,7332,G3,Infiltrating edge,47
7332 G2 7332 G3,7332,G3,Infiltrating edge,48
7332 G2 7332 G3,7332,G3,Infiltrating edge,49
7332 G2 7332 G3,7332,G3,Infiltrating edge,50
7332 G2 7332 G3,7332,G3,Infiltrating edge,51
7332 G2 7332 G3,7332,G3,Infiltrating edge,52
7332 G2 7332 G3,7332,G3,Infiltrating edge,53
7332 G2 7332 G3,7332,G3,Infiltrating edge,54
7332 G2 7332 G3,7332,G3,Infiltrating edge,55
7332 G2 7332 G3,7332,G3,Infiltrating edge,56
7332 G2 7332 G3,7332,G3,Infiltrating edge,57
7332 G2 7332 G3,7332,G3,Infiltrating edge,58
7332 G2 7332 G3,7332,G3,Infiltrating edge,59
7332 G2 7332 G3,7332,G3,Infiltrating edge,60
7332 G2 7332 G3,7332,G3,Infiltrating edge,61
7332 G2 7332 G3,7332,G3,Infiltrating edge,62
7332 G2 7332 G3,7332,G3,Infiltrating edge,63
7332 G2 7332 G3,7332,G3,Infiltrating edge,64
7332 G2 7332 G3,7332,G3,Infiltrating edge,65
7332 G2 7332 G3,7332,G3,Infiltrating edge,66
7332 G2 7332 G3,7332,G3,Infiltrating edge,67
7332 G2 7332 G3,7332,G3,Infiltrating edge,68
7332 G2 7332 G3,7332,G3,Infiltrating edge,69
7332 G2 7332 G3,7332,G3,Infiltrating edge,70
7332 G2 7332 G3,7332,G3,Infiltrating edge,71
7332 G2 7332 G3,7332,G3,Infiltrating edge,72
7332 G2 7332 G3,7332,G3,Infiltrating edge,73
7332 G2 7332 G3,7332,G3,Infiltrating edge,74
7332 G2 7332 G3,7332,G3,Infiltrating edge,75
7332 G2 7332 G3,7332,G3,Infiltrating edge,76
7332 G2 7332 G3,7332,G3,Infiltrating edge,77
7332 G2 7332 G3,7332,G3,Infiltrating edge,78
7332 G2 7332 G3,7332,G3,Infiltrating edge,79
7332 G2 7332 G3,7332,G3,Infiltrating edge,80
7332 G2 7332 G3,7332,G3,Infiltrating edge,81
7332 G2 7332 G3,7332,G3,Infiltrating edge,82
7332 G2 7332 G3,7332,G3,Infiltrating edge,83
7332 G2 7332 G3,7332,G3,Infiltrating edge,84
7332 G2 7332 G3,7332,G3,Infiltrating edge,85
7332 G2 7332 G3,7332,G3,Infiltrating edge,86
7332 G2 7332 G3,7332,G3,Infiltrating edge,87
7332 G2 7332 G3,7332,G3,Infiltrating edge,88
7332 G2 7332 G3,7332,G3,Infiltrating edge,89
7332 G2 7332 G3,7332,G3,Infiltrating edge,90
7332 G2 7332 G3,7332,G3,Infiltrating edge,91
7332 G2 7332 G3,7332,G3,Infiltrating edge,92
7332 G2 7332 G3,7332,G3,Infiltrating edge,93
7332 G2 7332 G3,7332,G3,Infiltrating edge,94
7332 G2 7332 G3,7332,G3,Infiltrating edge,95
7332 G2 7332 G3,7332,G3,Infiltrating edge,96
7332 G2 7332 G3,7332,G3,Infiltrating edge,97
7332 G2 7332 G3,7332,G3,Infiltrating edge,98
7332 G2 7332 G3,7332,G3,Infiltrating edge,99
7332 G2 7332 G3,7332,G3,Infiltrating edge,100
7332 G2 7332 G3,7332,G2,Tumor bulk,101
7332 G2 7332 G3,7332,G2,Tumor bulk,102
7332 G2 7332 G3,7332,G2,Tumor bulk,103
7332 G2 7332 G3,7332,G2,Tumor bulk,104
7332 G2 7332 G3,7332,G2,Tumor bulk,105
7332 G2 7332 G3,7332,G2,Tumor bulk,106
7332 G2 7332 G3,7332,G2,Tumor bulk,107
7332 G2 7332 G3,7332,G2,Tumor bulk,108
7332 G2 7332 G3,7332,G2,Tumor bulk,109
7332 G2 7332 G3,7332,G2,Tumor bulk,110
7332 G2 7332 G3,7332,G2,Tumor bulk,111
7332 G2 7332 G3,7332,G2,Tumor bulk,112
7332 G2 7332 G3,7332,G2,Tumor bulk,113
7332 G2 7332 G3,7332,G2,Tumor bulk,114
7332 G2 7332 G3,7332,G2,Tumor bulk,115
7332 G2 7332 G3,7332,G2,Tumor bulk,116
7332 G2 7332 G3,7332,G2,Tumor bulk,117
7332 G2 7332 G3,7332,G2,Tumor bulk,118
7332 G2 7332 G3,7332,G2,Tumor bulk,119
7332 G2 7332 G3,7332,G2,Tumor bulk,120
7332 G2 7332 G3,7332,G2,Tumor bulk,121
7332 G2 7332 G3,7332,G2,Tumor bulk,122
7332 G2 7332 G3,7332,G2,Tumor bulk,123
7332 G2 7332 G3,7332,G2,Tumor bulk,124
7332 G2 7332 G3,7332,G2,Tumor bulk,125
7332 G2 7332 G3,7332,G2,Tumor bulk,126
7332 G2 7332 G3,7332,G2,Tumor bulk,127
7332 G2 7332 G3,7332,G2,Tumor bulk,128
7332 G2 7332 G3,7332,G2,Tumor bulk,129
7332 G2 7332 G3,7332,G2,Tumor bulk,130
7332 G2 7332 G3,7332,G2,Tumor bulk,131
7332 G2 7332 G3,7332,G2,Tumor bulk,132
7332 G2 7332 G3,7332,G2,Tumor bulk,133
7332 G2 7332 G3,7332,G2,Tumor bulk,134
7332 G2 7332 G3,7332,G2,Tumor bulk,135
7332 G2 7332 G3,7332,G2,Tumor bulk,136
7332 G2 7332 G3,7332,G2,Tumor bulk,137
7332 G2 7332 G3,7332,G2,Tumor bulk,138
7332 G2 7332 G3,7332,G2,Tumor bulk,139
7332 G2 7332 G3,7332,G2,Tumor bulk,140
7332 G2 7332 G3,7332,G2,Tumor bulk,141
7332 G2 7332 G3,7332,G2,Tumor bulk,142
7332 G2 7332 G3,7332,G2,Tumor bulk,143
7332 G2 7332 G3,7332,G2,Tumor bulk,144
7332 G2 7332 G3,7332,G2,Tumor bulk,145
7332 G2 7332 G3,7332,G2,Tumor bulk,146
7332 G2 7332 G3,7332,G2,Tumor bulk,147
7332 G2 7332 G3,7332,G2,Tumor bulk,148
7332 G2 7332 G3,7332,G2,Tumor bulk,149
7332 G2 7332 G3,7332,G2,Tumor bulk,150
7332 G2 7332 G3,7332,G2,Tumor bulk,151
7332 G2 7332 G3,7332,G2,Tumor bulk,152
7332 G2 7332 G3,7332,G2,Tumor bulk,153
7332 G2 7332 G3,7332,G2,Tumor bulk,154
7332 G2 7332 G3,7332,G2,Tumor bulk,155
7332 G2 7332 G3,7332,G2,Tumor bulk,156
7332 G2 7332 G3,7332,G2,Tumor bulk,157
7332 G2 7332 G3,7332,G2,Tumor bulk,158
7332 G2 7332 G3,7332,G2,Tumor bulk,159
7332 G2 7332 G3,7332,G2,Tumor bulk,160
7332 G2 7332 G3,7332,G2,Tumor bulk,161
7332 G2 7332 G3,7332,G2,Tumor bulk,162
7332 G2 7332 G3,7332,G2,Tumor bulk,163
7332 G2 7332 G3,7332,G2,Tumor bulk,164
7332 G2 7332 G3,7332,G2,Tumor bulk,165
7332 G2 7332 G3,7332,G2,Tumor bulk,166
7332 G2 7332 G3,7332,G2,Tumor bulk,167
7332 G2 7332 G3,7332,G2,Tumor bulk,168
7332 G2 7332 G3,7332,G2,Tumor bulk,169
7332 G2 7332 G3,7332,G2,Tumor bulk,170
7332 G2 7332 G3,7332,G2,Tumor bulk,171
7332 G2 7332 G3,7332,G2,Tumor bulk,172
7332 G2 7332 G3,7332,G2,Tumor bulk,173
7332 G2 7332 G3,7332,G2,Tumor bulk,174
7332 G2 7332 G3,7332,G2,Tumor bulk,175
7332 G2 7332 G3,7332,G2,Tumor bulk,176
7332 G2 7332 G3,7332,G2,Tumor bulk,177
7332 G2 7332 G3,7332,G2,Tumor bulk,178
7332 G2 7332 G3,7332,G2,Tumor bulk,179
7332 G2 7332 G3,7332,G2,Tumor bulk,180
7332 G2 7332 G3,7332,G2,Tumor bulk,181
7332 G2 7332 G3,7332,G2,Tumor bulk,182
7332 G2 7332 G3,7332,G2,Tumor bulk,183
7332 G2 7332 G3,7332,G2,Tumor bulk,184
7332 G2 7332 G3,7332,G2,Tumor bulk,185
7332 G2 7332 G3,7332,G2,Tumor bulk,186
7332 G2 7332 G3,7332,G2,Tumor bulk,187
7332 G2 7332 G3,7332,G2,Tumor bulk,188
7332 G2 7332 G3,7332,G2,Tumor bulk,189
7332 G2 7332 G3,7332,G2,Tumor bulk,190
7332 G2 7332 G3,7332,G2,Tumor bulk,191
7332 G2 7332 G3,7332,G2,Tumor bulk,192
7332 G2 7332 G3,7332,G2,Tumor bulk,193
7332 G2 7332 G3,7332,G2,Tumor bulk,194
7332 G2 7332 G3,7332,G2,Tumor bulk,195
7332 G2 7332 G3,7332,G2,Tumor bulk,196
7332 G2 7332 G3,7332,G2,Tumor bulk,197
7332 G2 7332 G3,7332,G2,Tumor bulk,198
7332 G2 7332 G3,7332,G2,Tumor bulk,199
7332 G2 7332 G3,7332,G2,Tumor bulk,200
7333 G6 7333 A7,7333,A7,Contralateral uninvolved,1
7333 G6 7333 A7,7333,A7,Contralateral uninvolved,2
7333 G6 7333 A7,7333,A7,Contralateral uninvolved,3
7333 G6 7333 A7,7333,A7,Contralateral uninvolved,4
7333 G6 7333 A7,7333,A7,Contralateral uninvolved,5
7333 G6 7333 A7,7333,A7,Contralateral uninvolved,6
7333 G6 7333 A7,7333,A7,Contralateral uninvolved,7
7333 G6 7333 A7,7333,A7,Contralateral uninvolved,8
7333 G6 7333 A7,7333,A7,Contralateral uninvolved,9
7333 G6 7333 A7,7333,A7,Contralateral uninvolved,10
7333 G6 7333 A7,7333,A7,Contralateral uninvolved,11
7333 G6 7333 A7,7333,A7,Contralateral uninvolved,12
7333 G6 7333 A7,7333,A7,Contralateral uninvolved,13
7333 G6 7333 A7,7333,A7,Contralateral uninvolved,14
7333 G6 7333 A7,7333,A7,Contralateral uninvolved,15
7333 G6 7333 A7,7333,A7,Contralateral uninvolved,16
7333 G6 7333 A7,7333,A7,Contralateral uninvolved,17
7333 G6 7333 A7,7333,A7,Contralateral uninvolved,18
7333 G6 7333 A7,7333,A7,Contralateral uninvolved,19
7333 G6 7333 A7,7333,A7,Contralateral uninvolved,20
7333 G6 7333 A7,7333,A7,Contralateral uninvolved,21
7333 G6 7333 A7,7333,A7,Contralateral uninvolved,22
7333 G6 7333 A7,7333,A7,Contralateral uninvolved,23
7333 G6 7333 A7,7333,A7,Contralateral uninvolved,24
7333 G6 7333 A7,7333,A7,Contralateral uninvolved,25
7333 G6 7333 A7,7333,A7,Contralateral uninvolved,26
7333 G6 7333 A7,7333,A7,Contralateral uninvolved,27
7333 G6 7333 A7,7333,A7,Contralateral uninvolved,28
7333 G6 7333 A7,7333,A7,Contralateral uninvolved,29
7333 G6 7333 A7,7333,A7,Contralateral uninvolved,30
7333 G6 7333 A7,7333,A7,Contralateral uninvolved,31
7333 G6 7333 A7,7333,A7,Contralateral uninvolved,32
7333 G6 7333 A7,7333,A7,Contralateral uninvolved,33
7333 G6 7333 A7,7333,A7,Contralateral uninvolved,34
7333 G6 7333 A7,7333,A7,Contralateral uninvolved,35
7333 G6 7333 A7,7333,A7,Contralateral uninvolved,36
7333 G6 7333 A7,7333,A7,Contralateral uninvolved,37
7333 G6 7333 A7,7333,A7,Contralateral uninvolved,38
7333 G6 7333 A7,7333,A7,Contralateral uninvolved,39
7333 G6 7333 A7,7333,A7,Contralateral uninvolved,40
7333 G6 7333 A7,7333,A7,Contralateral uninvolved,41
7333 G6 7333 A7,7333,A7,Contralateral uninvolved,42
7333 G6 7333 A7,7333,A7,Contralateral uninvolved,43
7333 G6 7333 A7,7333,A7,Contralateral uninvolved,44
7333 G6 7333 A7,7333,A7,Contralateral uninvolved,45
7333 G6 7333 A7,7333,A7,Contralateral uninvolved,46
7333 G6 7333 A7,7333,A7,Contralateral uninvolved,47
7333 G6 7333 A7,7333,A7,Contralateral uninvolved,48
7333 G6 7333 A7,7333,A7,Contralateral uninvolved,49
7333 G6 7333 A7,7333,A7,Contralateral uninvolved,50
7333 G6 7333 A7,7333,A7,Contralateral uninvolved,51
7333 G6 7333 A7,7333,A7,Contralateral uninvolved,52
7333 G6 7333 A7,7333,A7,Contralateral uninvolved,53
7333 G6 7333 A7,7333,A7,Contralateral uninvolved,54
7333 G6 7333 A7,7333,A7,Contralateral uninvolved,55
7333 G6 7333 A7,7333,A7,Contralateral uninvolved,56
7333 G6 7333 A7,7333,A7,Contralateral uninvolved,57
7333 G6 7333 A7,7333,A7,Contralateral uninvolved,58
7333 G6 7333 A7,7333,A7,Contralateral uninvolved,59
7333 G6 7333 A7,7333,A7,Contralateral uninvolved,60
7333 G6 7333 A7,7333,A7,Contralateral uninvolved,61
7333 G6 7333 A7,7333,A7,Contralateral uninvolved,62
7333 G6 7333 A7,7333,A7,Contralateral uninvolved,63
7333 G6 7333 A7,7333,A7,Contralateral uninvolved,64
7333 G6 7333 A7,7333,A7,Contralateral uninvolved,65
7333 G6 7333 A7,7333,A7,Contralateral uninvolved,66
7333 G6 7333 A7,7333,A7,Contralateral uninvolved,67
7333 G6 7333 A7,7333,A7,Contralateral uninvolved,68
7333 G6 7333 A7,7333,A7,Contralateral uninvolved,69
7333 G6 7333 A7,7333,A7,Contralateral uninvolved,70
7333 G6 7333 A7,7333,A7,Contralateral uninvolved,71
7333 G6 7333 A7,7333,A7,Contralateral uninvolved,72
7333 G6 7333 A7,7333,A7,Contralateral uninvolved,73
7333 G6 7333 A7,7333,A7,Contralateral uninvolved,74
7333 G6 7333 A7,7333,A7,Contralateral uninvolved,75
7333 G6 7333 A7,7333,A7,Contralateral uninvolved,76
7333 G6 7333 A7,7333,A7,Contralateral uninvolved,77
7333 G6 7333 A7,7333,A7,Contralateral uninvolved,78
7333 G6 7333 A7,7333,A7,Contralateral uninvolved,79
7333 G6 7333 A7,7333,A7,Contralateral uninvolved,80
7333 G6 7333 A7,7333,A7,Contralateral uninvolved,81
7333 G6 7333 A7,7333,A7,Contralateral uninvolved,82
7333 G6 7333 A7,7333,A7,Contralateral uninvolved,83
7333 G6 7333 A7,7333,A7,Contralateral uninvolved,84
7333 G6 7333 A7,7333,A7,Contralateral uninvolved,85
7333 G6 7333 A7,7333,A7,Contralateral uninvolved,86
7333 G6 7333 A7,7333,A7,Contralateral uninvolved,87
7333 G6 7333 A7,7333,A7,Contralateral uninvolved,88
7333 G6 7333 A7,7333,A7,Contralateral uninvolved,89
7333 G6 7333 A7,7333,A7,Contralateral uninvolved,90
7333 G6 7333 A7,7333,A7,Contralateral uninvolved,91
7333 G6 7333 A7,7333,A7,Contralateral uninvolved,92
7333 G6 7333 A7,7333,A7,Contralateral uninvolved,93
7333 G6 7333 A7,7333,A7,Contralateral uninvolved,94
7333 G6 7333 A7,7333,A7,Contralateral uninvolved,95
7333 G6 7333 A7,7333,A7,Contralateral uninvolved,96
7333 G6 7333 A7,7333,A7,Contralateral uninvolved,97
7333 G6 7333 A7,7333,A7,Contralateral uninvolved,98
7333 G6 7333 A7,7333,A7,Contralateral uninvolved,99
7333 G6 7333 A7,7333,A7,Contralateral uninvolved,100
7333 G6 7333 A7,7333,G6,Infiltrating edge,101
7333 G6 7333 A7,7333,G6,Infiltrating edge,102
7333 G6 7333 A7,7333,G6,Infiltrating edge,103
7333 G6 7333 A7,7333,G6,Infiltrating edge,104
7333 G6 7333 A7,7333,G6,Infiltrating edge,105
7333 G6 7333 A7,7333,G6,Infiltrating edge,106
7333 G6 7333 A7,7333,G6,Infiltrating edge,107
7333 G6 7333 A7,7333,G6,Infiltrating edge,108
7333 G6 7333 A7,7333,G6,Infiltrating edge,109
7333 G6 7333 A7,7333,G6,Infiltrating edge,110
7333 G6 7333 A7,7333,G6,Infiltrating edge,111
7333 G6 7333 A7,7333,G6,Infiltrating edge,112
7333 G6 7333 A7,7333,G6,Infiltrating edge,113
7333 G6 7333 A7,7333,G6,Infiltrating edge,114
7333 G6 7333 A7,7333,G6,Infiltrating edge,115
7333 G6 7333 A7,7333,G6,Infiltrating edge,116
7333 G6 7333 A7,7333,G6,Infiltrating edge,117
7333 G6 7333 A7,7333,G6,Infiltrating edge,118
7333 G6 7333 A7,7333,G6,Infiltrating edge,119
7333 G6 7333 A7,7333,G6,Infiltrating edge,120
7333 G6 7333 A7,7333,G6,Infiltrating edge,121
7333 G6 7333 A7,7333,G6,Infiltrating edge,122
7333 G6 7333 A7,7333,G6,Infiltrating edge,123
7333 G6 7333 A7,7333,G6,Infiltrating edge,124
7333 G6 7333 A7,7333,G6,Infiltrating edge,125
7333 G6 7333 A7,7333,G6,Infiltrating edge,126
7333 G6 7333 A7,7333,G6,Infiltrating edge,127
7333 G6 7333 A7,7333,G6,Infiltrating edge,128
7333 G6 7333 A7,7333,G6,Infiltrating edge,129
7333 G6 7333 A7,7333,G6,Infiltrating edge,130
7333 G6 7333 A7,7333,G6,Infiltrating edge,131
7333 G6 7333 A7,7333,G6,Infiltrating edge,132
7333 G6 7333 A7,7333,G6,Infiltrating edge,133
7333 G6 7333 A7,7333,G6,Infiltrating edge,134
7333 G6 7333 A7,7333,G6,Infiltrating edge,135
7333 G6 7333 A7,7333,G6,Infiltrating edge,136
7333 G6 7333 A7,7333,G6,Infiltrating edge,137
7333 G6 7333 A7,7333,G6,Infiltrating edge,138
7333 G6 7333 A7,7333,G6,Infiltrating edge,139
7333 G6 7333 A7,7333,G6,Infiltrating edge,140
7333 G6 7333 A7,7333,G6,Infiltrating edge,141
7333 G6 7333 A7,7333,G6,Infiltrating edge,142
7333 G6 7333 A7,7333,G6,Infiltrating edge,143
7333 G6 7333 A7,7333,G6,Infiltrating edge,144
7333 G6 7333 A7,7333,G6,Infiltrating edge,145
7333 G6 7333 A7,7333,G6,Infiltrating edge,146
7333 G6 7333 A7,7333,G6,Infiltrating edge,147
7333 G6 7333 A7,7333,G6,Infiltrating edge,148
7333 G6 7333 A7,7333,G6,Infiltrating edge,149
7333 G6 7333 A7,7333,G6,Infiltrating edge,150
7333 G6 7333 A7,7333,G6,Infiltrating edge,151
7333 G6 7333 A7,7333,G6,Infiltrating edge,152
7333 G6 7333 A7,7333,G6,Infiltrating edge,153
7333 G6 7333 A7,7333,G6,Infiltrating edge,154
7333 G6 7333 A7,7333,G6,Infiltrating edge,155
7333 G6 7333 A7,7333,G6,Infiltrating edge,156
7333 G6 7333 A7,7333,G6,Infiltrating edge,157
7333 G6 7333 A7,7333,G6,Infiltrating edge,158
7333 G6 7333 A7,7333,G6,Infiltrating edge,159
7333 G6 7333 A7,7333,G6,Infiltrating edge,160
7333 G6 7333 A7,7333,G6,Infiltrating edge,161
7333 G6 7333 A7,7333,G6,Infiltrating edge,162
7333 G6 7333 A7,7333,G6,Infiltrating edge,163
7333 G6 7333 A7,7333,G6,Infiltrating edge,164
7333 G6 7333 A7,7333,G6,Infiltrating edge,165
7333 G6 7333 A7,7333,G6,Infiltrating edge,166
7333 G6 7333 A7,7333,G6,Infiltrating edge,167
7333 G6 7333 A7,7333,G6,Infiltrating edge,168
7333 G6 7333 A7,7333,G6,Infiltrating edge,169
7333 G6 7333 A7,7333,G6,Infiltrating edge,170
7333 G6 7333 A7,7333,G6,Infiltrating edge,171
7333 G6 7333 A7,7333,G6,Infiltrating edge,172
7333 G6 7333 A7,7333,G6,Infiltrating edge,173
7333 G6 7333 A7,7333,G6,Infiltrating edge,174
7333 G6 7333 A7,7333,G6,Infiltrating edge,175
7333 G6 7333 A7,7333,G6,Infiltrating edge,176
7333 G6 7333 A7,7333,G6,Infiltrating edge,177
7333 G6 7333 A7,7333,G6,Infiltrating edge,178
7333 G6 7333 A7,7333,G6,Infiltrating edge,179
7333 G6 7333 A7,7333,G6,Infiltrating edge,180
7333 G6 7333 A7,7333,G6,Infiltrating edge,181
7333 G6 7333 A7,7333,G6,Infiltrating edge,182
7333 G6 7333 A7,7333,G6,Infiltrating edge,183
7333 G6 7333 A7,7333,G6,Infiltrating edge,184
7333 G6 7333 A7,7333,G6,Infiltrating edge,185
7333 G6 7333 A7,7333,G6,Infiltrating edge,186
7333 G6 7333 A7,7333,G6,Infiltrating edge,187
7333 G6 7333 A7,7333,G6,Infiltrating edge,188
7333 G6 7333 A7,7333,G6,Infiltrating edge,189
7333 G6 7333 A7,7333,G6,Infiltrating edge,190
7333 G6 7333 A7,7333,G6,Infiltrating edge,191
7333 G6 7333 A7,7333,G6,Infiltrating edge,192
7333 G6 7333 A7,7333,G6,Infiltrating edge,193
7333 G6 7333 A7,7333,G6,Infiltrating edge,194
7333 G6 7333 A7,7333,G6,Infiltrating edge,195
7333 G6 7333 A7,7333,G6,Infiltrating edge,196
7333 G6 7333 A7,7333,G6,Infiltrating edge,197
7333 G6 7333 A7,7333,G6,Infiltrating edge,198
7333 G6 7333 A7,7333,G6,Infiltrating edge,199
7333 G6 7333 A7,7333,G6,Infiltrating edge,200
7560 A23 7423 A19,7560,A23,Tumor bulk,1
7560 A23 7423 A19,7560,A23,Tumor bulk,2
7560 A23 7423 A19,7560,A23,Tumor bulk,3
7560 A23 7423 A19,7560,A23,Tumor bulk,4
7560 A23 7423 A19,7560,A23,Tumor bulk,5
7560 A23 7423 A19,7560,A23,Tumor bulk,6
7560 A23 7423 A19,7560,A23,Tumor bulk,7
7560 A23 7423 A19,7560,A23,Tumor bulk,8
7560 A23 7423 A19,7560,A23,Tumor bulk,9
7560 A23 7423 A19,7560,A23,Tumor bulk,10
7560 A23 7423 A19,7560,A23,Tumor bulk,11
7560 A23 7423 A19,7560,A23,Tumor bulk,12
7560 A23 7423 A19,7560,A23,Tumor bulk,13
7560 A23 7423 A19,7560,A23,Tumor bulk,14
7560 A23 7423 A19,7560,A23,Tumor bulk,15
7560 A23 7423 A19,7560,A23,Tumor bulk,16
7560 A23 7423 A19,7560,A23,Tumor bulk,17
7560 A23 7423 A19,7560,A23,Tumor bulk,18
7560 A23 7423 A19,7560,A23,Tumor bulk,19
7560 A23 7423 A19,7560,A23,Tumor bulk,20
7560 A23 7423 A19,7560,A23,Tumor bulk,21
7560 A23 7423 A19,7560,A23,Tumor bulk,22
7560 A23 7423 A19,7560,A23,Tumor bulk,23
7560 A23 7423 A19,7560,A23,Tumor bulk,24
7560 A23 7423 A19,7560,A23,Tumor bulk,25
7560 A23 7423 A19,7560,A23,Tumor bulk,26
7560 A23 7423 A19,7560,A23,Tumor bulk,27
7560 A23 7423 A19,7560,A23,Tumor bulk,28
7560 A23 7423 A19,7560,A23,Tumor bulk,29
7560 A23 7423 A19,7560,A23,Tumor bulk,30
7560 A23 7423 A19,7560,A23,Tumor bulk,31
7560 A23 7423 A19,7560,A23,Tumor bulk,32
7560 A23 7423 A19,7560,A23,Tumor bulk,33
7560 A23 7423 A19,7560,A23,Tumor bulk,34
7560 A23 7423 A19,7560,A23,Tumor bulk,35
7560 A23 7423 A19,7560,A23,Tumor bulk,36
7560 A23 7423 A19,7560,A23,Tumor bulk,37
7560 A23 7423 A19,7560,A23,Tumor bulk,38
7560 A23 7423 A19,7560,A23,Tumor bulk,39
7560 A23 7423 A19,7560,A23,Tumor bulk,40
7560 A23 7423 A19,7560,A23,Tumor bulk,41
7560 A23 7423 A19,7560,A23,Tumor bulk,42
7560 A23 7423 A19,7560,A23,Tumor bulk,43
7560 A23 7423 A19,7560,A23,Tumor bulk,44
7560 A23 7423 A19,7560,A23,Tumor bulk,45
7560 A23 7423 A19,7560,A23,Tumor bulk,46
7560 A23 7423 A19,7560,A23,Tumor bulk,47
7560 A23 7423 A19,7560,A23,Tumor bulk,48
7560 A23 7423 A19,7560,A23,Tumor bulk,49
7560 A23 7423 A19,7560,A23,Tumor bulk,50
7560 A23 7423 A19,7560,A23,Tumor bulk,51
7560 A23 7423 A19,7560,A23,Tumor bulk,52
7560 A23 7423 A19,7560,A23,Tumor bulk,53
7560 A23 7423 A19,7560,A23,Tumor bulk,54
7560 A23 7423 A19,7560,A23,Tumor bulk,55
7560 A23 7423 A19,7560,A23,Tumor bulk,56
7560 A23 7423 A19,7560,A23,Tumor bulk,57
7560 A23 7423 A19,7560,A23,Tumor bulk,58
7560 A23 7423 A19,7560,A23,Tumor bulk,59
7560 A23 7423 A19,7560,A23,Tumor bulk,60
7560 A23 7423 A19,7560,A23,Tumor bulk,61
7560 A23 7423 A19,7560,A23,Tumor bulk,62
7560 A23 7423 A19,7560,A23,Tumor bulk,63
7560 A23 7423 A19,7560,A23,Tumor bulk,64
7560 A23 7423 A19,7560,A23,Tumor bulk,65
7560 A23 7423 A19,7560,A23,Tumor bulk,66
7560 A23 7423 A19,7560,A23,Tumor bulk,67
7560 A23 7423 A19,7560,A23,Tumor bulk,68
7560 A23 7423 A19,7560,A23,Tumor bulk,69
7560 A23 7423 A19,7560,A23,Tumor bulk,70
7560 A23 7423 A19,7560,A23,Tumor bulk,71
7560 A23 7423 A19,7560,A23,Tumor bulk,72
7560 A23 7423 A19,7560,A23,Tumor bulk,73
7560 A23 7423 A19,7560,A23,Tumor bulk,74
7560 A23 7423 A19,7560,A23,Tumor bulk,75
7560 A23 7423 A19,7560,A23,Tumor bulk,76
7560 A23 7423 A19,7560,A23,Tumor bulk,77
7560 A23 7423 A19,7560,A23,Tumor bulk,78
7560 A23 7423 A19,7560,A23,Tumor bulk,79
7560 A23 7423 A19,7560,A23,Tumor bulk,80
7560 A23 7423 A19,7560,A23,Tumor bulk,81
7560 A23 7423 A19,7560,A23,Tumor bulk,82
7560 A23 7423 A19,7560,A23,Tumor bulk,83
7560 A23 7423 A19,7560,A23,Tumor bulk,84
7560 A23 7423 A19,7560,A23,Tumor bulk,85
7560 A23 7423 A19,7560,A23,Tumor bulk,86
7560 A23 7423 A19,7560,A23,Tumor bulk,87
7560 A23 7423 A19,7560,A23,Tumor bulk,88
7560 A23 7423 A19,7560,A23,Tumor bulk,89
7560 A23 7423 A19,7560,A23,Tumor bulk,90
7560 A23 7423 A19,7560,A23,Tumor bulk,91
7560 A23 7423 A19,7560,A23,Tumor bulk,92
7560 A23 7423 A19,7560,A23,Tumor bulk,93
7560 A23 7423 A19,7560,A23,Tumor bulk,94
7560 A23 7423 A19,7560,A23,Tumor bulk,95
7560 A23 7423 A19,7560,A23,Tumor bulk,96
7560 A23 7423 A19,7560,A23,Tumor bulk,97
7560 A23 7423 A19,7560,A23,Tumor bulk,98
7560 A23 7423 A19,7560,A23,Tumor bulk,99
7560 A23 7423 A19,7560,A23,Tumor bulk,100
7560 A23 7423 A19,7423,A19,Tumor bulk,101
7560 A23 7423 A19,7423,A19,Tumor bulk,102
7560 A23 7423 A19,7423,A19,Tumor bulk,103
7560 A23 7423 A19,7423,A19,Tumor bulk,104
7560 A23 7423 A19,7423,A19,Tumor bulk,105
7560 A23 7423 A19,7423,A19,Tumor bulk,106
7560 A23 7423 A19,7423,A19,Tumor bulk,107
7560 A23 7423 A19,7423,A19,Tumor bulk,108
7560 A23 7423 A19,7423,A19,Tumor bulk,109
7560 A23 7423 A19,7423,A19,Tumor bulk,110
7560 A23 7423 A19,7423,A19,Tumor bulk,111
7560 A23 7423 A19,7423,A19,Tumor bulk,112
7560 A23 7423 A19,7423,A19,Tumor bulk,113
7560 A23 7423 A19,7423,A19,Tumor bulk,114
7560 A23 7423 A19,7423,A19,Tumor bulk,115
7560 A23 7423 A19,7423,A19,Tumor bulk,116
7560 A23 7423 A19,7423,A19,Tumor bulk,117
7560 A23 7423 A19,7423,A19,Tumor bulk,118
7560 A23 7423 A19,7423,A19,Tumor bulk,119
7560 A23 7423 A19,7423,A19,Tumor bulk,120
7560 A23 7423 A19,7423,A19,Tumor bulk,121
7560 A23 7423 A19,7423,A19,Tumor bulk,122
7560 A23 7423 A19,7423,A19,Tumor bulk,123
7560 A23 7423 A19,7423,A19,Tumor bulk,124
7560 A23 7423 A19,7423,A19,Tumor bulk,125
7560 A23 7423 A19,7423,A19,Tumor bulk,126
7560 A23 7423 A19,7423,A19,Tumor bulk,127
7560 A23 7423 A19,7423,A19,Tumor bulk,128
7560 A23 7423 A19,7423,A19,Tumor bulk,129
7560 A23 7423 A19,7423,A19,Tumor bulk,130
7560 A23 7423 A19,7423,A19,Tumor bulk,131
7560 A23 7423 A19,7423,A19,Tumor bulk,132
7560 A23 7423 A19,7423,A19,Tumor bulk,133
7560 A23 7423 A19,7423,A19,Tumor bulk,134
7560 A23 7423 A19,7423,A19,Tumor bulk,135
7560 A23 7423 A19,7423,A19,Tumor bulk,136
7560 A23 7423 A19,7423,A19,Tumor bulk,137
7560 A23 7423 A19,7423,A19,Tumor bulk,138
7560 A23 7423 A19,7423,A19,Tumor bulk,139
7560 A23 7423 A19,7423,A19,Tumor bulk,140
7560 A23 7423 A19,7423,A19,Tumor bulk,141
7560 A23 7423 A19,7423,A19,Tumor bulk,142
7560 A23 7423 A19,7423,A19,Tumor bulk,143
7560 A23 7423 A19,7423,A19,Tumor bulk,144
7560 A23 7423 A19,7423,A19,Tumor bulk,145
7560 A23 7423 A19,7423,A19,Tumor bulk,146
7560 A23 7423 A19,7423,A19,Tumor bulk,147
7560 A23 7423 A19,7423,A19,Tumor bulk,148
7560 A23 7423 A19,7423,A19,Tumor bulk,149
7560 A23 7423 A19,7423,A19,Tumor bulk,150
7560 A23 7423 A19,7423,A19,Tumor bulk,151
7560 A23 7423 A19,7423,A19,Tumor bulk,152
7560 A23 7423 A19,7423,A19,Tumor bulk,153
7560 A23 7423 A19,7423,A19,Tumor bulk,154
7560 A23 7423 A19,7423,A19,Tumor bulk,155
7560 A23 7423 A19,7423,A19,Tumor bulk,156
7560 A23 7423 A19,7423,A19,Tumor bulk,157
7560 A23 7423 A19,7423,A19,Tumor bulk,158
7560 A23 7423 A19,7423,A19,Tumor bulk,159
7560 A23 7423 A19,7423,A19,Tumor bulk,160
7560 A23 7423 A19,7423,A19,Tumor bulk,161
7560 A23 7423 A19,7423,A19,Tumor bulk,162
7560 A23 7423 A19,7423,A19,Tumor bulk,163
7560 A23 7423 A19,7423,A19,Tumor bulk,164
7560 A23 7423 A19,7423,A19,Tumor bulk,165
7560 A23 7423 A19,7423,A19,Tumor bulk,166
7560 A23 7423 A19,7423,A19,Tumor bulk,167
7560 A23 7423 A19,7423,A19,Tumor bulk,168
7560 A23 7423 A19,7423,A19,Tumor bulk,169
7560 A23 7423 A19,7423,A19,Tumor bulk,170
7560 A23 7423 A19,7423,A19,Tumor bulk,171
7560 A23 7423 A19,7423,A19,Tumor bulk,172
7560 A23 7423 A19,7423,A19,Tumor bulk,173
7560 A23 7423 A19,7423,A19,Tumor bulk,174
7560 A23 7423 A19,7423,A19,Tumor bulk,175
7560 A23 7423 A19,7423,A19,Tumor bulk,176
7560 A23 7423 A19,7423,A19,Tumor bulk,177
7560 A23 7423 A19,7423,A19,Tumor bulk,178
7560 A23 7423 A19,7423,A19,Tumor bulk,179
7560 A23 7423 A19,7423,A19,Tumor bulk,180
7560 A23 7423 A19,7423,A19,Tumor bulk,181
7560 A23 7423 A19,7423,A19,Tumor bulk,182
7560 A23 7423 A19,7423,A19,Tumor bulk,183
7560 A23 7423 A19,7423,A19,Tumor bulk,184
7560 A23 7423 A19,7423,A19,Tumor bulk,185
7560 A23 7423 A19,7423,A19,Tumor bulk,186
7560 A23 7423 A19,7423,A19,Tumor bulk,187
7560 A23 7423 A19,7560,A23,Tumor bulk,188
7560 A23 7423 A19,7560,A23,Tumor bulk,189
7560 A23 7423 A19,7560,A23,Tumor bulk,190
7560 A23 7423 A19,7560,A23,Tumor bulk,191
7560 A23 7423 A19,7560,A23,Tumor bulk,192
7560 A23 7423 A19,7560,A23,Tumor bulk,193
7560 A23 7423 A19,7560,A23,Tumor bulk,194
7560 A23 7423 A19,7560,A23,Tumor bulk,195
7560 A23 7423 A19,7560,A23,Tumor bulk,196
7560 A23 7423 A19,7560,A23,Tumor bulk,197
7560 A23 7423 A19,7560,A23,Tumor bulk,198
7560 A23 7423 A19,7560,A23,Tumor bulk,199
7560 A23 7423 A19,7560,A23,Tumor bulk,200
7439 A1 7439 G4,7439,G4,Infiltrating edge,1
7439 A1 7439 G4,7439,G4,Infiltrating edge,2
7439 A1 7439 G4,7439,G4,Infiltrating edge,3
7439 A1 7439 G4,7439,G4,Infiltrating edge,4
7439 A1 7439 G4,7439,G4,Infiltrating edge,5
7439 A1 7439 G4,7439,G4,Infiltrating edge,6
7439 A1 7439 G4,7439,G4,Infiltrating edge,7
7439 A1 7439 G4,7439,G4,Infiltrating edge,8
7439 A1 7439 G4,7439,G4,Infiltrating edge,9
7439 A1 7439 G4,7439,G4,Infiltrating edge,10
7439 A1 7439 G4,7439,G4,Infiltrating edge,11
7439 A1 7439 G4,7439,G4,Infiltrating edge,12
7439 A1 7439 G4,7439,G4,Infiltrating edge,13
7439 A1 7439 G4,7439,G4,Infiltrating edge,14
7439 A1 7439 G4,7439,G4,Infiltrating edge,15
7439 A1 7439 G4,7439,G4,Infiltrating edge,16
7439 A1 7439 G4,7439,G4,Infiltrating edge,17
7439 A1 7439 G4,7439,G4,Infiltrating edge,18
7439 A1 7439 G4,7439,G4,Infiltrating edge,19
7439 A1 7439 G4,7439,G4,Infiltrating edge,20
7439 A1 7439 G4,7439,G4,Infiltrating edge,21
7439 A1 7439 G4,7439,G4,Infiltrating edge,22
7439 A1 7439 G4,7439,G4,Infiltrating edge,23
7439 A1 7439 G4,7439,G4,Infiltrating edge,24
7439 A1 7439 G4,7439,G4,Infiltrating edge,25
7439 A1 7439 G4,7439,G4,Infiltrating edge,26
7439 A1 7439 G4,7439,G4,Infiltrating edge,27
7439 A1 7439 G4,7439,G4,Infiltrating edge,28
7439 A1 7439 G4,7439,G4,Infiltrating edge,29
7439 A1 7439 G4,7439,G4,Infiltrating edge,30
7439 A1 7439 G4,7439,G4,Infiltrating edge,31
7439 A1 7439 G4,7439,G4,Infiltrating edge,32
7439 A1 7439 G4,7439,G4,Infiltrating edge,33
7439 A1 7439 G4,7439,G4,Infiltrating edge,34
7439 A1 7439 G4,7439,G4,Infiltrating edge,35
7439 A1 7439 G4,7439,G4,Infiltrating edge,36
7439 A1 7439 G4,7439,G4,Infiltrating edge,37
7439 A1 7439 G4,7439,G4,Infiltrating edge,38
7439 A1 7439 G4,7439,G4,Infiltrating edge,39
7439 A1 7439 G4,7439,G4,Infiltrating edge,40
7439 A1 7439 G4,7439,G4,Infiltrating edge,41
7439 A1 7439 G4,7439,G4,Infiltrating edge,42
7439 A1 7439 G4,7439,G4,Infiltrating edge,43
7439 A1 7439 G4,7439,G4,Infiltrating edge,44
7439 A1 7439 G4,7439,G4,Infiltrating edge,45
7439 A1 7439 G4,7439,G4,Infiltrating edge,46
7439 A1 7439 G4,7439,G4,Infiltrating edge,47
7439 A1 7439 G4,7439,G4,Infiltrating edge,48
7439 A1 7439 G4,7439,G4,Infiltrating edge,49
7439 A1 7439 G4,7439,G4,Infiltrating edge,50
7439 A1 7439 G4,7439,G4,Infiltrating edge,51
7439 A1 7439 G4,7439,G4,Infiltrating edge,52
7439 A1 7439 G4,7439,G4,Infiltrating edge,53
7439 A1 7439 G4,7439,G4,Infiltrating edge,54
7439 A1 7439 G4,7439,G4,Infiltrating edge,55
7439 A1 7439 G4,7439,G4,Infiltrating edge,56
7439 A1 7439 G4,7439,G4,Infiltrating edge,57
7439 A1 7439 G4,7439,G4,Infiltrating edge,58
7439 A1 7439 G4,7439,G4,Infiltrating edge,59
7439 A1 7439 G4,7439,G4,Infiltrating edge,60
7439 A1 7439 G4,7439,G4,Infiltrating edge,61
7439 A1 7439 G4,7439,G4,Infiltrating edge,62
7439 A1 7439 G4,7439,G4,Infiltrating edge,63
7439 A1 7439 G4,7439,G4,Infiltrating edge,64
7439 A1 7439 G4,7439,G4,Infiltrating edge,65
7439 A1 7439 G4,7439,G4,Infiltrating edge,66
7439 A1 7439 G4,7439,G4,Infiltrating edge,67
7439 A1 7439 G4,7439,G4,Infiltrating edge,68
7439 A1 7439 G4,7439,G4,Infiltrating edge,69
7439 A1 7439 G4,7439,G4,Infiltrating edge,70
7439 A1 7439 G4,7439,G4,Infiltrating edge,71
7439 A1 7439 G4,7439,G4,Infiltrating edge,72
7439 A1 7439 G4,7439,G4,Infiltrating edge,73
7439 A1 7439 G4,7439,G4,Infiltrating edge,74
7439 A1 7439 G4,7439,G4,Infiltrating edge,75
7439 A1 7439 G4,7439,G4,Infiltrating edge,76
7439 A1 7439 G4,7439,G4,Infiltrating edge,77
7439 A1 7439 G4,7439,G4,Infiltrating edge,78
7439 A1 7439 G4,7439,G4,Infiltrating edge,79
7439 A1 7439 G4,7439,G4,Infiltrating edge,80
7439 A1 7439 G4,7439,G4,Infiltrating edge,81
7439 A1 7439 G4,7439,G4,Infiltrating edge,82
7439 A1 7439 G4,7439,G4,Infiltrating edge,83
7439 A1 7439 G4,7439,G4,Infiltrating edge,84
7439 A1 7439 G4,7439,G4,Infiltrating edge,85
7439 A1 7439 G4,7439,G4,Infiltrating edge,86
7439 A1 7439 G4,7439,G4,Infiltrating edge,87
7439 A1 7439 G4,7439,G4,Infiltrating edge,88
7439 A1 7439 G4,7439,G4,Infiltrating edge,89
7439 A1 7439 G4,7439,G4,Infiltrating edge,90
7439 A1 7439 G4,7439,G4,Infiltrating edge,91
7439 A1 7439 G4,7439,G4,Infiltrating edge,92
7439 A1 7439 G4,7439,G4,Infiltrating edge,93
7439 A1 7439 G4,7439,G4,Infiltrating edge,94
7439 A1 7439 G4,7439,G4,Infiltrating edge,95
7439 A1 7439 G4,7439,G4,Infiltrating edge,96
7439 A1 7439 G4,7439,G4,Infiltrating edge,97
7439 A1 7439 G4,7439,G4,Infiltrating edge,98
7439 A1 7439 G4,7439,G4,Infiltrating edge,99
7439 A1 7439 G4,7439,G4,Infiltrating edge,100
7439 A1 7439 G4,7439,G1,Tumor bulk,101
7439 A1 7439 G4,7439,G1,Tumor bulk,102
7439 A1 7439 G4,7439,G1,Tumor bulk,103
7439 A1 7439 G4,7439,G1,Tumor bulk,104
7439 A1 7439 G4,7439,G1,Tumor bulk,105
7439 A1 7439 G4,7439,G1,Tumor bulk,106
7439 A1 7439 G4,7439,G1,Tumor bulk,107
7439 A1 7439 G4,7439,G1,Tumor bulk,108
7439 A1 7439 G4,7439,G1,Tumor bulk,109
7439 A1 7439 G4,7439,G1,Tumor bulk,110
7439 A1 7439 G4,7439,G1,Tumor bulk,111
7439 A1 7439 G4,7439,G1,Tumor bulk,112
7439 A1 7439 G4,7439,G1,Tumor bulk,113
7439 A1 7439 G4,7439,G1,Tumor bulk,114
7439 A1 7439 G4,7439,G1,Tumor bulk,115
7439 A1 7439 G4,7439,G1,Tumor bulk,116
7439 A1 7439 G4,7439,G1,Tumor bulk,117
7439 A1 7439 G4,7439,G1,Tumor bulk,118
7439 A1 7439 G4,7439,G1,Tumor bulk,119
7439 A1 7439 G4,7439,G1,Tumor bulk,120
7439 A1 7439 G4,7439,G1,Tumor bulk,121
7439 A1 7439 G4,7439,G1,Tumor bulk,122
7439 A1 7439 G4,7439,G1,Tumor bulk,123
7439 A1 7439 G4,7439,G1,Tumor bulk,124
7439 A1 7439 G4,7439,G1,Tumor bulk,125
7439 A1 7439 G4,7439,G1,Tumor bulk,126
7439 A1 7439 G4,7439,G1,Tumor bulk,127
7439 A1 7439 G4,7439,G1,Tumor bulk,128
7439 A1 7439 G4,7439,G1,Tumor bulk,129
7439 A1 7439 G4,7439,G1,Tumor bulk,130
7439 A1 7439 G4,7439,G1,Tumor bulk,131
7439 A1 7439 G4,7439,G1,Tumor bulk,132
7439 A1 7439 G4,7439,G1,Tumor bulk,133
7439 A1 7439 G4,7439,G1,Tumor bulk,134
7439 A1 7439 G4,7439,G1,Tumor bulk,135
7439 A1 7439 G4,7439,G1,Tumor bulk,136
7439 A1 7439 G4,7439,G1,Tumor bulk,137
7439 A1 7439 G4,7439,G1,Tumor bulk,138
7439 A1 7439 G4,7439,G1,Tumor bulk,139
7439 A1 7439 G4,7439,G1,Tumor bulk,140
7439 A1 7439 G4,7439,G1,Tumor bulk,141
7439 A1 7439 G4,7439,G1,Tumor bulk,142
7439 A1 7439 G4,7439,G1,Tumor bulk,143
7439 A1 7439 G4,7439,G1,Tumor bulk,144
7439 A1 7439 G4,7439,G1,Tumor bulk,145
7439 A1 7439 G4,7439,G1,Tumor bulk,146
7439 A1 7439 G4,7439,G1,Tumor bulk,147
7439 A1 7439 G4,7439,G1,Tumor bulk,148
7439 A1 7439 G4,7439,G1,Tumor bulk,149
7439 A1 7439 G4,7439,G1,Tumor bulk,150
7439 A1 7439 G4,7439,G1,Tumor bulk,151
7439 A1 7439 G4,7439,G1,Tumor bulk,152
7439 A1 7439 G4,7439,G1,Tumor bulk,153
7439 A1 7439 G4,7439,G1,Tumor bulk,154
7439 A1 7439 G4,7439,G1,Tumor bulk,155
7439 A1 7439 G4,7439,G1,Tumor bulk,156
7439 A1 7439 G4,7439,G1,Tumor bulk,157
7439 A1 7439 G4,7439,G1,Tumor bulk,158
7439 A1 7439 G4,7439,G1,Tumor bulk,159
7439 A1 7439 G4,7439,G1,Tumor bulk,160
7439 A1 7439 G4,7439,G1,Tumor bulk,161
7439 A1 7439 G4,7439,G1,Tumor bulk,162
7439 A1 7439 G4,7439,G1,Tumor bulk,163
7439 A1 7439 G4,7439,G1,Tumor bulk,164
7439 A1 7439 G4,7439,G1,Tumor bulk,165
7439 A1 7439 G4,7439,G1,Tumor bulk,166
7439 A1 7439 G4,7439,G1,Tumor bulk,167
7439 A1 7439 G4,7439,G1,Tumor bulk,168
7439 A1 7439 G4,7439,G1,Tumor bulk,169
7439 A1 7439 G4,7439,G1,Tumor bulk,170
7439 A1 7439 G4,7439,G1,Tumor bulk,171
7439 A1 7439 G4,7439,G1,Tumor bulk,172
7439 A1 7439 G4,7439,G1,Tumor bulk,173
7439 A1 7439 G4,7439,G1,Tumor bulk,174
7439 A1 7439 G4,7439,G1,Tumor bulk,175
7439 A1 7439 G4,7439,G1,Tumor bulk,176
7439 A1 7439 G4,7439,G1,Tumor bulk,177
7439 A1 7439 G4,7439,G1,Tumor bulk,178
7439 A1 7439 G4,7439,G1,Tumor bulk,179
7439 A1 7439 G4,7439,G1,Tumor bulk,180
7439 A1 7439 G4,7439,G1,Tumor bulk,181
7439 A1 7439 G4,7439,G1,Tumor bulk,182
7439 A1 7439 G4,7439,G1,Tumor bulk,183
7439 A1 7439 G4,7439,G1,Tumor bulk,184
7439 A1 7439 G4,7439,G1,Tumor bulk,185
7439 A1 7439 G4,7439,G1,Tumor bulk,186
7439 A1 7439 G4,7439,G1,Tumor bulk,187
7439 A1 7439 G4,7439,G1,Tumor bulk,188
7439 A1 7439 G4,7439,G1,Tumor bulk,189
7439 A1 7439 G4,7439,G1,Tumor bulk,190
7439 A1 7439 G4,7439,G1,Tumor bulk,191
7439 A1 7439 G4,7439,G1,Tumor bulk,192
7439 A1 7439 G4,7439,G1,Tumor bulk,193
7439 A1 7439 G4,7439,G1,Tumor bulk,194
7439 A1 7439 G4,7439,G1,Tumor bulk,195
7439 A1 7439 G4,7439,G1,Tumor bulk,196
7439 A1 7439 G4,7439,G1,Tumor bulk,197
7439 A1 7439 G4,7439,G1,Tumor bulk,198
7439 A1 7439 G4,7439,G1,Tumor bulk,199
7439 A1 7439 G4,7439,G1,Tumor bulk,200
7560 A6 7465 A6,7465,A6,Contralateral uninvolved,1
7560 A6 7465 A6,7465,A6,Contralateral uninvolved,2
7560 A6 7465 A6,7465,A6,Contralateral uninvolved,3
7560 A6 7465 A6,7465,A6,Contralateral uninvolved,4
7560 A6 7465 A6,7465,A6,Contralateral uninvolved,5
7560 A6 7465 A6,7465,A6,Contralateral uninvolved,6
7560 A6 7465 A6,7465,A6,Contralateral uninvolved,7
7560 A6 7465 A6,7465,A6,Contralateral uninvolved,8
7560 A6 7465 A6,7465,A6,Contralateral uninvolved,9
7560 A6 7465 A6,7465,A6,Contralateral uninvolved,10
7560 A6 7465 A6,7465,A6,Contralateral uninvolved,11
7560 A6 7465 A6,7465,A6,Contralateral uninvolved,12
7560 A6 7465 A6,7465,A6,Contralateral uninvolved,13
7560 A6 7465 A6,7465,A6,Contralateral uninvolved,14
7560 A6 7465 A6,7465,A6,Contralateral uninvolved,15
7560 A6 7465 A6,7465,A6,Contralateral uninvolved,16
7560 A6 7465 A6,7465,A6,Contralateral uninvolved,17
7560 A6 7465 A6,7465,A6,Contralateral uninvolved,18
7560 A6 7465 A6,7465,A6,Contralateral uninvolved,19
7560 A6 7465 A6,7465,A6,Contralateral uninvolved,20
7560 A6 7465 A6,7465,A6,Contralateral uninvolved,21
7560 A6 7465 A6,7465,A6,Contralateral uninvolved,22
7560 A6 7465 A6,7465,A6,Contralateral uninvolved,23
7560 A6 7465 A6,7465,A6,Contralateral uninvolved,24
7560 A6 7465 A6,7465,A6,Contralateral uninvolved,25
7560 A6 7465 A6,7465,A6,Contralateral uninvolved,26
7560 A6 7465 A6,7465,A6,Contralateral uninvolved,27
7560 A6 7465 A6,7465,A6,Contralateral uninvolved,28
7560 A6 7465 A6,7465,A6,Contralateral uninvolved,29
7560 A6 7465 A6,7465,A6,Contralateral uninvolved,30
7560 A6 7465 A6,7465,A6,Contralateral uninvolved,31
7560 A6 7465 A6,7465,A6,Contralateral uninvolved,32
7560 A6 7465 A6,7465,A6,Contralateral uninvolved,33
7560 A6 7465 A6,7465,A6,Contralateral uninvolved,34
7560 A6 7465 A6,7465,A6,Contralateral uninvolved,35
7560 A6 7465 A6,7465,A6,Contralateral uninvolved,36
7560 A6 7465 A6,7465,A6,Contralateral uninvolved,37
7560 A6 7465 A6,7465,A6,Contralateral uninvolved,38
7560 A6 7465 A6,7465,A6,Contralateral uninvolved,39
7560 A6 7465 A6,7465,A6,Contralateral uninvolved,40
7560 A6 7465 A6,7465,A6,Contralateral uninvolved,41
7560 A6 7465 A6,7465,A6,Contralateral uninvolved,42
7560 A6 7465 A6,7465,A6,Contralateral uninvolved,43
7560 A6 7465 A6,7465,A6,Contralateral uninvolved,44
7560 A6 7465 A6,7465,A6,Contralateral uninvolved,45
7560 A6 7465 A6,7465,A6,Contralateral uninvolved,46
7560 A6 7465 A6,7465,A6,Contralateral uninvolved,47
7560 A6 7465 A6,7465,A6,Contralateral uninvolved,48
7560 A6 7465 A6,7465,A6,Contralateral uninvolved,49
7560 A6 7465 A6,7465,A6,Contralateral uninvolved,50
7560 A6 7465 A6,7465,A6,Contralateral uninvolved,51
7560 A6 7465 A6,7465,A6,Contralateral uninvolved,52
7560 A6 7465 A6,7465,A6,Contralateral uninvolved,53
7560 A6 7465 A6,7465,A6,Contralateral uninvolved,54
7560 A6 7465 A6,7465,A6,Contralateral uninvolved,55
7560 A6 7465 A6,7465,A6,Contralateral uninvolved,56
7560 A6 7465 A6,7465,A6,Contralateral uninvolved,57
7560 A6 7465 A6,7465,A6,Contralateral uninvolved,58
7560 A6 7465 A6,7465,A6,Contralateral uninvolved,59
7560 A6 7465 A6,7465,A6,Contralateral uninvolved,60
7560 A6 7465 A6,7465,A6,Contralateral uninvolved,61
7560 A6 7465 A6,7465,A6,Contralateral uninvolved,62
7560 A6 7465 A6,7465,A6,Contralateral uninvolved,63
7560 A6 7465 A6,7465,A6,Contralateral uninvolved,64
7560 A6 7465 A6,7465,A6,Contralateral uninvolved,65
7560 A6 7465 A6,7465,A6,Contralateral uninvolved,66
7560 A6 7465 A6,7465,A6,Contralateral uninvolved,67
7560 A6 7465 A6,7465,A6,Contralateral uninvolved,68
7560 A6 7465 A6,7465,A6,Contralateral uninvolved,69
7560 A6 7465 A6,7465,A6,Contralateral uninvolved,70
7560 A6 7465 A6,7465,A6,Contralateral uninvolved,71
7560 A6 7465 A6,7465,A6,Contralateral uninvolved,72
7560 A6 7465 A6,7465,A6,Contralateral uninvolved,73
7560 A6 7465 A6,7465,A6,Contralateral uninvolved,74
7560 A6 7465 A6,7465,A6,Contralateral uninvolved,75
7560 A6 7465 A6,7465,A6,Contralateral uninvolved,76
7560 A6 7465 A6,7465,A6,Contralateral uninvolved,77
7560 A6 7465 A6,7465,A6,Contralateral uninvolved,78
7560 A6 7465 A6,7465,A6,Contralateral uninvolved,79
7560 A6 7465 A6,7465,A6,Contralateral uninvolved,80
7560 A6 7465 A6,7465,A6,Contralateral uninvolved,81
7560 A6 7465 A6,7465,A6,Contralateral uninvolved,82
7560 A6 7465 A6,7465,A6,Contralateral uninvolved,83
7560 A6 7465 A6,7465,A6,Contralateral uninvolved,84
7560 A6 7465 A6,7465,A6,Contralateral uninvolved,85
7560 A6 7465 A6,7465,A6,Contralateral uninvolved,86
7560 A6 7465 A6,7465,A6,Contralateral uninvolved,87
7560 A6 7465 A6,7465,A6,Contralateral uninvolved,88
7560 A6 7465 A6,7465,A6,Contralateral uninvolved,89
7560 A6 7465 A6,7465,A6,Contralateral uninvolved,90
7560 A6 7465 A6,7465,A6,Contralateral uninvolved,91
7560 A6 7465 A6,7465,A6,Contralateral uninvolved,92
7560 A6 7465 A6,7465,A6,Contralateral uninvolved,93
7560 A6 7465 A6,7465,A6,Contralateral uninvolved,94
7560 A6 7465 A6,7465,A6,Contralateral uninvolved,95
7560 A6 7465 A6,7465,A6,Contralateral uninvolved,96
7560 A6 7465 A6,7465,A6,Contralateral uninvolved,97
7560 A6 7465 A6,7465,A6,Contralateral uninvolved,98
7560 A6 7465 A6,7465,A6,Contralateral uninvolved,99
7560 A6 7465 A6,7560,A6,Contralateral uninvolved,100
7560 A6 7465 A6,7560,A6,Contralateral uninvolved,101
7560 A6 7465 A6,7560,A6,Contralateral uninvolved,102
7560 A6 7465 A6,7560,A6,Contralateral uninvolved,103
7560 A6 7465 A6,7560,A6,Contralateral uninvolved,104
7560 A6 7465 A6,7560,A6,Contralateral uninvolved,105
7560 A6 7465 A6,7560,A6,Contralateral uninvolved,106
7560 A6 7465 A6,7560,A6,Contralateral uninvolved,107
7560 A6 7465 A6,7560,A6,Contralateral uninvolved,108
7560 A6 7465 A6,7560,A6,Contralateral uninvolved,109
7560 A6 7465 A6,7560,A6,Contralateral uninvolved,110
7560 A6 7465 A6,7560,A6,Contralateral uninvolved,111
7560 A6 7465 A6,7560,A6,Contralateral uninvolved,112
7560 A6 7465 A6,7560,A6,Contralateral uninvolved,113
7560 A6 7465 A6,7560,A6,Contralateral uninvolved,114
7560 A6 7465 A6,7560,A6,Contralateral uninvolved,115
7560 A6 7465 A6,7560,A6,Contralateral uninvolved,116
7560 A6 7465 A6,7560,A6,Contralateral uninvolved,117
7560 A6 7465 A6,7560,A6,Contralateral uninvolved,118
7560 A6 7465 A6,7560,A6,Contralateral uninvolved,119
7560 A6 7465 A6,7560,A6,Contralateral uninvolved,120
7560 A6 7465 A6,7560,A6,Contralateral uninvolved,121
7560 A6 7465 A6,7560,A6,Contralateral uninvolved,122
7560 A6 7465 A6,7560,A6,Contralateral uninvolved,123
7560 A6 7465 A6,7560,A6,Contralateral uninvolved,124
7560 A6 7465 A6,7560,A6,Contralateral uninvolved,125
7560 A6 7465 A6,7560,A6,Contralateral uninvolved,126
7560 A6 7465 A6,7560,A6,Contralateral uninvolved,127
7560 A6 7465 A6,7560,A6,Contralateral uninvolved,128
7560 A6 7465 A6,7560,A6,Contralateral uninvolved,129
7560 A6 7465 A6,7560,A6,Contralateral uninvolved,130
7560 A6 7465 A6,7560,A6,Contralateral uninvolved,131
7560 A6 7465 A6,7560,A6,Contralateral uninvolved,132
7560 A6 7465 A6,7560,A6,Contralateral uninvolved,133
7560 A6 7465 A6,7560,A6,Contralateral uninvolved,134
7560 A6 7465 A6,7560,A6,Contralateral uninvolved,135
7560 A6 7465 A6,7560,A6,Contralateral uninvolved,136
7560 A6 7465 A6,7560,A6,Contralateral uninvolved,137
7560 A6 7465 A6,7560,A6,Contralateral uninvolved,138
7560 A6 7465 A6,7560,A6,Contralateral uninvolved,139
7560 A6 7465 A6,7560,A6,Contralateral uninvolved,140
7560 A6 7465 A6,7560,A6,Contralateral uninvolved,141
7560 A6 7465 A6,7560,A6,Contralateral uninvolved,142
7560 A6 7465 A6,7560,A6,Contralateral uninvolved,143
7560 A6 7465 A6,7560,A6,Contralateral uninvolved,144
7560 A6 7465 A6,7560,A6,Contralateral uninvolved,145
7560 A6 7465 A6,7560,A6,Contralateral uninvolved,146
7560 A6 7465 A6,7560,A6,Contralateral uninvolved,147
7560 A6 7465 A6,7560,A6,Contralateral uninvolved,148
7560 A6 7465 A6,7560,A6,Contralateral uninvolved,149
7560 A6 7465 A6,7560,A6,Contralateral uninvolved,150
7560 A6 7465 A6,7560,A6,Contralateral uninvolved,151
7560 A6 7465 A6,7560,A6,Contralateral uninvolved,152
7560 A6 7465 A6,7560,A6,Contralateral uninvolved,153
7560 A6 7465 A6,7560,A6,Contralateral uninvolved,154
7560 A6 7465 A6,7560,A6,Contralateral uninvolved,155
7560 A6 7465 A6,7560,A6,Contralateral uninvolved,156
7560 A6 7465 A6,7560,A6,Contralateral uninvolved,157
7560 A6 7465 A6,7560,A6,Contralateral uninvolved,158
7560 A6 7465 A6,7560,A6,Contralateral uninvolved,159
7560 A6 7465 A6,7560,A6,Contralateral uninvolved,160
7560 A6 7465 A6,7560,A6,Contralateral uninvolved,161
7560 A6 7465 A6,7560,A6,Contralateral uninvolved,162
7560 A6 7465 A6,7560,A6,Contralateral uninvolved,163
7560 A6 7465 A6,7560,A6,Contralateral uninvolved,164
7560 A6 7465 A6,7560,A6,Contralateral uninvolved,165
7560 A6 7465 A6,7560,A6,Contralateral uninvolved,166
7560 A6 7465 A6,7560,A6,Contralateral uninvolved,167
7560 A6 7465 A6,7560,A6,Contralateral uninvolved,168
7560 A6 7465 A6,7560,A6,Contralateral uninvolved,169
7560 A6 7465 A6,7560,A6,Contralateral uninvolved,170
7560 A6 7465 A6,7560,A6,Contralateral uninvolved,171
7560 A6 7465 A6,7560,A6,Contralateral uninvolved,172
7560 A6 7465 A6,7560,A6,Contralateral uninvolved,173
7560 A6 7465 A6,7560,A6,Contralateral uninvolved,174
7560 A6 7465 A6,7560,A6,Contralateral uninvolved,175
7560 A6 7465 A6,7560,A6,Contralateral uninvolved,176
7560 A6 7465 A6,7560,A6,Contralateral uninvolved,177
7560 A6 7465 A6,7560,A6,Contralateral uninvolved,178
7560 A6 7465 A6,7560,A6,Contralateral uninvolved,179
7560 A6 7465 A6,7560,A6,Contralateral uninvolved,180
7560 A6 7465 A6,7560,A6,Contralateral uninvolved,181
7560 A6 7465 A6,7560,A6,Contralateral uninvolved,182
7560 A6 7465 A6,7560,A6,Contralateral uninvolved,183
7560 A6 7465 A6,7560,A6,Contralateral uninvolved,184
7560 A6 7465 A6,7560,A6,Contralateral uninvolved,185
7560 A6 7465 A6,7560,A6,Contralateral uninvolved,186
7560 A6 7465 A6,7560,A6,Contralateral uninvolved,187
7560 A6 7465 A6,7560,A6,Contralateral uninvolved,188
7560 A6 7465 A6,7560,A6,Contralateral uninvolved,189
7560 A6 7465 A6,7560,A6,Contralateral uninvolved,190
7560 A6 7465 A6,7560,A6,Contralateral uninvolved,191
7560 A6 7465 A6,7560,A6,Contralateral uninvolved,192
7560 A6 7465 A6,7560,A6,Contralateral uninvolved,193
7560 A6 7465 A6,7560,A6,Contralateral uninvolved,194
7560 A6 7465 A6,7560,A6,Contralateral uninvolved,195
7560 A6 7465 A6,7560,A6,Contralateral uninvolved,196
7560 A6 7465 A6,7560,A6,Contralateral uninvolved,197
7560 A6 7465 A6,7560,A6,Contralateral uninvolved,198
7560 A6 7465 A6,7560,A6,Contralateral uninvolved,199
7560 A6 7465 A6,7465,A6,Contralateral uninvolved,200
7465 G4 7465 G6,7465,G6,Infiltrating edge,1
7465 G4 7465 G6,7465,G6,Infiltrating edge,2
7465 G4 7465 G6,7465,G6,Infiltrating edge,3
7465 G4 7465 G6,7465,G6,Infiltrating edge,4
7465 G4 7465 G6,7465,G6,Infiltrating edge,5
7465 G4 7465 G6,7465,G6,Infiltrating edge,6
7465 G4 7465 G6,7465,G6,Infiltrating edge,7
7465 G4 7465 G6,7465,G6,Infiltrating edge,8
7465 G4 7465 G6,7465,G6,Infiltrating edge,9
7465 G4 7465 G6,7465,G6,Infiltrating edge,10
7465 G4 7465 G6,7465,G6,Infiltrating edge,11
7465 G4 7465 G6,7465,G6,Infiltrating edge,12
7465 G4 7465 G6,7465,G6,Infiltrating edge,13
7465 G4 7465 G6,7465,G6,Infiltrating edge,14
7465 G4 7465 G6,7465,G6,Infiltrating edge,15
7465 G4 7465 G6,7465,G6,Infiltrating edge,16
7465 G4 7465 G6,7465,G6,Infiltrating edge,17
7465 G4 7465 G6,7465,G6,Infiltrating edge,18
7465 G4 7465 G6,7465,G6,Infiltrating edge,19
7465 G4 7465 G6,7465,G6,Infiltrating edge,20
7465 G4 7465 G6,7465,G6,Infiltrating edge,21
7465 G4 7465 G6,7465,G6,Infiltrating edge,22
7465 G4 7465 G6,7465,G6,Infiltrating edge,23
7465 G4 7465 G6,7465,G6,Infiltrating edge,24
7465 G4 7465 G6,7465,G6,Infiltrating edge,25
7465 G4 7465 G6,7465,G6,Infiltrating edge,26
7465 G4 7465 G6,7465,G6,Infiltrating edge,27
7465 G4 7465 G6,7465,G6,Infiltrating edge,28
7465 G4 7465 G6,7465,G6,Infiltrating edge,29
7465 G4 7465 G6,7465,G6,Infiltrating edge,30
7465 G4 7465 G6,7465,G6,Infiltrating edge,31
7465 G4 7465 G6,7465,G6,Infiltrating edge,32
7465 G4 7465 G6,7465,G6,Infiltrating edge,33
7465 G4 7465 G6,7465,G6,Infiltrating edge,34
7465 G4 7465 G6,7465,G6,Infiltrating edge,35
7465 G4 7465 G6,7465,G6,Infiltrating edge,36
7465 G4 7465 G6,7465,G6,Infiltrating edge,37
7465 G4 7465 G6,7465,G6,Infiltrating edge,38
7465 G4 7465 G6,7465,G6,Infiltrating edge,39
7465 G4 7465 G6,7465,G6,Infiltrating edge,40
7465 G4 7465 G6,7465,G6,Infiltrating edge,41
7465 G4 7465 G6,7465,G6,Infiltrating edge,42
7465 G4 7465 G6,7465,G6,Infiltrating edge,43
7465 G4 7465 G6,7465,G6,Infiltrating edge,44
7465 G4 7465 G6,7465,G6,Infiltrating edge,45
7465 G4 7465 G6,7465,G6,Infiltrating edge,46
7465 G4 7465 G6,7465,G6,Infiltrating edge,47
7465 G4 7465 G6,7465,G6,Infiltrating edge,48
7465 G4 7465 G6,7465,G6,Infiltrating edge,49
7465 G4 7465 G6,7465,G6,Infiltrating edge,50
7465 G4 7465 G6,7465,G6,Infiltrating edge,51
7465 G4 7465 G6,7465,G6,Infiltrating edge,52
7465 G4 7465 G6,7465,G6,Infiltrating edge,53
7465 G4 7465 G6,7465,G6,Infiltrating edge,54
7465 G4 7465 G6,7465,G6,Infiltrating edge,55
7465 G4 7465 G6,7465,G6,Infiltrating edge,56
7465 G4 7465 G6,7465,G6,Infiltrating edge,57
7465 G4 7465 G6,7465,G6,Infiltrating edge,58
7465 G4 7465 G6,7465,G6,Infiltrating edge,59
7465 G4 7465 G6,7465,G6,Infiltrating edge,60
7465 G4 7465 G6,7465,G6,Infiltrating edge,61
7465 G4 7465 G6,7465,G6,Infiltrating edge,62
7465 G4 7465 G6,7465,G6,Infiltrating edge,63
7465 G4 7465 G6,7465,G6,Infiltrating edge,64
7465 G4 7465 G6,7465,G6,Infiltrating edge,65
7465 G4 7465 G6,7465,G6,Infiltrating edge,66
7465 G4 7465 G6,7465,G6,Infiltrating edge,67
7465 G4 7465 G6,7465,G6,Infiltrating edge,68
7465 G4 7465 G6,7465,G6,Infiltrating edge,69
7465 G4 7465 G6,7465,G6,Infiltrating edge,70
7465 G4 7465 G6,7465,G6,Infiltrating edge,71
7465 G4 7465 G6,7465,G6,Infiltrating edge,72
7465 G4 7465 G6,7465,G6,Infiltrating edge,73
7465 G4 7465 G6,7465,G6,Infiltrating edge,74
7465 G4 7465 G6,7465,G6,Infiltrating edge,75
7465 G4 7465 G6,7465,G6,Infiltrating edge,76
7465 G4 7465 G6,7465,G6,Infiltrating edge,77
7465 G4 7465 G6,7465,G6,Infiltrating edge,78
7465 G4 7465 G6,7465,G6,Infiltrating edge,79
7465 G4 7465 G6,7465,G6,Infiltrating edge,80
7465 G4 7465 G6,7465,G6,Infiltrating edge,81
7465 G4 7465 G6,7465,G6,Infiltrating edge,82
7465 G4 7465 G6,7465,G6,Infiltrating edge,83
7465 G4 7465 G6,7465,G6,Infiltrating edge,84
7465 G4 7465 G6,7465,G6,Infiltrating edge,85
7465 G4 7465 G6,7465,G6,Infiltrating edge,86
7465 G4 7465 G6,7465,G6,Infiltrating edge,87
7465 G4 7465 G6,7465,G6,Infiltrating edge,88
7465 G4 7465 G6,7465,G6,Infiltrating edge,89
7465 G4 7465 G6,7465,G6,Infiltrating edge,90
7465 G4 7465 G6,7465,G6,Infiltrating edge,91
7465 G4 7465 G6,7465,G6,Infiltrating edge,92
7465 G4 7465 G6,7465,G6,Infiltrating edge,93
7465 G4 7465 G6,7465,G6,Infiltrating edge,94
7465 G4 7465 G6,7465,G6,Infiltrating edge,95
7465 G4 7465 G6,7465,G6,Infiltrating edge,96
7465 G4 7465 G6,7465,G6,Infiltrating edge,97
7465 G4 7465 G6,7465,G6,Infiltrating edge,98
7465 G4 7465 G6,7465,G6,Infiltrating edge,99
7465 G4 7465 G6,7465,G6,Infiltrating edge,100
7465 G4 7465 G6,7465,G4,Tumor bulk,101
7465 G4 7465 G6,7465,G4,Tumor bulk,102
7465 G4 7465 G6,7465,G4,Tumor bulk,103
7465 G4 7465 G6,7465,G4,Tumor bulk,104
7465 G4 7465 G6,7465,G4,Tumor bulk,105
7465 G4 7465 G6,7465,G4,Tumor bulk,106
7465 G4 7465 G6,7465,G4,Tumor bulk,107
7465 G4 7465 G6,7465,G4,Tumor bulk,108
7465 G4 7465 G6,7465,G4,Tumor bulk,109
7465 G4 7465 G6,7465,G4,Tumor bulk,110
7465 G4 7465 G6,7465,G4,Tumor bulk,111
7465 G4 7465 G6,7465,G4,Tumor bulk,112
7465 G4 7465 G6,7465,G4,Tumor bulk,113
7465 G4 7465 G6,7465,G4,Tumor bulk,114
7465 G4 7465 G6,7465,G4,Tumor bulk,115
7465 G4 7465 G6,7465,G4,Tumor bulk,116
7465 G4 7465 G6,7465,G4,Tumor bulk,117
7465 G4 7465 G6,7465,G4,Tumor bulk,118
7465 G4 7465 G6,7465,G4,Tumor bulk,119
7465 G4 7465 G6,7465,G4,Tumor bulk,120
7465 G4 7465 G6,7465,G4,Tumor bulk,121
7465 G4 7465 G6,7465,G4,Tumor bulk,122
7465 G4 7465 G6,7465,G4,Tumor bulk,123
7465 G4 7465 G6,7465,G4,Tumor bulk,124
7465 G4 7465 G6,7465,G4,Tumor bulk,125
7465 G4 7465 G6,7465,G4,Tumor bulk,126
7465 G4 7465 G6,7465,G4,Tumor bulk,127
7465 G4 7465 G6,7465,G4,Tumor bulk,128
7465 G4 7465 G6,7465,G4,Tumor bulk,129
7465 G4 7465 G6,7465,G4,Tumor bulk,130
7465 G4 7465 G6,7465,G4,Tumor bulk,131
7465 G4 7465 G6,7465,G4,Tumor bulk,132
7465 G4 7465 G6,7465,G4,Tumor bulk,133
7465 G4 7465 G6,7465,G4,Tumor bulk,134
7465 G4 7465 G6,7465,G4,Tumor bulk,135
7465 G4 7465 G6,7465,G4,Tumor bulk,136
7465 G4 7465 G6,7465,G4,Tumor bulk,137
7465 G4 7465 G6,7465,G4,Tumor bulk,138
7465 G4 7465 G6,7465,G4,Tumor bulk,139
7465 G4 7465 G6,7465,G4,Tumor bulk,140
7465 G4 7465 G6,7465,G4,Tumor bulk,141
7465 G4 7465 G6,7465,G4,Tumor bulk,142
7465 G4 7465 G6,7465,G4,Tumor bulk,143
7465 G4 7465 G6,7465,G4,Tumor bulk,144
7465 G4 7465 G6,7465,G4,Tumor bulk,145
7465 G4 7465 G6,7465,G4,Tumor bulk,146
7465 G4 7465 G6,7465,G4,Tumor bulk,147
7465 G4 7465 G6,7465,G4,Tumor bulk,148
7465 G4 7465 G6,7465,G4,Tumor bulk,149
7465 G4 7465 G6,7465,G4,Tumor bulk,150
7465 G4 7465 G6,7465,G4,Tumor bulk,151
7465 G4 7465 G6,7465,G4,Tumor bulk,152
7465 G4 7465 G6,7465,G4,Tumor bulk,153
7465 G4 7465 G6,7465,G4,Tumor bulk,154
7465 G4 7465 G6,7465,G4,Tumor bulk,155
7465 G4 7465 G6,7465,G4,Tumor bulk,156
7465 G4 7465 G6,7465,G4,Tumor bulk,157
7465 G4 7465 G6,7465,G4,Tumor bulk,158
7465 G4 7465 G6,7465,G4,Tumor bulk,159
7465 G4 7465 G6,7465,G4,Tumor bulk,160
7465 G4 7465 G6,7465,G4,Tumor bulk,161
7465 G4 7465 G6,7465,G4,Tumor bulk,162
7465 G4 7465 G6,7465,G4,Tumor bulk,163
7465 G4 7465 G6,7465,G4,Tumor bulk,164
7465 G4 7465 G6,7465,G4,Tumor bulk,165
7465 G4 7465 G6,7465,G4,Tumor bulk,166
7465 G4 7465 G6,7465,G4,Tumor bulk,167
7465 G4 7465 G6,7465,G4,Tumor bulk,168
7465 G4 7465 G6,7465,G4,Tumor bulk,169
7465 G4 7465 G6,7465,G4,Tumor bulk,170
7465 G4 7465 G6,7465,G4,Tumor bulk,171
7465 G4 7465 G6,7465,G4,Tumor bulk,172
7465 G4 7465 G6,7465,G4,Tumor bulk,173
7465 G4 7465 G6,7465,G4,Tumor bulk,174
7465 G4 7465 G6,7465,G4,Tumor bulk,175
7465 G4 7465 G6,7465,G4,Tumor bulk,176
7465 G4 7465 G6,7465,G4,Tumor bulk,177
7465 G4 7465 G6,7465,G4,Tumor bulk,178
7465 G4 7465 G6,7465,G4,Tumor bulk,179
7465 G4 7465 G6,7465,G4,Tumor bulk,180
7465 G4 7465 G6,7465,G4,Tumor bulk,181
7465 G4 7465 G6,7465,G4,Tumor bulk,182
7465 G4 7465 G6,7465,G4,Tumor bulk,183
7465 G4 7465 G6,7465,G4,Tumor bulk,184
7465 G4 7465 G6,7465,G4,Tumor bulk,185
7465 G4 7465 G6,7465,G4,Tumor bulk,186
7465 G4 7465 G6,7465,G4,Tumor bulk,187
7465 G4 7465 G6,7465,G4,Tumor bulk,188
7465 G4 7465 G6,7465,G4,Tumor bulk,189
7465 G4 7465 G6,7465,G4,Tumor bulk,190
7465 G4 7465 G6,7465,G4,Tumor bulk,191
7465 G4 7465 G6,7465,G4,Tumor bulk,192
7465 G4 7465 G6,7465,G4,Tumor bulk,193
7465 G4 7465 G6,7465,G4,Tumor bulk,194
7465 G4 7465 G6,7465,G4,Tumor bulk,195
7465 G4 7465 G6,7465,G4,Tumor bulk,196
7465 G4 7465 G6,7465,G4,Tumor bulk,197
7465 G4 7465 G6,7465,G4,Tumor bulk,198
7465 G4 7465 G6,7465,G4,Tumor bulk,199
7465 G4 7465 G6,7465,G4,Tumor bulk,200
7488 G4 7749 G5,7749,G5,Infiltrating edge,1
7488 G4 7749 G5,7749,G5,Infiltrating edge,2
7488 G4 7749 G5,7749,G5,Infiltrating edge,3
7488 G4 7749 G5,7749,G5,Infiltrating edge,4
7488 G4 7749 G5,7749,G5,Infiltrating edge,5
7488 G4 7749 G5,7749,G5,Infiltrating edge,6
7488 G4 7749 G5,7749,G5,Infiltrating edge,7
7488 G4 7749 G5,7749,G5,Infiltrating edge,8
7488 G4 7749 G5,7749,G5,Infiltrating edge,9
7488 G4 7749 G5,7749,G5,Infiltrating edge,10
7488 G4 7749 G5,7749,G5,Infiltrating edge,11
7488 G4 7749 G5,7749,G5,Infiltrating edge,12
7488 G4 7749 G5,7749,G5,Infiltrating edge,13
7488 G4 7749 G5,7749,G5,Infiltrating edge,14
7488 G4 7749 G5,7749,G5,Infiltrating edge,15
7488 G4 7749 G5,7749,G5,Infiltrating edge,16
7488 G4 7749 G5,7749,G5,Infiltrating edge,17
7488 G4 7749 G5,7749,G5,Infiltrating edge,18
7488 G4 7749 G5,7749,G5,Infiltrating edge,19
7488 G4 7749 G5,7749,G5,Infiltrating edge,20
7488 G4 7749 G5,7749,G5,Infiltrating edge,21
7488 G4 7749 G5,7749,G5,Infiltrating edge,22
7488 G4 7749 G5,7749,G5,Infiltrating edge,23
7488 G4 7749 G5,7749,G5,Infiltrating edge,24
7488 G4 7749 G5,7749,G5,Infiltrating edge,25
7488 G4 7749 G5,7749,G5,Infiltrating edge,26
7488 G4 7749 G5,7749,G5,Infiltrating edge,27
7488 G4 7749 G5,7749,G5,Infiltrating edge,28
7488 G4 7749 G5,7749,G5,Infiltrating edge,29
7488 G4 7749 G5,7749,G5,Infiltrating edge,30
7488 G4 7749 G5,7749,G5,Infiltrating edge,31
7488 G4 7749 G5,7749,G5,Infiltrating edge,32
7488 G4 7749 G5,7749,G5,Infiltrating edge,33
7488 G4 7749 G5,7749,G5,Infiltrating edge,34
7488 G4 7749 G5,7749,G5,Infiltrating edge,35
7488 G4 7749 G5,7749,G5,Infiltrating edge,36
7488 G4 7749 G5,7749,G5,Infiltrating edge,37
7488 G4 7749 G5,7749,G5,Infiltrating edge,38
7488 G4 7749 G5,7749,G5,Infiltrating edge,39
7488 G4 7749 G5,7749,G5,Infiltrating edge,40
7488 G4 7749 G5,7749,G5,Infiltrating edge,41
7488 G4 7749 G5,7749,G5,Infiltrating edge,42
7488 G4 7749 G5,7749,G5,Infiltrating edge,43
7488 G4 7749 G5,7749,G5,Infiltrating edge,44
7488 G4 7749 G5,7749,G5,Infiltrating edge,45
7488 G4 7749 G5,7749,G5,Infiltrating edge,46
7488 G4 7749 G5,7749,G5,Infiltrating edge,47
7488 G4 7749 G5,7749,G5,Infiltrating edge,48
7488 G4 7749 G5,7749,G5,Infiltrating edge,49
7488 G4 7749 G5,7749,G5,Infiltrating edge,50
7488 G4 7749 G5,7749,G5,Infiltrating edge,51
7488 G4 7749 G5,7749,G5,Infiltrating edge,52
7488 G4 7749 G5,7749,G5,Infiltrating edge,53
7488 G4 7749 G5,7749,G5,Infiltrating edge,54
7488 G4 7749 G5,7749,G5,Infiltrating edge,55
7488 G4 7749 G5,7749,G5,Infiltrating edge,56
7488 G4 7749 G5,7749,G5,Infiltrating edge,57
7488 G4 7749 G5,7749,G5,Infiltrating edge,58
7488 G4 7749 G5,7749,G5,Infiltrating edge,59
7488 G4 7749 G5,7749,G5,Infiltrating edge,60
7488 G4 7749 G5,7749,G5,Infiltrating edge,61
7488 G4 7749 G5,7749,G5,Infiltrating edge,62
7488 G4 7749 G5,7749,G5,Infiltrating edge,63
7488 G4 7749 G5,7749,G5,Infiltrating edge,64
7488 G4 7749 G5,7749,G5,Infiltrating edge,65
7488 G4 7749 G5,7749,G5,Infiltrating edge,66
7488 G4 7749 G5,7749,G5,Infiltrating edge,67
7488 G4 7749 G5,7749,G5,Infiltrating edge,68
7488 G4 7749 G5,7749,G5,Infiltrating edge,69
7488 G4 7749 G5,7749,G5,Infiltrating edge,70
7488 G4 7749 G5,7749,G5,Infiltrating edge,71
7488 G4 7749 G5,7749,G5,Infiltrating edge,72
7488 G4 7749 G5,7749,G5,Infiltrating edge,73
7488 G4 7749 G5,7749,G5,Infiltrating edge,74
7488 G4 7749 G5,7749,G5,Infiltrating edge,75
7488 G4 7749 G5,7749,G5,Infiltrating edge,76
7488 G4 7749 G5,7749,G5,Infiltrating edge,77
7488 G4 7749 G5,7749,G5,Infiltrating edge,78
7488 G4 7749 G5,7749,G5,Infiltrating edge,79
7488 G4 7749 G5,7749,G5,Infiltrating edge,80
7488 G4 7749 G5,7749,G5,Infiltrating edge,81
7488 G4 7749 G5,7749,G5,Infiltrating edge,82
7488 G4 7749 G5,7749,G5,Infiltrating edge,83
7488 G4 7749 G5,7749,G5,Infiltrating edge,84
7488 G4 7749 G5,7749,G5,Infiltrating edge,85
7488 G4 7749 G5,7749,G5,Infiltrating edge,86
7488 G4 7749 G5,7749,G5,Infiltrating edge,87
7488 G4 7749 G5,7749,G5,Infiltrating edge,88
7488 G4 7749 G5,7749,G5,Infiltrating edge,89
7488 G4 7749 G5,7749,G5,Infiltrating edge,90
7488 G4 7749 G5,7749,G5,Infiltrating edge,91
7488 G4 7749 G5,7749,G5,Infiltrating edge,92
7488 G4 7749 G5,7749,G5,Infiltrating edge,93
7488 G4 7749 G5,7749,G5,Infiltrating edge,94
7488 G4 7749 G5,7749,G5,Infiltrating edge,95
7488 G4 7749 G5,7749,G5,Infiltrating edge,96
7488 G4 7749 G5,7749,G5,Infiltrating edge,97
7488 G4 7749 G5,7749,G5,Infiltrating edge,98
7488 G4 7749 G5,7749,G5,Infiltrating edge,99
7488 G4 7749 G5,7749,G5,Infiltrating edge,100
7488 G4 7749 G5,7488,G4,Tumor bulk,101
7488 G4 7749 G5,7488,G4,Tumor bulk,102
7488 G4 7749 G5,7488,G4,Tumor bulk,103
7488 G4 7749 G5,7488,G4,Tumor bulk,104
7488 G4 7749 G5,7488,G4,Tumor bulk,105
7488 G4 7749 G5,7488,G4,Tumor bulk,106
7488 G4 7749 G5,7488,G4,Tumor bulk,107
7488 G4 7749 G5,7488,G4,Tumor bulk,108
7488 G4 7749 G5,7488,G4,Tumor bulk,109
7488 G4 7749 G5,7488,G4,Tumor bulk,110
7488 G4 7749 G5,7488,G4,Tumor bulk,111
7488 G4 7749 G5,7488,G4,Tumor bulk,112
7488 G4 7749 G5,7488,G4,Tumor bulk,113
7488 G4 7749 G5,7488,G4,Tumor bulk,114
7488 G4 7749 G5,7488,G4,Tumor bulk,115
7488 G4 7749 G5,7488,G4,Tumor bulk,116
7488 G4 7749 G5,7488,G4,Tumor bulk,117
7488 G4 7749 G5,7488,G4,Tumor bulk,118
7488 G4 7749 G5,7488,G4,Tumor bulk,119
7488 G4 7749 G5,7488,G4,Tumor bulk,120
7488 G4 7749 G5,7488,G4,Tumor bulk,121
7488 G4 7749 G5,7488,G4,Tumor bulk,122
7488 G4 7749 G5,7488,G4,Tumor bulk,123
7488 G4 7749 G5,7488,G4,Tumor bulk,124
7488 G4 7749 G5,7488,G4,Tumor bulk,125
7488 G4 7749 G5,7488,G4,Tumor bulk,126
7488 G4 7749 G5,7488,G4,Tumor bulk,127
7488 G4 7749 G5,7488,G4,Tumor bulk,128
7488 G4 7749 G5,7488,G4,Tumor bulk,129
7488 G4 7749 G5,7488,G4,Tumor bulk,130
7488 G4 7749 G5,7488,G4,Tumor bulk,131
7488 G4 7749 G5,7488,G4,Tumor bulk,132
7488 G4 7749 G5,7488,G4,Tumor bulk,133
7488 G4 7749 G5,7488,G4,Tumor bulk,134
7488 G4 7749 G5,7488,G4,Tumor bulk,135
7488 G4 7749 G5,7488,G4,Tumor bulk,136
7488 G4 7749 G5,7488,G4,Tumor bulk,137
7488 G4 7749 G5,7488,G4,Tumor bulk,138
7488 G4 7749 G5,7488,G4,Tumor bulk,139
7488 G4 7749 G5,7488,G4,Tumor bulk,140
7488 G4 7749 G5,7488,G4,Tumor bulk,141
7488 G4 7749 G5,7488,G4,Tumor bulk,142
7488 G4 7749 G5,7488,G4,Tumor bulk,143
7488 G4 7749 G5,7488,G4,Tumor bulk,144
7488 G4 7749 G5,7488,G4,Tumor bulk,145
7488 G4 7749 G5,7488,G4,Tumor bulk,146
7488 G4 7749 G5,7488,G4,Tumor bulk,147
7488 G4 7749 G5,7488,G4,Tumor bulk,148
7488 G4 7749 G5,7488,G4,Tumor bulk,149
7488 G4 7749 G5,7488,G4,Tumor bulk,150
7488 G4 7749 G5,7488,G4,Tumor bulk,151
7488 G4 7749 G5,7488,G4,Tumor bulk,152
7488 G4 7749 G5,7488,G4,Tumor bulk,153
7488 G4 7749 G5,7488,G4,Tumor bulk,154
7488 G4 7749 G5,7488,G4,Tumor bulk,155
7488 G4 7749 G5,7488,G4,Tumor bulk,156
7488 G4 7749 G5,7488,G4,Tumor bulk,157
7488 G4 7749 G5,7488,G4,Tumor bulk,158
7488 G4 7749 G5,7488,G4,Tumor bulk,159
7488 G4 7749 G5,7488,G4,Tumor bulk,160
7488 G4 7749 G5,7488,G4,Tumor bulk,161
7488 G4 7749 G5,7488,G4,Tumor bulk,162
7488 G4 7749 G5,7488,G4,Tumor bulk,163
7488 G4 7749 G5,7488,G4,Tumor bulk,164
7488 G4 7749 G5,7488,G4,Tumor bulk,165
7488 G4 7749 G5,7488,G4,Tumor bulk,166
7488 G4 7749 G5,7488,G4,Tumor bulk,167
7488 G4 7749 G5,7488,G4,Tumor bulk,168
7488 G4 7749 G5,7488,G4,Tumor bulk,169
7488 G4 7749 G5,7488,G4,Tumor bulk,170
7488 G4 7749 G5,7488,G4,Tumor bulk,171
7488 G4 7749 G5,7488,G4,Tumor bulk,172
7488 G4 7749 G5,7488,G4,Tumor bulk,173
7488 G4 7749 G5,7488,G4,Tumor bulk,174
7488 G4 7749 G5,7488,G4,Tumor bulk,175
7488 G4 7749 G5,7488,G4,Tumor bulk,176
7488 G4 7749 G5,7488,G4,Tumor bulk,177
7488 G4 7749 G5,7488,G4,Tumor bulk,178
7488 G4 7749 G5,7488,G4,Tumor bulk,179
7488 G4 7749 G5,7488,G4,Tumor bulk,180
7488 G4 7749 G5,7488,G4,Tumor bulk,181
7488 G4 7749 G5,7488,G4,Tumor bulk,182
7488 G4 7749 G5,7488,G4,Tumor bulk,183
7488 G4 7749 G5,7488,G4,Tumor bulk,184
7488 G4 7749 G5,7488,G4,Tumor bulk,185
7488 G4 7749 G5,7488,G4,Tumor bulk,186
7488 G4 7749 G5,7488,G4,Tumor bulk,187
7488 G4 7749 G5,7488,G4,Tumor bulk,188
7488 G4 7749 G5,7488,G4,Tumor bulk,189
7488 G4 7749 G5,7488,G4,Tumor bulk,190
7488 G4 7749 G5,7488,G4,Tumor bulk,191
7488 G4 7749 G5,7488,G4,Tumor bulk,192
7488 G4 7749 G5,7488,G4,Tumor bulk,193
7488 G4 7749 G5,7488,G4,Tumor bulk,194
7488 G4 7749 G5,7488,G4,Tumor bulk,195
7488 G4 7749 G5,7488,G4,Tumor bulk,196
7488 G4 7749 G5,7488,G4,Tumor bulk,197
7488 G4 7749 G5,7488,G4,Tumor bulk,198
7488 G4 7749 G5,7488,G4,Tumor bulk,199
7488 G4 7749 G5,7488,G4,Tumor bulk,200
7488 A7 7495 A7,7495,A7,Contralateral uninvolved,1
7488 A7 7495 A7,7495,A7,Contralateral uninvolved,2
7488 A7 7495 A7,7495,A7,Contralateral uninvolved,3
7488 A7 7495 A7,7495,A7,Contralateral uninvolved,4
7488 A7 7495 A7,7495,A7,Contralateral uninvolved,5
7488 A7 7495 A7,7495,A7,Contralateral uninvolved,6
7488 A7 7495 A7,7495,A7,Contralateral uninvolved,7
7488 A7 7495 A7,7495,A7,Contralateral uninvolved,8
7488 A7 7495 A7,7495,A7,Contralateral uninvolved,9
7488 A7 7495 A7,7495,A7,Contralateral uninvolved,10
7488 A7 7495 A7,7495,A7,Contralateral uninvolved,11
7488 A7 7495 A7,7495,A7,Contralateral uninvolved,12
7488 A7 7495 A7,7495,A7,Contralateral uninvolved,13
7488 A7 7495 A7,7495,A7,Contralateral uninvolved,14
7488 A7 7495 A7,7495,A7,Contralateral uninvolved,15
7488 A7 7495 A7,7495,A7,Contralateral uninvolved,16
7488 A7 7495 A7,7495,A7,Contralateral uninvolved,17
7488 A7 7495 A7,7495,A7,Contralateral uninvolved,18
7488 A7 7495 A7,7495,A7,Contralateral uninvolved,19
7488 A7 7495 A7,7495,A7,Contralateral uninvolved,20
7488 A7 7495 A7,7495,A7,Contralateral uninvolved,21
7488 A7 7495 A7,7495,A7,Contralateral uninvolved,22
7488 A7 7495 A7,7495,A7,Contralateral uninvolved,23
7488 A7 7495 A7,7495,A7,Contralateral uninvolved,24
7488 A7 7495 A7,7495,A7,Contralateral uninvolved,25
7488 A7 7495 A7,7495,A7,Contralateral uninvolved,26
7488 A7 7495 A7,7495,A7,Contralateral uninvolved,27
7488 A7 7495 A7,7495,A7,Contralateral uninvolved,28
7488 A7 7495 A7,7495,A7,Contralateral uninvolved,29
7488 A7 7495 A7,7495,A7,Contralateral uninvolved,30
7488 A7 7495 A7,7495,A7,Contralateral uninvolved,31
7488 A7 7495 A7,7495,A7,Contralateral uninvolved,32
7488 A7 7495 A7,7495,A7,Contralateral uninvolved,33
7488 A7 7495 A7,7495,A7,Contralateral uninvolved,34
7488 A7 7495 A7,7495,A7,Contralateral uninvolved,35
7488 A7 7495 A7,7495,A7,Contralateral uninvolved,36
7488 A7 7495 A7,7495,A7,Contralateral uninvolved,37
7488 A7 7495 A7,7495,A7,Contralateral uninvolved,38
7488 A7 7495 A7,7495,A7,Contralateral uninvolved,39
7488 A7 7495 A7,7495,A7,Contralateral uninvolved,40
7488 A7 7495 A7,7495,A7,Contralateral uninvolved,41
7488 A7 7495 A7,7495,A7,Contralateral uninvolved,42
7488 A7 7495 A7,7495,A7,Contralateral uninvolved,43
7488 A7 7495 A7,7495,A7,Contralateral uninvolved,44
7488 A7 7495 A7,7495,A7,Contralateral uninvolved,45
7488 A7 7495 A7,7495,A7,Contralateral uninvolved,46
7488 A7 7495 A7,7495,A7,Contralateral uninvolved,47
7488 A7 7495 A7,7495,A7,Contralateral uninvolved,48
7488 A7 7495 A7,7495,A7,Contralateral uninvolved,49
7488 A7 7495 A7,7495,A7,Contralateral uninvolved,50
7488 A7 7495 A7,7495,A7,Contralateral uninvolved,51
7488 A7 7495 A7,7495,A7,Contralateral uninvolved,52
7488 A7 7495 A7,7495,A7,Contralateral uninvolved,53
7488 A7 7495 A7,7495,A7,Contralateral uninvolved,54
7488 A7 7495 A7,7495,A7,Contralateral uninvolved,55
7488 A7 7495 A7,7495,A7,Contralateral uninvolved,56
7488 A7 7495 A7,7495,A7,Contralateral uninvolved,57
7488 A7 7495 A7,7495,A7,Contralateral uninvolved,58
7488 A7 7495 A7,7495,A7,Contralateral uninvolved,59
7488 A7 7495 A7,7495,A7,Contralateral uninvolved,60
7488 A7 7495 A7,7495,A7,Contralateral uninvolved,61
7488 A7 7495 A7,7495,A7,Contralateral uninvolved,62
7488 A7 7495 A7,7495,A7,Contralateral uninvolved,63
7488 A7 7495 A7,7495,A7,Contralateral uninvolved,64
7488 A7 7495 A7,7495,A7,Contralateral uninvolved,65
7488 A7 7495 A7,7495,A7,Contralateral uninvolved,66
7488 A7 7495 A7,7495,A7,Contralateral uninvolved,67
7488 A7 7495 A7,7495,A7,Contralateral uninvolved,68
7488 A7 7495 A7,7495,A7,Contralateral uninvolved,69
7488 A7 7495 A7,7495,A7,Contralateral uninvolved,70
7488 A7 7495 A7,7495,A7,Contralateral uninvolved,71
7488 A7 7495 A7,7495,A7,Contralateral uninvolved,72
7488 A7 7495 A7,7495,A7,Contralateral uninvolved,73
7488 A7 7495 A7,7495,A7,Contralateral uninvolved,74
7488 A7 7495 A7,7495,A7,Contralateral uninvolved,75
7488 A7 7495 A7,7495,A7,Contralateral uninvolved,76
7488 A7 7495 A7,7495,A7,Contralateral uninvolved,77
7488 A7 7495 A7,7495,A7,Contralateral uninvolved,78
7488 A7 7495 A7,7495,A7,Contralateral uninvolved,79
7488 A7 7495 A7,7495,A7,Contralateral uninvolved,80
7488 A7 7495 A7,7495,A7,Contralateral uninvolved,81
7488 A7 7495 A7,7495,A7,Contralateral uninvolved,82
7488 A7 7495 A7,7495,A7,Contralateral uninvolved,83
7488 A7 7495 A7,7495,A7,Contralateral uninvolved,84
7488 A7 7495 A7,7495,A7,Contralateral uninvolved,85
7488 A7 7495 A7,7495,A7,Contralateral uninvolved,86
7488 A7 7495 A7,7495,A7,Contralateral uninvolved,87
7488 A7 7495 A7,7495,A7,Contralateral uninvolved,88
7488 A7 7495 A7,7495,A7,Contralateral uninvolved,89
7488 A7 7495 A7,7495,A7,Contralateral uninvolved,90
7488 A7 7495 A7,7495,A7,Contralateral uninvolved,91
7488 A7 7495 A7,7495,A7,Contralateral uninvolved,92
7488 A7 7495 A7,7495,A7,Contralateral uninvolved,93
7488 A7 7495 A7,7495,A7,Contralateral uninvolved,94
7488 A7 7495 A7,7495,A7,Contralateral uninvolved,95
7488 A7 7495 A7,7495,A7,Contralateral uninvolved,96
7488 A7 7495 A7,7495,A7,Contralateral uninvolved,97
7488 A7 7495 A7,7495,A7,Contralateral uninvolved,98
7488 A7 7495 A7,7495,A7,Contralateral uninvolved,99
7488 A7 7495 A7,7488,A7,Contralateral uninvolved,100
7488 A7 7495 A7,7488,A7,Contralateral uninvolved,101
7488 A7 7495 A7,7488,A7,Contralateral uninvolved,102
7488 A7 7495 A7,7488,A7,Contralateral uninvolved,103
7488 A7 7495 A7,7488,A7,Contralateral uninvolved,104
7488 A7 7495 A7,7488,A7,Contralateral uninvolved,105
7488 A7 7495 A7,7488,A7,Contralateral uninvolved,106
7488 A7 7495 A7,7488,A7,Contralateral uninvolved,107
7488 A7 7495 A7,7488,A7,Contralateral uninvolved,108
7488 A7 7495 A7,7488,A7,Contralateral uninvolved,109
7488 A7 7495 A7,7488,A7,Contralateral uninvolved,110
7488 A7 7495 A7,7488,A7,Contralateral uninvolved,111
7488 A7 7495 A7,7488,A7,Contralateral uninvolved,112
7488 A7 7495 A7,7488,A7,Contralateral uninvolved,113
7488 A7 7495 A7,7488,A7,Contralateral uninvolved,114
7488 A7 7495 A7,7488,A7,Contralateral uninvolved,115
7488 A7 7495 A7,7488,A7,Contralateral uninvolved,116
7488 A7 7495 A7,7488,A7,Contralateral uninvolved,117
7488 A7 7495 A7,7488,A7,Contralateral uninvolved,118
7488 A7 7495 A7,7488,A7,Contralateral uninvolved,119
7488 A7 7495 A7,7488,A7,Contralateral uninvolved,120
7488 A7 7495 A7,7488,A7,Contralateral uninvolved,121
7488 A7 7495 A7,7488,A7,Contralateral uninvolved,122
7488 A7 7495 A7,7488,A7,Contralateral uninvolved,123
7488 A7 7495 A7,7488,A7,Contralateral uninvolved,124
7488 A7 7495 A7,7488,A7,Contralateral uninvolved,125
7488 A7 7495 A7,7488,A7,Contralateral uninvolved,126
7488 A7 7495 A7,7488,A7,Contralateral uninvolved,127
7488 A7 7495 A7,7488,A7,Contralateral uninvolved,128
7488 A7 7495 A7,7488,A7,Contralateral uninvolved,129
7488 A7 7495 A7,7488,A7,Contralateral uninvolved,130
7488 A7 7495 A7,7488,A7,Contralateral uninvolved,131
7488 A7 7495 A7,7488,A7,Contralateral uninvolved,132
7488 A7 7495 A7,7488,A7,Contralateral uninvolved,133
7488 A7 7495 A7,7488,A7,Contralateral uninvolved,134
7488 A7 7495 A7,7488,A7,Contralateral uninvolved,135
7488 A7 7495 A7,7488,A7,Contralateral uninvolved,136
7488 A7 7495 A7,7488,A7,Contralateral uninvolved,137
7488 A7 7495 A7,7488,A7,Contralateral uninvolved,138
7488 A7 7495 A7,7488,A7,Contralateral uninvolved,139
7488 A7 7495 A7,7488,A7,Contralateral uninvolved,140
7488 A7 7495 A7,7488,A7,Contralateral uninvolved,141
7488 A7 7495 A7,7488,A7,Contralateral uninvolved,142
7488 A7 7495 A7,7488,A7,Contralateral uninvolved,143
7488 A7 7495 A7,7488,A7,Contralateral uninvolved,144
7488 A7 7495 A7,7488,A7,Contralateral uninvolved,145
7488 A7 7495 A7,7488,A7,Contralateral uninvolved,146
7488 A7 7495 A7,7488,A7,Contralateral uninvolved,147
7488 A7 7495 A7,7488,A7,Contralateral uninvolved,148
7488 A7 7495 A7,7488,A7,Contralateral uninvolved,149
7488 A7 7495 A7,7488,A7,Contralateral uninvolved,150
7488 A7 7495 A7,7488,A7,Contralateral uninvolved,151
7488 A7 7495 A7,7488,A7,Contralateral uninvolved,152
7488 A7 7495 A7,7488,A7,Contralateral uninvolved,153
7488 A7 7495 A7,7488,A7,Contralateral uninvolved,154
7488 A7 7495 A7,7488,A7,Contralateral uninvolved,155
7488 A7 7495 A7,7488,A7,Contralateral uninvolved,156
7488 A7 7495 A7,7488,A7,Contralateral uninvolved,157
7488 A7 7495 A7,7488,A7,Contralateral uninvolved,158
7488 A7 7495 A7,7488,A7,Contralateral uninvolved,159
7488 A7 7495 A7,7488,A7,Contralateral uninvolved,160
7488 A7 7495 A7,7488,A7,Contralateral uninvolved,161
7488 A7 7495 A7,7488,A7,Contralateral uninvolved,162
7488 A7 7495 A7,7488,A7,Contralateral uninvolved,163
7488 A7 7495 A7,7488,A7,Contralateral uninvolved,164
7488 A7 7495 A7,7488,A7,Contralateral uninvolved,165
7488 A7 7495 A7,7488,A7,Contralateral uninvolved,166
7488 A7 7495 A7,7488,A7,Contralateral uninvolved,167
7488 A7 7495 A7,7488,A7,Contralateral uninvolved,168
7488 A7 7495 A7,7488,A7,Contralateral uninvolved,169
7488 A7 7495 A7,7488,A7,Contralateral uninvolved,170
7488 A7 7495 A7,7488,A7,Contralateral uninvolved,171
7488 A7 7495 A7,7488,A7,Contralateral uninvolved,172
7488 A7 7495 A7,7488,A7,Contralateral uninvolved,173
7488 A7 7495 A7,7488,A7,Contralateral uninvolved,174
7488 A7 7495 A7,7488,A7,Contralateral uninvolved,175
7488 A7 7495 A7,7488,A7,Contralateral uninvolved,176
7488 A7 7495 A7,7488,A7,Contralateral uninvolved,177
7488 A7 7495 A7,7488,A7,Contralateral uninvolved,178
7488 A7 7495 A7,7488,A7,Contralateral uninvolved,179
7488 A7 7495 A7,7488,A7,Contralateral uninvolved,180
7488 A7 7495 A7,7488,A7,Contralateral uninvolved,181
7488 A7 7495 A7,7488,A7,Contralateral uninvolved,182
7488 A7 7495 A7,7488,A7,Contralateral uninvolved,183
7488 A7 7495 A7,7488,A7,Contralateral uninvolved,184
7488 A7 7495 A7,7488,A7,Contralateral uninvolved,185
7488 A7 7495 A7,7488,A7,Contralateral uninvolved,186
7488 A7 7495 A7,7488,A7,Contralateral uninvolved,187
7488 A7 7495 A7,7488,A7,Contralateral uninvolved,188
7488 A7 7495 A7,7488,A7,Contralateral uninvolved,189
7488 A7 7495 A7,7488,A7,Contralateral uninvolved,190
7488 A7 7495 A7,7488,A7,Contralateral uninvolved,191
7488 A7 7495 A7,7488,A7,Contralateral uninvolved,192
7488 A7 7495 A7,7488,A7,Contralateral uninvolved,193
7488 A7 7495 A7,7488,A7,Contralateral uninvolved,194
7488 A7 7495 A7,7488,A7,Contralateral uninvolved,195
7488 A7 7495 A7,7488,A7,Contralateral uninvolved,196
7488 A7 7495 A7,7488,A7,Contralateral uninvolved,197
7488 A7 7495 A7,7488,A7,Contralateral uninvolved,198
7488 A7 7495 A7,7488,A7,Contralateral uninvolved,199
7488 A7 7495 A7,7495,A7,Contralateral uninvolved,200
7706 G7 7495 G5,7495,G5,Tumor bulk,1
7706 G7 7495 G5,7495,G5,Tumor bulk,2
7706 G7 7495 G5,7495,G5,Tumor bulk,3
7706 G7 7495 G5,7495,G5,Tumor bulk,4
7706 G7 7495 G5,7495,G5,Tumor bulk,5
7706 G7 7495 G5,7495,G5,Tumor bulk,6
7706 G7 7495 G5,7495,G5,Tumor bulk,7
7706 G7 7495 G5,7495,G5,Tumor bulk,8
7706 G7 7495 G5,7495,G5,Tumor bulk,9
7706 G7 7495 G5,7495,G5,Tumor bulk,10
7706 G7 7495 G5,7495,G5,Tumor bulk,11
7706 G7 7495 G5,7495,G5,Tumor bulk,12
7706 G7 7495 G5,7495,G5,Tumor bulk,13
7706 G7 7495 G5,7495,G5,Tumor bulk,14
7706 G7 7495 G5,7495,G5,Tumor bulk,15
7706 G7 7495 G5,7495,G5,Tumor bulk,16
7706 G7 7495 G5,7495,G5,Tumor bulk,17
7706 G7 7495 G5,7495,G5,Tumor bulk,18
7706 G7 7495 G5,7495,G5,Tumor bulk,19
7706 G7 7495 G5,7495,G5,Tumor bulk,20
7706 G7 7495 G5,7495,G5,Tumor bulk,21
7706 G7 7495 G5,7495,G5,Tumor bulk,22
7706 G7 7495 G5,7495,G5,Tumor bulk,23
7706 G7 7495 G5,7495,G5,Tumor bulk,24
7706 G7 7495 G5,7495,G5,Tumor bulk,25
7706 G7 7495 G5,7495,G5,Tumor bulk,26
7706 G7 7495 G5,7495,G5,Tumor bulk,27
7706 G7 7495 G5,7495,G5,Tumor bulk,28
7706 G7 7495 G5,7495,G5,Tumor bulk,29
7706 G7 7495 G5,7495,G5,Tumor bulk,30
7706 G7 7495 G5,7495,G5,Tumor bulk,31
7706 G7 7495 G5,7495,G5,Tumor bulk,32
7706 G7 7495 G5,7495,G5,Tumor bulk,33
7706 G7 7495 G5,7495,G5,Tumor bulk,34
7706 G7 7495 G5,7495,G5,Tumor bulk,35
7706 G7 7495 G5,7495,G5,Tumor bulk,36
7706 G7 7495 G5,7495,G5,Tumor bulk,37
7706 G7 7495 G5,7495,G5,Tumor bulk,38
7706 G7 7495 G5,7495,G5,Tumor bulk,39
7706 G7 7495 G5,7495,G5,Tumor bulk,40
7706 G7 7495 G5,7495,G5,Tumor bulk,41
7706 G7 7495 G5,7495,G5,Tumor bulk,42
7706 G7 7495 G5,7495,G5,Tumor bulk,43
7706 G7 7495 G5,7495,G5,Tumor bulk,44
7706 G7 7495 G5,7495,G5,Tumor bulk,45
7706 G7 7495 G5,7495,G5,Tumor bulk,46
7706 G7 7495 G5,7495,G5,Tumor bulk,47
7706 G7 7495 G5,7495,G5,Tumor bulk,48
7706 G7 7495 G5,7495,G5,Tumor bulk,49
7706 G7 7495 G5,7495,G5,Tumor bulk,50
7706 G7 7495 G5,7495,G5,Tumor bulk,51
7706 G7 7495 G5,7495,G5,Tumor bulk,52
7706 G7 7495 G5,7495,G5,Tumor bulk,53
7706 G7 7495 G5,7495,G5,Tumor bulk,54
7706 G7 7495 G5,7495,G5,Tumor bulk,55
7706 G7 7495 G5,7495,G5,Tumor bulk,56
7706 G7 7495 G5,7495,G5,Tumor bulk,57
7706 G7 7495 G5,7495,G5,Tumor bulk,58
7706 G7 7495 G5,7495,G5,Tumor bulk,59
7706 G7 7495 G5,7495,G5,Tumor bulk,60
7706 G7 7495 G5,7495,G5,Tumor bulk,61
7706 G7 7495 G5,7495,G5,Tumor bulk,62
7706 G7 7495 G5,7495,G5,Tumor bulk,63
7706 G7 7495 G5,7495,G5,Tumor bulk,64
7706 G7 7495 G5,7495,G5,Tumor bulk,65
7706 G7 7495 G5,7495,G5,Tumor bulk,66
7706 G7 7495 G5,7495,G5,Tumor bulk,67
7706 G7 7495 G5,7495,G5,Tumor bulk,68
7706 G7 7495 G5,7495,G5,Tumor bulk,69
7706 G7 7495 G5,7495,G5,Tumor bulk,70
7706 G7 7495 G5,7495,G5,Tumor bulk,71
7706 G7 7495 G5,7495,G5,Tumor bulk,72
7706 G7 7495 G5,7495,G5,Tumor bulk,73
7706 G7 7495 G5,7495,G5,Tumor bulk,74
7706 G7 7495 G5,7495,G5,Tumor bulk,75
7706 G7 7495 G5,7495,G5,Tumor bulk,76
7706 G7 7495 G5,7495,G5,Tumor bulk,77
7706 G7 7495 G5,7495,G5,Tumor bulk,78
7706 G7 7495 G5,7495,G5,Tumor bulk,79
7706 G7 7495 G5,7495,G5,Tumor bulk,80
7706 G7 7495 G5,7495,G5,Tumor bulk,81
7706 G7 7495 G5,7495,G5,Tumor bulk,82
7706 G7 7495 G5,7495,G5,Tumor bulk,83
7706 G7 7495 G5,7495,G5,Tumor bulk,84
7706 G7 7495 G5,7495,G5,Tumor bulk,85
7706 G7 7495 G5,7495,G5,Tumor bulk,86
7706 G7 7495 G5,7495,G5,Tumor bulk,87
7706 G7 7495 G5,7495,G5,Tumor bulk,88
7706 G7 7495 G5,7495,G5,Tumor bulk,89
7706 G7 7495 G5,7495,G5,Tumor bulk,90
7706 G7 7495 G5,7495,G5,Tumor bulk,91
7706 G7 7495 G5,7495,G5,Tumor bulk,92
7706 G7 7495 G5,7495,G5,Tumor bulk,93
7706 G7 7495 G5,7495,G5,Tumor bulk,94
7706 G7 7495 G5,7495,G5,Tumor bulk,95
7706 G7 7495 G5,7495,G5,Tumor bulk,96
7706 G7 7495 G5,7495,G5,Tumor bulk,97
7706 G7 7495 G5,7495,G5,Tumor bulk,98
7706 G7 7495 G5,7495,G5,Tumor bulk,99
7706 G7 7495 G5,7495,G5,Tumor bulk,100
7706 G7 7495 G5,7706,G7,Infiltrating edge,101
7706 G7 7495 G5,7706,G7,Infiltrating edge,102
7706 G7 7495 G5,7706,G7,Infiltrating edge,103
7706 G7 7495 G5,7706,G7,Infiltrating edge,104
7706 G7 7495 G5,7706,G7,Infiltrating edge,105
7706 G7 7495 G5,7706,G7,Infiltrating edge,106
7706 G7 7495 G5,7706,G7,Infiltrating edge,107
7706 G7 7495 G5,7706,G7,Infiltrating edge,108
7706 G7 7495 G5,7706,G7,Infiltrating edge,109
7706 G7 7495 G5,7706,G7,Infiltrating edge,110
7706 G7 7495 G5,7706,G7,Infiltrating edge,111
7706 G7 7495 G5,7706,G7,Infiltrating edge,112
7706 G7 7495 G5,7706,G7,Infiltrating edge,113
7706 G7 7495 G5,7706,G7,Infiltrating edge,114
7706 G7 7495 G5,7706,G7,Infiltrating edge,115
7706 G7 7495 G5,7706,G7,Infiltrating edge,116
7706 G7 7495 G5,7706,G7,Infiltrating edge,117
7706 G7 7495 G5,7706,G7,Infiltrating edge,118
7706 G7 7495 G5,7706,G7,Infiltrating edge,119
7706 G7 7495 G5,7706,G7,Infiltrating edge,120
7706 G7 7495 G5,7706,G7,Infiltrating edge,121
7706 G7 7495 G5,7706,G7,Infiltrating edge,122
7706 G7 7495 G5,7706,G7,Infiltrating edge,123
7706 G7 7495 G5,7706,G7,Infiltrating edge,124
7706 G7 7495 G5,7706,G7,Infiltrating edge,125
7706 G7 7495 G5,7706,G7,Infiltrating edge,126
7706 G7 7495 G5,7706,G7,Infiltrating edge,127
7706 G7 7495 G5,7706,G7,Infiltrating edge,128
7706 G7 7495 G5,7706,G7,Infiltrating edge,129
7706 G7 7495 G5,7706,G7,Infiltrating edge,130
7706 G7 7495 G5,7706,G7,Infiltrating edge,131
7706 G7 7495 G5,7706,G7,Infiltrating edge,132
7706 G7 7495 G5,7706,G7,Infiltrating edge,133
7706 G7 7495 G5,7706,G7,Infiltrating edge,134
7706 G7 7495 G5,7706,G7,Infiltrating edge,135
7706 G7 7495 G5,7706,G7,Infiltrating edge,136
7706 G7 7495 G5,7706,G7,Infiltrating edge,137
7706 G7 7495 G5,7706,G7,Infiltrating edge,138
7706 G7 7495 G5,7706,G7,Infiltrating edge,139
7706 G7 7495 G5,7706,G7,Infiltrating edge,140
7706 G7 7495 G5,7706,G7,Infiltrating edge,141
7706 G7 7495 G5,7706,G7,Infiltrating edge,142
7706 G7 7495 G5,7706,G7,Infiltrating edge,143
7706 G7 7495 G5,7706,G7,Infiltrating edge,144
7706 G7 7495 G5,7706,G7,Infiltrating edge,145
7706 G7 7495 G5,7706,G7,Infiltrating edge,146
7706 G7 7495 G5,7706,G7,Infiltrating edge,147
7706 G7 7495 G5,7706,G7,Infiltrating edge,148
7706 G7 7495 G5,7706,G7,Infiltrating edge,149
7706 G7 7495 G5,7706,G7,Infiltrating edge,150
7706 G7 7495 G5,7706,G7,Infiltrating edge,151
7706 G7 7495 G5,7706,G7,Infiltrating edge,152
7706 G7 7495 G5,7706,G7,Infiltrating edge,153
7706 G7 7495 G5,7706,G7,Infiltrating edge,154
7706 G7 7495 G5,7706,G7,Infiltrating edge,155
7706 G7 7495 G5,7706,G7,Infiltrating edge,156
7706 G7 7495 G5,7706,G7,Infiltrating edge,157
7706 G7 7495 G5,7706,G7,Infiltrating edge,158
7706 G7 7495 G5,7706,G7,Infiltrating edge,159
7706 G7 7495 G5,7706,G7,Infiltrating edge,160
7706 G7 7495 G5,7706,G7,Infiltrating edge,161
7706 G7 7495 G5,7706,G7,Infiltrating edge,162
7706 G7 7495 G5,7706,G7,Infiltrating edge,163
7706 G7 7495 G5,7706,G7,Infiltrating edge,164
7706 G7 7495 G5,7706,G7,Infiltrating edge,165
7706 G7 7495 G5,7706,G7,Infiltrating edge,166
7706 G7 7495 G5,7706,G7,Infiltrating edge,167
7706 G7 7495 G5,7706,G7,Infiltrating edge,168
7706 G7 7495 G5,7706,G7,Infiltrating edge,169
7706 G7 7495 G5,7706,G7,Infiltrating edge,170
7706 G7 7495 G5,7706,G7,Infiltrating edge,171
7706 G7 7495 G5,7706,G7,Infiltrating edge,172
7706 G7 7495 G5,7706,G7,Infiltrating edge,173
7706 G7 7495 G5,7706,G7,Infiltrating edge,174
7706 G7 7495 G5,7706,G7,Infiltrating edge,175
7706 G7 7495 G5,7706,G7,Infiltrating edge,176
7706 G7 7495 G5,7706,G7,Infiltrating edge,177
7706 G7 7495 G5,7706,G7,Infiltrating edge,178
7706 G7 7495 G5,7706,G7,Infiltrating edge,179
7706 G7 7495 G5,7706,G7,Infiltrating edge,180
7706 G7 7495 G5,7706,G7,Infiltrating edge,181
7706 G7 7495 G5,7706,G7,Infiltrating edge,182
7706 G7 7495 G5,7706,G7,Infiltrating edge,183
7706 G7 7495 G5,7706,G7,Infiltrating edge,184
7706 G7 7495 G5,7706,G7,Infiltrating edge,185
7706 G7 7495 G5,7706,G7,Infiltrating edge,186
7706 G7 7495 G5,7706,G7,Infiltrating edge,187
7706 G7 7495 G5,7706,G7,Infiltrating edge,188
7706 G7 7495 G5,7706,G7,Infiltrating edge,189
7706 G7 7495 G5,7706,G7,Infiltrating edge,190
7706 G7 7495 G5,7706,G7,Infiltrating edge,191
7706 G7 7495 G5,7706,G7,Infiltrating edge,192
7706 G7 7495 G5,7706,G7,Infiltrating edge,193
7706 G7 7495 G5,7706,G7,Infiltrating edge,194
7706 G7 7495 G5,7706,G7,Infiltrating edge,195
7706 G7 7495 G5,7706,G7,Infiltrating edge,196
7706 G7 7495 G5,7706,G7,Infiltrating edge,197
7706 G7 7495 G5,7706,G7,Infiltrating edge,198
7706 G7 7495 G5,7706,G7,Infiltrating edge,199
7706 G7 7495 G5,7706,G7,Infiltrating edge,200
8021 G3 7560 A2,8021,G3,Infiltrating edge,1
8021 G3 7560 A2,8021,G3,Infiltrating edge,2
8021 G3 7560 A2,8021,G3,Infiltrating edge,3
8021 G3 7560 A2,8021,G3,Infiltrating edge,4
8021 G3 7560 A2,8021,G3,Infiltrating edge,5
8021 G3 7560 A2,8021,G3,Infiltrating edge,6
8021 G3 7560 A2,8021,G3,Infiltrating edge,7
8021 G3 7560 A2,8021,G3,Infiltrating edge,8
8021 G3 7560 A2,8021,G3,Infiltrating edge,9
8021 G3 7560 A2,8021,G3,Infiltrating edge,10
8021 G3 7560 A2,8021,G3,Infiltrating edge,11
8021 G3 7560 A2,8021,G3,Infiltrating edge,12
8021 G3 7560 A2,8021,G3,Infiltrating edge,13
8021 G3 7560 A2,8021,G3,Infiltrating edge,14
8021 G3 7560 A2,8021,G3,Infiltrating edge,15
8021 G3 7560 A2,8021,G3,Infiltrating edge,16
8021 G3 7560 A2,8021,G3,Infiltrating edge,17
8021 G3 7560 A2,8021,G3,Infiltrating edge,18
8021 G3 7560 A2,8021,G3,Infiltrating edge,19
8021 G3 7560 A2,8021,G3,Infiltrating edge,20
8021 G3 7560 A2,8021,G3,Infiltrating edge,21
8021 G3 7560 A2,8021,G3,Infiltrating edge,22
8021 G3 7560 A2,8021,G3,Infiltrating edge,23
8021 G3 7560 A2,8021,G3,Infiltrating edge,24
8021 G3 7560 A2,8021,G3,Infiltrating edge,25
8021 G3 7560 A2,8021,G3,Infiltrating edge,26
8021 G3 7560 A2,8021,G3,Infiltrating edge,27
8021 G3 7560 A2,8021,G3,Infiltrating edge,28
8021 G3 7560 A2,8021,G3,Infiltrating edge,29
8021 G3 7560 A2,8021,G3,Infiltrating edge,30
8021 G3 7560 A2,8021,G3,Infiltrating edge,31
8021 G3 7560 A2,8021,G3,Infiltrating edge,32
8021 G3 7560 A2,8021,G3,Infiltrating edge,33
8021 G3 7560 A2,8021,G3,Infiltrating edge,34
8021 G3 7560 A2,8021,G3,Infiltrating edge,35
8021 G3 7560 A2,8021,G3,Infiltrating edge,36
8021 G3 7560 A2,8021,G3,Infiltrating edge,37
8021 G3 7560 A2,8021,G3,Infiltrating edge,38
8021 G3 7560 A2,8021,G3,Infiltrating edge,39
8021 G3 7560 A2,8021,G3,Infiltrating edge,40
8021 G3 7560 A2,8021,G3,Infiltrating edge,41
8021 G3 7560 A2,8021,G3,Infiltrating edge,42
8021 G3 7560 A2,8021,G3,Infiltrating edge,43
8021 G3 7560 A2,8021,G3,Infiltrating edge,44
8021 G3 7560 A2,8021,G3,Infiltrating edge,45
8021 G3 7560 A2,8021,G3,Infiltrating edge,46
8021 G3 7560 A2,8021,G3,Infiltrating edge,47
8021 G3 7560 A2,8021,G3,Infiltrating edge,48
8021 G3 7560 A2,8021,G3,Infiltrating edge,49
8021 G3 7560 A2,8021,G3,Infiltrating edge,50
8021 G3 7560 A2,8021,G3,Infiltrating edge,51
8021 G3 7560 A2,8021,G3,Infiltrating edge,52
8021 G3 7560 A2,8021,G3,Infiltrating edge,53
8021 G3 7560 A2,8021,G3,Infiltrating edge,54
8021 G3 7560 A2,8021,G3,Infiltrating edge,55
8021 G3 7560 A2,8021,G3,Infiltrating edge,56
8021 G3 7560 A2,8021,G3,Infiltrating edge,57
8021 G3 7560 A2,8021,G3,Infiltrating edge,58
8021 G3 7560 A2,8021,G3,Infiltrating edge,59
8021 G3 7560 A2,8021,G3,Infiltrating edge,60
8021 G3 7560 A2,8021,G3,Infiltrating edge,61
8021 G3 7560 A2,8021,G3,Infiltrating edge,62
8021 G3 7560 A2,8021,G3,Infiltrating edge,63
8021 G3 7560 A2,8021,G3,Infiltrating edge,64
8021 G3 7560 A2,8021,G3,Infiltrating edge,65
8021 G3 7560 A2,8021,G3,Infiltrating edge,66
8021 G3 7560 A2,8021,G3,Infiltrating edge,67
8021 G3 7560 A2,8021,G3,Infiltrating edge,68
8021 G3 7560 A2,8021,G3,Infiltrating edge,69
8021 G3 7560 A2,8021,G3,Infiltrating edge,70
8021 G3 7560 A2,8021,G3,Infiltrating edge,71
8021 G3 7560 A2,8021,G3,Infiltrating edge,72
8021 G3 7560 A2,8021,G3,Infiltrating edge,73
8021 G3 7560 A2,8021,G3,Infiltrating edge,74
8021 G3 7560 A2,8021,G3,Infiltrating edge,75
8021 G3 7560 A2,8021,G3,Infiltrating edge,76
8021 G3 7560 A2,8021,G3,Infiltrating edge,77
8021 G3 7560 A2,8021,G3,Infiltrating edge,78
8021 G3 7560 A2,8021,G3,Infiltrating edge,79
8021 G3 7560 A2,8021,G3,Infiltrating edge,80
8021 G3 7560 A2,8021,G3,Infiltrating edge,81
8021 G3 7560 A2,8021,G3,Infiltrating edge,82
8021 G3 7560 A2,8021,G3,Infiltrating edge,83
8021 G3 7560 A2,8021,G3,Infiltrating edge,84
8021 G3 7560 A2,8021,G3,Infiltrating edge,85
8021 G3 7560 A2,8021,G3,Infiltrating edge,86
8021 G3 7560 A2,8021,G3,Infiltrating edge,87
8021 G3 7560 A2,8021,G3,Infiltrating edge,88
8021 G3 7560 A2,8021,G3,Infiltrating edge,89
8021 G3 7560 A2,8021,G3,Infiltrating edge,90
8021 G3 7560 A2,8021,G3,Infiltrating edge,91
8021 G3 7560 A2,8021,G3,Infiltrating edge,92
8021 G3 7560 A2,8021,G3,Infiltrating edge,93
8021 G3 7560 A2,8021,G3,Infiltrating edge,94
8021 G3 7560 A2,8021,G3,Infiltrating edge,95
8021 G3 7560 A2,8021,G3,Infiltrating edge,96
8021 G3 7560 A2,8021,G3,Infiltrating edge,97
8021 G3 7560 A2,8021,G3,Infiltrating edge,98
8021 G3 7560 A2,8021,G3,Infiltrating edge,99
8021 G3 7560 A2,7560,A2,Infiltrating edge,100
8021 G3 7560 A2,7560,A2,Infiltrating edge,101
8021 G3 7560 A2,7560,A2,Infiltrating edge,102
8021 G3 7560 A2,7560,A2,Infiltrating edge,103
8021 G3 7560 A2,7560,A2,Infiltrating edge,104
8021 G3 7560 A2,7560,A2,Infiltrating edge,105
8021 G3 7560 A2,7560,A2,Infiltrating edge,106
8021 G3 7560 A2,7560,A2,Infiltrating edge,107
8021 G3 7560 A2,7560,A2,Infiltrating edge,108
8021 G3 7560 A2,7560,A2,Infiltrating edge,109
8021 G3 7560 A2,7560,A2,Infiltrating edge,110
8021 G3 7560 A2,7560,A2,Infiltrating edge,111
8021 G3 7560 A2,7560,A2,Infiltrating edge,112
8021 G3 7560 A2,7560,A2,Infiltrating edge,113
8021 G3 7560 A2,7560,A2,Infiltrating edge,114
8021 G3 7560 A2,7560,A2,Infiltrating edge,115
8021 G3 7560 A2,7560,A2,Infiltrating edge,116
8021 G3 7560 A2,7560,A2,Infiltrating edge,117
8021 G3 7560 A2,7560,A2,Infiltrating edge,118
8021 G3 7560 A2,7560,A2,Infiltrating edge,119
8021 G3 7560 A2,7560,A2,Infiltrating edge,120
8021 G3 7560 A2,7560,A2,Infiltrating edge,121
8021 G3 7560 A2,7560,A2,Infiltrating edge,122
8021 G3 7560 A2,7560,A2,Infiltrating edge,123
8021 G3 7560 A2,7560,A2,Infiltrating edge,124
8021 G3 7560 A2,7560,A2,Infiltrating edge,125
8021 G3 7560 A2,7560,A2,Infiltrating edge,126
8021 G3 7560 A2,7560,A2,Infiltrating edge,127
8021 G3 7560 A2,7560,A2,Infiltrating edge,128
8021 G3 7560 A2,7560,A2,Infiltrating edge,129
8021 G3 7560 A2,7560,A2,Infiltrating edge,130
8021 G3 7560 A2,7560,A2,Infiltrating edge,131
8021 G3 7560 A2,7560,A2,Infiltrating edge,132
8021 G3 7560 A2,7560,A2,Infiltrating edge,133
8021 G3 7560 A2,7560,A2,Infiltrating edge,134
8021 G3 7560 A2,7560,A2,Infiltrating edge,135
8021 G3 7560 A2,7560,A2,Infiltrating edge,136
8021 G3 7560 A2,7560,A2,Infiltrating edge,137
8021 G3 7560 A2,7560,A2,Infiltrating edge,138
8021 G3 7560 A2,7560,A2,Infiltrating edge,139
8021 G3 7560 A2,7560,A2,Infiltrating edge,140
8021 G3 7560 A2,7560,A2,Infiltrating edge,141
8021 G3 7560 A2,7560,A2,Infiltrating edge,142
8021 G3 7560 A2,7560,A2,Infiltrating edge,143
8021 G3 7560 A2,7560,A2,Infiltrating edge,144
8021 G3 7560 A2,7560,A2,Infiltrating edge,145
8021 G3 7560 A2,7560,A2,Infiltrating edge,146
8021 G3 7560 A2,7560,A2,Infiltrating edge,147
8021 G3 7560 A2,7560,A2,Infiltrating edge,148
8021 G3 7560 A2,7560,A2,Infiltrating edge,149
8021 G3 7560 A2,7560,A2,Infiltrating edge,150
8021 G3 7560 A2,7560,A2,Infiltrating edge,151
8021 G3 7560 A2,7560,A2,Infiltrating edge,152
8021 G3 7560 A2,7560,A2,Infiltrating edge,153
8021 G3 7560 A2,7560,A2,Infiltrating edge,154
8021 G3 7560 A2,7560,A2,Infiltrating edge,155
8021 G3 7560 A2,7560,A2,Infiltrating edge,156
8021 G3 7560 A2,7560,A2,Infiltrating edge,157
8021 G3 7560 A2,7560,A2,Infiltrating edge,158
8021 G3 7560 A2,7560,A2,Infiltrating edge,159
8021 G3 7560 A2,7560,A2,Infiltrating edge,160
8021 G3 7560 A2,7560,A2,Infiltrating edge,161
8021 G3 7560 A2,7560,A2,Infiltrating edge,162
8021 G3 7560 A2,7560,A2,Infiltrating edge,163
8021 G3 7560 A2,7560,A2,Infiltrating edge,164
8021 G3 7560 A2,7560,A2,Infiltrating edge,165
8021 G3 7560 A2,7560,A2,Infiltrating edge,166
8021 G3 7560 A2,7560,A2,Infiltrating edge,167
8021 G3 7560 A2,7560,A2,Infiltrating edge,168
8021 G3 7560 A2,7560,A2,Infiltrating edge,169
8021 G3 7560 A2,7560,A2,Infiltrating edge,170
8021 G3 7560 A2,7560,A2,Infiltrating edge,171
8021 G3 7560 A2,7560,A2,Infiltrating edge,172
8021 G3 7560 A2,7560,A2,Infiltrating edge,173
8021 G3 7560 A2,7560,A2,Infiltrating edge,174
8021 G3 7560 A2,7560,A2,Infiltrating edge,175
8021 G3 7560 A2,7560,A2,Infiltrating edge,176
8021 G3 7560 A2,7560,A2,Infiltrating edge,177
8021 G3 7560 A2,7560,A2,Infiltrating edge,178
8021 G3 7560 A2,7560,A2,Infiltrating edge,179
8021 G3 7560 A2,7560,A2,Infiltrating edge,180
8021 G3 7560 A2,7560,A2,Infiltrating edge,181
8021 G3 7560 A2,8021,G3,Infiltrating edge,182
8021 G3 7560 A2,8021,G3,Infiltrating edge,183
8021 G3 7560 A2,8021,G3,Infiltrating edge,184
8021 G3 7560 A2,8021,G3,Infiltrating edge,185
8021 G3 7560 A2,8021,G3,Infiltrating edge,186
8021 G3 7560 A2,8021,G3,Infiltrating edge,187
8021 G3 7560 A2,8021,G3,Infiltrating edge,188
8021 G3 7560 A2,8021,G3,Infiltrating edge,189
8021 G3 7560 A2,8021,G3,Infiltrating edge,190
8021 G3 7560 A2,8021,G3,Infiltrating edge,191
8021 G3 7560 A2,8021,G3,Infiltrating edge,192
8021 G3 7560 A2,8021,G3,Infiltrating edge,193
8021 G3 7560 A2,8021,G3,Infiltrating edge,194
8021 G3 7560 A2,8021,G3,Infiltrating edge,195
8021 G3 7560 A2,8021,G3,Infiltrating edge,196
8021 G3 7560 A2,8021,G3,Infiltrating edge,197
8021 G3 7560 A2,8021,G3,Infiltrating edge,198
8021 G3 7560 A2,8021,G3,Infiltrating edge,199
8021 G3 7560 A2,8021,G3,Infiltrating edge,200
7583 G2 7583 G7,7583,G7,Infiltrating edge,1
7583 G2 7583 G7,7583,G7,Infiltrating edge,2
7583 G2 7583 G7,7583,G7,Infiltrating edge,3
7583 G2 7583 G7,7583,G7,Infiltrating edge,4
7583 G2 7583 G7,7583,G7,Infiltrating edge,5
7583 G2 7583 G7,7583,G7,Infiltrating edge,6
7583 G2 7583 G7,7583,G7,Infiltrating edge,7
7583 G2 7583 G7,7583,G7,Infiltrating edge,8
7583 G2 7583 G7,7583,G7,Infiltrating edge,9
7583 G2 7583 G7,7583,G7,Infiltrating edge,10
7583 G2 7583 G7,7583,G7,Infiltrating edge,11
7583 G2 7583 G7,7583,G7,Infiltrating edge,12
7583 G2 7583 G7,7583,G7,Infiltrating edge,13
7583 G2 7583 G7,7583,G7,Infiltrating edge,14
7583 G2 7583 G7,7583,G7,Infiltrating edge,15
7583 G2 7583 G7,7583,G7,Infiltrating edge,16
7583 G2 7583 G7,7583,G7,Infiltrating edge,17
7583 G2 7583 G7,7583,G7,Infiltrating edge,18
7583 G2 7583 G7,7583,G7,Infiltrating edge,19
7583 G2 7583 G7,7583,G7,Infiltrating edge,20
7583 G2 7583 G7,7583,G7,Infiltrating edge,21
7583 G2 7583 G7,7583,G7,Infiltrating edge,22
7583 G2 7583 G7,7583,G7,Infiltrating edge,23
7583 G2 7583 G7,7583,G7,Infiltrating edge,24
7583 G2 7583 G7,7583,G7,Infiltrating edge,25
7583 G2 7583 G7,7583,G7,Infiltrating edge,26
7583 G2 7583 G7,7583,G7,Infiltrating edge,27
7583 G2 7583 G7,7583,G7,Infiltrating edge,28
7583 G2 7583 G7,7583,G7,Infiltrating edge,29
7583 G2 7583 G7,7583,G7,Infiltrating edge,30
7583 G2 7583 G7,7583,G7,Infiltrating edge,31
7583 G2 7583 G7,7583,G7,Infiltrating edge,32
7583 G2 7583 G7,7583,G7,Infiltrating edge,33
7583 G2 7583 G7,7583,G7,Infiltrating edge,34
7583 G2 7583 G7,7583,G7,Infiltrating edge,35
7583 G2 7583 G7,7583,G7,Infiltrating edge,36
7583 G2 7583 G7,7583,G7,Infiltrating edge,37
7583 G2 7583 G7,7583,G7,Infiltrating edge,38
7583 G2 7583 G7,7583,G7,Infiltrating edge,39
7583 G2 7583 G7,7583,G7,Infiltrating edge,40
7583 G2 7583 G7,7583,G7,Infiltrating edge,41
7583 G2 7583 G7,7583,G7,Infiltrating edge,42
7583 G2 7583 G7,7583,G7,Infiltrating edge,43
7583 G2 7583 G7,7583,G7,Infiltrating edge,44
7583 G2 7583 G7,7583,G7,Infiltrating edge,45
7583 G2 7583 G7,7583,G7,Infiltrating edge,46
7583 G2 7583 G7,7583,G7,Infiltrating edge,47
7583 G2 7583 G7,7583,G7,Infiltrating edge,48
7583 G2 7583 G7,7583,G7,Infiltrating edge,49
7583 G2 7583 G7,7583,G7,Infiltrating edge,50
7583 G2 7583 G7,7583,G7,Infiltrating edge,51
7583 G2 7583 G7,7583,G7,Infiltrating edge,52
7583 G2 7583 G7,7583,G7,Infiltrating edge,53
7583 G2 7583 G7,7583,G7,Infiltrating edge,54
7583 G2 7583 G7,7583,G7,Infiltrating edge,55
7583 G2 7583 G7,7583,G7,Infiltrating edge,56
7583 G2 7583 G7,7583,G7,Infiltrating edge,57
7583 G2 7583 G7,7583,G7,Infiltrating edge,58
7583 G2 7583 G7,7583,G7,Infiltrating edge,59
7583 G2 7583 G7,7583,G7,Infiltrating edge,60
7583 G2 7583 G7,7583,G7,Infiltrating edge,61
7583 G2 7583 G7,7583,G7,Infiltrating edge,62
7583 G2 7583 G7,7583,G7,Infiltrating edge,63
7583 G2 7583 G7,7583,G7,Infiltrating edge,64
7583 G2 7583 G7,7583,G7,Infiltrating edge,65
7583 G2 7583 G7,7583,G7,Infiltrating edge,66
7583 G2 7583 G7,7583,G7,Infiltrating edge,67
7583 G2 7583 G7,7583,G7,Infiltrating edge,68
7583 G2 7583 G7,7583,G7,Infiltrating edge,69
7583 G2 7583 G7,7583,G7,Infiltrating edge,70
7583 G2 7583 G7,7583,G7,Infiltrating edge,71
7583 G2 7583 G7,7583,G7,Infiltrating edge,72
7583 G2 7583 G7,7583,G7,Infiltrating edge,73
7583 G2 7583 G7,7583,G7,Infiltrating edge,74
7583 G2 7583 G7,7583,G7,Infiltrating edge,75
7583 G2 7583 G7,7583,G7,Infiltrating edge,76
7583 G2 7583 G7,7583,G7,Infiltrating edge,77
7583 G2 7583 G7,7583,G7,Infiltrating edge,78
7583 G2 7583 G7,7583,G7,Infiltrating edge,79
7583 G2 7583 G7,7583,G7,Infiltrating edge,80
7583 G2 7583 G7,7583,G7,Infiltrating edge,81
7583 G2 7583 G7,7583,G7,Infiltrating edge,82
7583 G2 7583 G7,7583,G7,Infiltrating edge,83
7583 G2 7583 G7,7583,G7,Infiltrating edge,84
7583 G2 7583 G7,7583,G7,Infiltrating edge,85
7583 G2 7583 G7,7583,G7,Infiltrating edge,86
7583 G2 7583 G7,7583,G7,Infiltrating edge,87
7583 G2 7583 G7,7583,G7,Infiltrating edge,88
7583 G2 7583 G7,7583,G7,Infiltrating edge,89
7583 G2 7583 G7,7583,G7,Infiltrating edge,90
7583 G2 7583 G7,7583,G7,Infiltrating edge,91
7583 G2 7583 G7,7583,G7,Infiltrating edge,92
7583 G2 7583 G7,7583,G7,Infiltrating edge,93
7583 G2 7583 G7,7583,G7,Infiltrating edge,94
7583 G2 7583 G7,7583,G7,Infiltrating edge,95
7583 G2 7583 G7,7583,G7,Infiltrating edge,96
7583 G2 7583 G7,7583,G7,Infiltrating edge,97
7583 G2 7583 G7,7583,G7,Infiltrating edge,98
7583 G2 7583 G7,7583,G7,Infiltrating edge,99
7583 G2 7583 G7,7583,G7,Infiltrating edge,100
7583 G2 7583 G7,7583,G2,Tumor bulk,101
7583 G2 7583 G7,7583,G2,Tumor bulk,102
7583 G2 7583 G7,7583,G2,Tumor bulk,103
7583 G2 7583 G7,7583,G2,Tumor bulk,104
7583 G2 7583 G7,7583,G2,Tumor bulk,105
7583 G2 7583 G7,7583,G2,Tumor bulk,106
7583 G2 7583 G7,7583,G2,Tumor bulk,107
7583 G2 7583 G7,7583,G2,Tumor bulk,108
7583 G2 7583 G7,7583,G2,Tumor bulk,109
7583 G2 7583 G7,7583,G2,Tumor bulk,110
7583 G2 7583 G7,7583,G2,Tumor bulk,111
7583 G2 7583 G7,7583,G2,Tumor bulk,112
7583 G2 7583 G7,7583,G2,Tumor bulk,113
7583 G2 7583 G7,7583,G2,Tumor bulk,114
7583 G2 7583 G7,7583,G2,Tumor bulk,115
7583 G2 7583 G7,7583,G2,Tumor bulk,116
7583 G2 7583 G7,7583,G2,Tumor bulk,117
7583 G2 7583 G7,7583,G2,Tumor bulk,118
7583 G2 7583 G7,7583,G2,Tumor bulk,119
7583 G2 7583 G7,7583,G2,Tumor bulk,120
7583 G2 7583 G7,7583,G2,Tumor bulk,121
7583 G2 7583 G7,7583,G2,Tumor bulk,122
7583 G2 7583 G7,7583,G2,Tumor bulk,123
7583 G2 7583 G7,7583,G2,Tumor bulk,124
7583 G2 7583 G7,7583,G2,Tumor bulk,125
7583 G2 7583 G7,7583,G2,Tumor bulk,126
7583 G2 7583 G7,7583,G2,Tumor bulk,127
7583 G2 7583 G7,7583,G2,Tumor bulk,128
7583 G2 7583 G7,7583,G2,Tumor bulk,129
7583 G2 7583 G7,7583,G2,Tumor bulk,130
7583 G2 7583 G7,7583,G2,Tumor bulk,131
7583 G2 7583 G7,7583,G2,Tumor bulk,132
7583 G2 7583 G7,7583,G2,Tumor bulk,133
7583 G2 7583 G7,7583,G2,Tumor bulk,134
7583 G2 7583 G7,7583,G2,Tumor bulk,135
7583 G2 7583 G7,7583,G2,Tumor bulk,136
7583 G2 7583 G7,7583,G2,Tumor bulk,137
7583 G2 7583 G7,7583,G2,Tumor bulk,138
7583 G2 7583 G7,7583,G2,Tumor bulk,139
7583 G2 7583 G7,7583,G2,Tumor bulk,140
7583 G2 7583 G7,7583,G2,Tumor bulk,141
7583 G2 7583 G7,7583,G2,Tumor bulk,142
7583 G2 7583 G7,7583,G2,Tumor bulk,143
7583 G2 7583 G7,7583,G2,Tumor bulk,144
7583 G2 7583 G7,7583,G2,Tumor bulk,145
7583 G2 7583 G7,7583,G2,Tumor bulk,146
7583 G2 7583 G7,7583,G2,Tumor bulk,147
7583 G2 7583 G7,7583,G2,Tumor bulk,148
7583 G2 7583 G7,7583,G2,Tumor bulk,149
7583 G2 7583 G7,7583,G2,Tumor bulk,150
7583 G2 7583 G7,7583,G2,Tumor bulk,151
7583 G2 7583 G7,7583,G2,Tumor bulk,152
7583 G2 7583 G7,7583,G2,Tumor bulk,153
7583 G2 7583 G7,7583,G2,Tumor bulk,154
7583 G2 7583 G7,7583,G2,Tumor bulk,155
7583 G2 7583 G7,7583,G2,Tumor bulk,156
7583 G2 7583 G7,7583,G2,Tumor bulk,157
7583 G2 7583 G7,7583,G2,Tumor bulk,158
7583 G2 7583 G7,7583,G2,Tumor bulk,159
7583 G2 7583 G7,7583,G2,Tumor bulk,160
7583 G2 7583 G7,7583,G2,Tumor bulk,161
7583 G2 7583 G7,7583,G2,Tumor bulk,162
7583 G2 7583 G7,7583,G2,Tumor bulk,163
7583 G2 7583 G7,7583,G2,Tumor bulk,164
7583 G2 7583 G7,7583,G2,Tumor bulk,165
7583 G2 7583 G7,7583,G2,Tumor bulk,166
7583 G2 7583 G7,7583,G2,Tumor bulk,167
7583 G2 7583 G7,7583,G2,Tumor bulk,168
7583 G2 7583 G7,7583,G2,Tumor bulk,169
7583 G2 7583 G7,7583,G2,Tumor bulk,170
7583 G2 7583 G7,7583,G2,Tumor bulk,171
7583 G2 7583 G7,7583,G2,Tumor bulk,172
7583 G2 7583 G7,7583,G2,Tumor bulk,173
7583 G2 7583 G7,7583,G2,Tumor bulk,174
7583 G2 7583 G7,7583,G2,Tumor bulk,175
7583 G2 7583 G7,7583,G2,Tumor bulk,176
7583 G2 7583 G7,7583,G2,Tumor bulk,177
7583 G2 7583 G7,7583,G2,Tumor bulk,178
7583 G2 7583 G7,7583,G2,Tumor bulk,179
7583 G2 7583 G7,7583,G2,Tumor bulk,180
7583 G2 7583 G7,7583,G2,Tumor bulk,181
7583 G2 7583 G7,7583,G2,Tumor bulk,182
7583 G2 7583 G7,7583,G2,Tumor bulk,183
7583 G2 7583 G7,7583,G2,Tumor bulk,184
7583 G2 7583 G7,7583,G2,Tumor bulk,185
7583 G2 7583 G7,7583,G2,Tumor bulk,186
7583 G2 7583 G7,7583,G2,Tumor bulk,187
7583 G2 7583 G7,7583,G2,Tumor bulk,188
7583 G2 7583 G7,7583,G2,Tumor bulk,189
7583 G2 7583 G7,7583,G2,Tumor bulk,190
7583 G2 7583 G7,7583,G2,Tumor bulk,191
7583 G2 7583 G7,7583,G2,Tumor bulk,192
7583 G2 7583 G7,7583,G2,Tumor bulk,193
7583 G2 7583 G7,7583,G2,Tumor bulk,194
7583 G2 7583 G7,7583,G2,Tumor bulk,195
7583 G2 7583 G7,7583,G2,Tumor bulk,196
7583 G2 7583 G7,7583,G2,Tumor bulk,197
7583 G2 7583 G7,7583,G2,Tumor bulk,198
7583 G2 7583 G7,7583,G2,Tumor bulk,199
7583 G2 7583 G7,7583,G2,Tumor bulk,200
7670 A4 7697 G5,7697,G5,Infiltrating edge,1
7670 A4 7697 G5,7697,G5,Infiltrating edge,2
7670 A4 7697 G5,7697,G5,Infiltrating edge,3
7670 A4 7697 G5,7697,G5,Infiltrating edge,4
7670 A4 7697 G5,7697,G5,Infiltrating edge,5
7670 A4 7697 G5,7697,G5,Infiltrating edge,6
7670 A4 7697 G5,7697,G5,Infiltrating edge,7
7670 A4 7697 G5,7697,G5,Infiltrating edge,8
7670 A4 7697 G5,7697,G5,Infiltrating edge,9
7670 A4 7697 G5,7697,G5,Infiltrating edge,10
7670 A4 7697 G5,7697,G5,Infiltrating edge,11
7670 A4 7697 G5,7697,G5,Infiltrating edge,12
7670 A4 7697 G5,7697,G5,Infiltrating edge,13
7670 A4 7697 G5,7697,G5,Infiltrating edge,14
7670 A4 7697 G5,7697,G5,Infiltrating edge,15
7670 A4 7697 G5,7697,G5,Infiltrating edge,16
7670 A4 7697 G5,7697,G5,Infiltrating edge,17
7670 A4 7697 G5,7697,G5,Infiltrating edge,18
7670 A4 7697 G5,7697,G5,Infiltrating edge,19
7670 A4 7697 G5,7697,G5,Infiltrating edge,20
7670 A4 7697 G5,7697,G5,Infiltrating edge,21
7670 A4 7697 G5,7697,G5,Infiltrating edge,22
7670 A4 7697 G5,7697,G5,Infiltrating edge,23
7670 A4 7697 G5,7697,G5,Infiltrating edge,24
7670 A4 7697 G5,7697,G5,Infiltrating edge,25
7670 A4 7697 G5,7697,G5,Infiltrating edge,26
7670 A4 7697 G5,7697,G5,Infiltrating edge,27
7670 A4 7697 G5,7697,G5,Infiltrating edge,28
7670 A4 7697 G5,7697,G5,Infiltrating edge,29
7670 A4 7697 G5,7697,G5,Infiltrating edge,30
7670 A4 7697 G5,7697,G5,Infiltrating edge,31
7670 A4 7697 G5,7697,G5,Infiltrating edge,32
7670 A4 7697 G5,7697,G5,Infiltrating edge,33
7670 A4 7697 G5,7697,G5,Infiltrating edge,34
7670 A4 7697 G5,7697,G5,Infiltrating edge,35
7670 A4 7697 G5,7697,G5,Infiltrating edge,36
7670 A4 7697 G5,7697,G5,Infiltrating edge,37
7670 A4 7697 G5,7697,G5,Infiltrating edge,38
7670 A4 7697 G5,7697,G5,Infiltrating edge,39
7670 A4 7697 G5,7697,G5,Infiltrating edge,40
7670 A4 7697 G5,7697,G5,Infiltrating edge,41
7670 A4 7697 G5,7697,G5,Infiltrating edge,42
7670 A4 7697 G5,7697,G5,Infiltrating edge,43
7670 A4 7697 G5,7697,G5,Infiltrating edge,44
7670 A4 7697 G5,7697,G5,Infiltrating edge,45
7670 A4 7697 G5,7697,G5,Infiltrating edge,46
7670 A4 7697 G5,7697,G5,Infiltrating edge,47
7670 A4 7697 G5,7697,G5,Infiltrating edge,48
7670 A4 7697 G5,7697,G5,Infiltrating edge,49
7670 A4 7697 G5,7697,G5,Infiltrating edge,50
7670 A4 7697 G5,7697,G5,Infiltrating edge,51
7670 A4 7697 G5,7697,G5,Infiltrating edge,52
7670 A4 7697 G5,7697,G5,Infiltrating edge,53
7670 A4 7697 G5,7697,G5,Infiltrating edge,54
7670 A4 7697 G5,7697,G5,Infiltrating edge,55
7670 A4 7697 G5,7697,G5,Infiltrating edge,56
7670 A4 7697 G5,7697,G5,Infiltrating edge,57
7670 A4 7697 G5,7697,G5,Infiltrating edge,58
7670 A4 7697 G5,7697,G5,Infiltrating edge,59
7670 A4 7697 G5,7697,G5,Infiltrating edge,60
7670 A4 7697 G5,7697,G5,Infiltrating edge,61
7670 A4 7697 G5,7697,G5,Infiltrating edge,62
7670 A4 7697 G5,7697,G5,Infiltrating edge,63
7670 A4 7697 G5,7697,G5,Infiltrating edge,64
7670 A4 7697 G5,7697,G5,Infiltrating edge,65
7670 A4 7697 G5,7697,G5,Infiltrating edge,66
7670 A4 7697 G5,7697,G5,Infiltrating edge,67
7670 A4 7697 G5,7697,G5,Infiltrating edge,68
7670 A4 7697 G5,7697,G5,Infiltrating edge,69
7670 A4 7697 G5,7697,G5,Infiltrating edge,70
7670 A4 7697 G5,7697,G5,Infiltrating edge,71
7670 A4 7697 G5,7697,G5,Infiltrating edge,72
7670 A4 7697 G5,7697,G5,Infiltrating edge,73
7670 A4 7697 G5,7697,G5,Infiltrating edge,74
7670 A4 7697 G5,7697,G5,Infiltrating edge,75
7670 A4 7697 G5,7697,G5,Infiltrating edge,76
7670 A4 7697 G5,7697,G5,Infiltrating edge,77
7670 A4 7697 G5,7697,G5,Infiltrating edge,78
7670 A4 7697 G5,7697,G5,Infiltrating edge,79
7670 A4 7697 G5,7697,G5,Infiltrating edge,80
7670 A4 7697 G5,7697,G5,Infiltrating edge,81
7670 A4 7697 G5,7697,G5,Infiltrating edge,82
7670 A4 7697 G5,7697,G5,Infiltrating edge,83
7670 A4 7697 G5,7697,G5,Infiltrating edge,84
7670 A4 7697 G5,7697,G5,Infiltrating edge,85
7670 A4 7697 G5,7697,G5,Infiltrating edge,86
7670 A4 7697 G5,7697,G5,Infiltrating edge,87
7670 A4 7697 G5,7697,G5,Infiltrating edge,88
7670 A4 7697 G5,7697,G5,Infiltrating edge,89
7670 A4 7697 G5,7697,G5,Infiltrating edge,90
7670 A4 7697 G5,7697,G5,Infiltrating edge,91
7670 A4 7697 G5,7697,G5,Infiltrating edge,92
7670 A4 7697 G5,7697,G5,Infiltrating edge,93
7670 A4 7697 G5,7697,G5,Infiltrating edge,94
7670 A4 7697 G5,7697,G5,Infiltrating edge,95
7670 A4 7697 G5,7697,G5,Infiltrating edge,96
7670 A4 7697 G5,7697,G5,Infiltrating edge,97
7670 A4 7697 G5,7697,G5,Infiltrating edge,98
7670 A4 7697 G5,7697,G5,Infiltrating edge,99
7670 A4 7697 G5,7697,G5,Infiltrating edge,100
7670 A4 7697 G5,7670,A4,Tumor bulk,101
7670 A4 7697 G5,7670,A4,Tumor bulk,102
7670 A4 7697 G5,7670,A4,Tumor bulk,103
7670 A4 7697 G5,7670,A4,Tumor bulk,104
7670 A4 7697 G5,7670,A4,Tumor bulk,105
7670 A4 7697 G5,7670,A4,Tumor bulk,106
7670 A4 7697 G5,7670,A4,Tumor bulk,107
7670 A4 7697 G5,7670,A4,Tumor bulk,108
7670 A4 7697 G5,7670,A4,Tumor bulk,109
7670 A4 7697 G5,7670,A4,Tumor bulk,110
7670 A4 7697 G5,7670,A4,Tumor bulk,111
7670 A4 7697 G5,7670,A4,Tumor bulk,112
7670 A4 7697 G5,7670,A4,Tumor bulk,113
7670 A4 7697 G5,7670,A4,Tumor bulk,114
7670 A4 7697 G5,7670,A4,Tumor bulk,115
7670 A4 7697 G5,7670,A4,Tumor bulk,116
7670 A4 7697 G5,7670,A4,Tumor bulk,117
7670 A4 7697 G5,7670,A4,Tumor bulk,118
7670 A4 7697 G5,7670,A4,Tumor bulk,119
7670 A4 7697 G5,7670,A4,Tumor bulk,120
7670 A4 7697 G5,7670,A4,Tumor bulk,121
7670 A4 7697 G5,7670,A4,Tumor bulk,122
7670 A4 7697 G5,7670,A4,Tumor bulk,123
7670 A4 7697 G5,7670,A4,Tumor bulk,124
7670 A4 7697 G5,7670,A4,Tumor bulk,125
7670 A4 7697 G5,7670,A4,Tumor bulk,126
7670 A4 7697 G5,7670,A4,Tumor bulk,127
7670 A4 7697 G5,7670,A4,Tumor bulk,128
7670 A4 7697 G5,7670,A4,Tumor bulk,129
7670 A4 7697 G5,7670,A4,Tumor bulk,130
7670 A4 7697 G5,7670,A4,Tumor bulk,131
7670 A4 7697 G5,7670,A4,Tumor bulk,132
7670 A4 7697 G5,7670,A4,Tumor bulk,133
7670 A4 7697 G5,7670,A4,Tumor bulk,134
7670 A4 7697 G5,7670,A4,Tumor bulk,135
7670 A4 7697 G5,7670,A4,Tumor bulk,136
7670 A4 7697 G5,7670,A4,Tumor bulk,137
7670 A4 7697 G5,7670,A4,Tumor bulk,138
7670 A4 7697 G5,7670,A4,Tumor bulk,139
7670 A4 7697 G5,7670,A4,Tumor bulk,140
7670 A4 7697 G5,7670,A4,Tumor bulk,141
7670 A4 7697 G5,7670,A4,Tumor bulk,142
7670 A4 7697 G5,7670,A4,Tumor bulk,143
7670 A4 7697 G5,7670,A4,Tumor bulk,144
7670 A4 7697 G5,7670,A4,Tumor bulk,145
7670 A4 7697 G5,7670,A4,Tumor bulk,146
7670 A4 7697 G5,7670,A4,Tumor bulk,147
7670 A4 7697 G5,7670,A4,Tumor bulk,148
7670 A4 7697 G5,7670,A4,Tumor bulk,149
7670 A4 7697 G5,7670,A4,Tumor bulk,150
7670 A4 7697 G5,7670,A4,Tumor bulk,151
7670 A4 7697 G5,7670,A4,Tumor bulk,152
7670 A4 7697 G5,7670,A4,Tumor bulk,153
7670 A4 7697 G5,7670,A4,Tumor bulk,154
7670 A4 7697 G5,7670,A4,Tumor bulk,155
7670 A4 7697 G5,7670,A4,Tumor bulk,156
7670 A4 7697 G5,7670,A4,Tumor bulk,157
7670 A4 7697 G5,7670,A4,Tumor bulk,158
7670 A4 7697 G5,7670,A4,Tumor bulk,159
7670 A4 7697 G5,7670,A4,Tumor bulk,160
7670 A4 7697 G5,7670,A4,Tumor bulk,161
7670 A4 7697 G5,7670,A4,Tumor bulk,162
7670 A4 7697 G5,7670,A4,Tumor bulk,163
7670 A4 7697 G5,7670,A4,Tumor bulk,164
7670 A4 7697 G5,7670,A4,Tumor bulk,165
7670 A4 7697 G5,7670,A4,Tumor bulk,166
7670 A4 7697 G5,7670,A4,Tumor bulk,167
7670 A4 7697 G5,7670,A4,Tumor bulk,168
7670 A4 7697 G5,7670,A4,Tumor bulk,169
7670 A4 7697 G5,7670,A4,Tumor bulk,170
7670 A4 7697 G5,7670,A4,Tumor bulk,171
7670 A4 7697 G5,7670,A4,Tumor bulk,172
7670 A4 7697 G5,7670,A4,Tumor bulk,173
7670 A4 7697 G5,7670,A4,Tumor bulk,174
7670 A4 7697 G5,7670,A4,Tumor bulk,175
7670 A4 7697 G5,7670,A4,Tumor bulk,176
7670 A4 7697 G5,7670,A4,Tumor bulk,177
7670 A4 7697 G5,7670,A4,Tumor bulk,178
7670 A4 7697 G5,7670,A4,Tumor bulk,179
7670 A4 7697 G5,7670,A4,Tumor bulk,180
7670 A4 7697 G5,7670,A4,Tumor bulk,181
7670 A4 7697 G5,7670,A4,Tumor bulk,182
7670 A4 7697 G5,7670,A4,Tumor bulk,183
7670 A4 7697 G5,7670,A4,Tumor bulk,184
7670 A4 7697 G5,7670,A4,Tumor bulk,185
7670 A4 7697 G5,7670,A4,Tumor bulk,186
7670 A4 7697 G5,7670,A4,Tumor bulk,187
7670 A4 7697 G5,7670,A4,Tumor bulk,188
7670 A4 7697 G5,7670,A4,Tumor bulk,189
7670 A4 7697 G5,7670,A4,Tumor bulk,190
7670 A4 7697 G5,7670,A4,Tumor bulk,191
7670 A4 7697 G5,7670,A4,Tumor bulk,192
7670 A4 7697 G5,7670,A4,Tumor bulk,193
7670 A4 7697 G5,7670,A4,Tumor bulk,194
7670 A4 7697 G5,7670,A4,Tumor bulk,195
7670 A4 7697 G5,7670,A4,Tumor bulk,196
7670 A4 7697 G5,7670,A4,Tumor bulk,197
7670 A4 7697 G5,7670,A4,Tumor bulk,198
7670 A4 7697 G5,7670,A4,Tumor bulk,199
7670 A4 7697 G5,7670,A4,Tumor bulk,200
7670 A7 7697 A7,7697,A7,Contralateral uninvolved,1
7670 A7 7697 A7,7697,A7,Contralateral uninvolved,2
7670 A7 7697 A7,7697,A7,Contralateral uninvolved,3
7670 A7 7697 A7,7697,A7,Contralateral uninvolved,4
7670 A7 7697 A7,7697,A7,Contralateral uninvolved,5
7670 A7 7697 A7,7697,A7,Contralateral uninvolved,6
7670 A7 7697 A7,7697,A7,Contralateral uninvolved,7
7670 A7 7697 A7,7697,A7,Contralateral uninvolved,8
7670 A7 7697 A7,7697,A7,Contralateral uninvolved,9
7670 A7 7697 A7,7697,A7,Contralateral uninvolved,10
7670 A7 7697 A7,7697,A7,Contralateral uninvolved,11
7670 A7 7697 A7,7697,A7,Contralateral uninvolved,12
7670 A7 7697 A7,7697,A7,Contralateral uninvolved,13
7670 A7 7697 A7,7697,A7,Contralateral uninvolved,14
7670 A7 7697 A7,7697,A7,Contralateral uninvolved,15
7670 A7 7697 A7,7697,A7,Contralateral uninvolved,16
7670 A7 7697 A7,7697,A7,Contralateral uninvolved,17
7670 A7 7697 A7,7697,A7,Contralateral uninvolved,18
7670 A7 7697 A7,7697,A7,Contralateral uninvolved,19
7670 A7 7697 A7,7697,A7,Contralateral uninvolved,20
7670 A7 7697 A7,7697,A7,Contralateral uninvolved,21
7670 A7 7697 A7,7697,A7,Contralateral uninvolved,22
7670 A7 7697 A7,7697,A7,Contralateral uninvolved,23
7670 A7 7697 A7,7697,A7,Contralateral uninvolved,24
7670 A7 7697 A7,7697,A7,Contralateral uninvolved,25
7670 A7 7697 A7,7697,A7,Contralateral uninvolved,26
7670 A7 7697 A7,7697,A7,Contralateral uninvolved,27
7670 A7 7697 A7,7697,A7,Contralateral uninvolved,28
7670 A7 7697 A7,7697,A7,Contralateral uninvolved,29
7670 A7 7697 A7,7697,A7,Contralateral uninvolved,30
7670 A7 7697 A7,7697,A7,Contralateral uninvolved,31
7670 A7 7697 A7,7697,A7,Contralateral uninvolved,32
7670 A7 7697 A7,7697,A7,Contralateral uninvolved,33
7670 A7 7697 A7,7697,A7,Contralateral uninvolved,34
7670 A7 7697 A7,7697,A7,Contralateral uninvolved,35
7670 A7 7697 A7,7697,A7,Contralateral uninvolved,36
7670 A7 7697 A7,7697,A7,Contralateral uninvolved,37
7670 A7 7697 A7,7697,A7,Contralateral uninvolved,38
7670 A7 7697 A7,7697,A7,Contralateral uninvolved,39
7670 A7 7697 A7,7697,A7,Contralateral uninvolved,40
7670 A7 7697 A7,7697,A7,Contralateral uninvolved,41
7670 A7 7697 A7,7697,A7,Contralateral uninvolved,42
7670 A7 7697 A7,7697,A7,Contralateral uninvolved,43
7670 A7 7697 A7,7697,A7,Contralateral uninvolved,44
7670 A7 7697 A7,7697,A7,Contralateral uninvolved,45
7670 A7 7697 A7,7697,A7,Contralateral uninvolved,46
7670 A7 7697 A7,7697,A7,Contralateral uninvolved,47
7670 A7 7697 A7,7697,A7,Contralateral uninvolved,48
7670 A7 7697 A7,7697,A7,Contralateral uninvolved,49
7670 A7 7697 A7,7697,A7,Contralateral uninvolved,50
7670 A7 7697 A7,7697,A7,Contralateral uninvolved,51
7670 A7 7697 A7,7697,A7,Contralateral uninvolved,52
7670 A7 7697 A7,7697,A7,Contralateral uninvolved,53
7670 A7 7697 A7,7697,A7,Contralateral uninvolved,54
7670 A7 7697 A7,7697,A7,Contralateral uninvolved,55
7670 A7 7697 A7,7697,A7,Contralateral uninvolved,56
7670 A7 7697 A7,7697,A7,Contralateral uninvolved,57
7670 A7 7697 A7,7697,A7,Contralateral uninvolved,58
7670 A7 7697 A7,7697,A7,Contralateral uninvolved,59
7670 A7 7697 A7,7697,A7,Contralateral uninvolved,60
7670 A7 7697 A7,7697,A7,Contralateral uninvolved,61
7670 A7 7697 A7,7697,A7,Contralateral uninvolved,62
7670 A7 7697 A7,7697,A7,Contralateral uninvolved,63
7670 A7 7697 A7,7697,A7,Contralateral uninvolved,64
7670 A7 7697 A7,7697,A7,Contralateral uninvolved,65
7670 A7 7697 A7,7697,A7,Contralateral uninvolved,66
7670 A7 7697 A7,7697,A7,Contralateral uninvolved,67
7670 A7 7697 A7,7697,A7,Contralateral uninvolved,68
7670 A7 7697 A7,7697,A7,Contralateral uninvolved,69
7670 A7 7697 A7,7697,A7,Contralateral uninvolved,70
7670 A7 7697 A7,7697,A7,Contralateral uninvolved,71
7670 A7 7697 A7,7697,A7,Contralateral uninvolved,72
7670 A7 7697 A7,7697,A7,Contralateral uninvolved,73
7670 A7 7697 A7,7697,A7,Contralateral uninvolved,74
7670 A7 7697 A7,7697,A7,Contralateral uninvolved,75
7670 A7 7697 A7,7697,A7,Contralateral uninvolved,76
7670 A7 7697 A7,7697,A7,Contralateral uninvolved,77
7670 A7 7697 A7,7697,A7,Contralateral uninvolved,78
7670 A7 7697 A7,7697,A7,Contralateral uninvolved,79
7670 A7 7697 A7,7697,A7,Contralateral uninvolved,80
7670 A7 7697 A7,7697,A7,Contralateral uninvolved,81
7670 A7 7697 A7,7697,A7,Contralateral uninvolved,82
7670 A7 7697 A7,7697,A7,Contralateral uninvolved,83
7670 A7 7697 A7,7697,A7,Contralateral uninvolved,84
7670 A7 7697 A7,7697,A7,Contralateral uninvolved,85
7670 A7 7697 A7,7697,A7,Contralateral uninvolved,86
7670 A7 7697 A7,7697,A7,Contralateral uninvolved,87
7670 A7 7697 A7,7697,A7,Contralateral uninvolved,88
7670 A7 7697 A7,7697,A7,Contralateral uninvolved,89
7670 A7 7697 A7,7697,A7,Contralateral uninvolved,90
7670 A7 7697 A7,7697,A7,Contralateral uninvolved,91
7670 A7 7697 A7,7697,A7,Contralateral uninvolved,92
7670 A7 7697 A7,7697,A7,Contralateral uninvolved,93
7670 A7 7697 A7,7697,A7,Contralateral uninvolved,94
7670 A7 7697 A7,7697,A7,Contralateral uninvolved,95
7670 A7 7697 A7,7697,A7,Contralateral uninvolved,96
7670 A7 7697 A7,7697,A7,Contralateral uninvolved,97
7670 A7 7697 A7,7697,A7,Contralateral uninvolved,98
7670 A7 7697 A7,7697,A7,Contralateral uninvolved,99
7670 A7 7697 A7,7697,A7,Contralateral uninvolved,100
7670 A7 7697 A7,7670,A7,Contralateral uninvolved,101
7670 A7 7697 A7,7670,A7,Contralateral uninvolved,102
7670 A7 7697 A7,7670,A7,Contralateral uninvolved,103
7670 A7 7697 A7,7670,A7,Contralateral uninvolved,104
7670 A7 7697 A7,7670,A7,Contralateral uninvolved,105
7670 A7 7697 A7,7670,A7,Contralateral uninvolved,106
7670 A7 7697 A7,7670,A7,Contralateral uninvolved,107
7670 A7 7697 A7,7670,A7,Contralateral uninvolved,108
7670 A7 7697 A7,7670,A7,Contralateral uninvolved,109
7670 A7 7697 A7,7670,A7,Contralateral uninvolved,110
7670 A7 7697 A7,7670,A7,Contralateral uninvolved,111
7670 A7 7697 A7,7670,A7,Contralateral uninvolved,112
7670 A7 7697 A7,7670,A7,Contralateral uninvolved,113
7670 A7 7697 A7,7670,A7,Contralateral uninvolved,114
7670 A7 7697 A7,7670,A7,Contralateral uninvolved,115
7670 A7 7697 A7,7670,A7,Contralateral uninvolved,116
7670 A7 7697 A7,7670,A7,Contralateral uninvolved,117
7670 A7 7697 A7,7670,A7,Contralateral uninvolved,118
7670 A7 7697 A7,7670,A7,Contralateral uninvolved,119
7670 A7 7697 A7,7670,A7,Contralateral uninvolved,120
7670 A7 7697 A7,7670,A7,Contralateral uninvolved,121
7670 A7 7697 A7,7670,A7,Contralateral uninvolved,122
7670 A7 7697 A7,7670,A7,Contralateral uninvolved,123
7670 A7 7697 A7,7670,A7,Contralateral uninvolved,124
7670 A7 7697 A7,7670,A7,Contralateral uninvolved,125
7670 A7 7697 A7,7670,A7,Contralateral uninvolved,126
7670 A7 7697 A7,7670,A7,Contralateral uninvolved,127
7670 A7 7697 A7,7670,A7,Contralateral uninvolved,128
7670 A7 7697 A7,7670,A7,Contralateral uninvolved,129
7670 A7 7697 A7,7670,A7,Contralateral uninvolved,130
7670 A7 7697 A7,7670,A7,Contralateral uninvolved,131
7670 A7 7697 A7,7670,A7,Contralateral uninvolved,132
7670 A7 7697 A7,7670,A7,Contralateral uninvolved,133
7670 A7 7697 A7,7670,A7,Contralateral uninvolved,134
7670 A7 7697 A7,7670,A7,Contralateral uninvolved,135
7670 A7 7697 A7,7670,A7,Contralateral uninvolved,136
7670 A7 7697 A7,7670,A7,Contralateral uninvolved,137
7670 A7 7697 A7,7670,A7,Contralateral uninvolved,138
7670 A7 7697 A7,7670,A7,Contralateral uninvolved,139
7670 A7 7697 A7,7670,A7,Contralateral uninvolved,140
7670 A7 7697 A7,7670,A7,Contralateral uninvolved,141
7670 A7 7697 A7,7670,A7,Contralateral uninvolved,142
7670 A7 7697 A7,7670,A7,Contralateral uninvolved,143
7670 A7 7697 A7,7670,A7,Contralateral uninvolved,144
7670 A7 7697 A7,7670,A7,Contralateral uninvolved,145
7670 A7 7697 A7,7670,A7,Contralateral uninvolved,146
7670 A7 7697 A7,7670,A7,Contralateral uninvolved,147
7670 A7 7697 A7,7670,A7,Contralateral uninvolved,148
7670 A7 7697 A7,7670,A7,Contralateral uninvolved,149
7670 A7 7697 A7,7670,A7,Contralateral uninvolved,150
7670 A7 7697 A7,7670,A7,Contralateral uninvolved,151
7670 A7 7697 A7,7670,A7,Contralateral uninvolved,152
7670 A7 7697 A7,7670,A7,Contralateral uninvolved,153
7670 A7 7697 A7,7670,A7,Contralateral uninvolved,154
7670 A7 7697 A7,7670,A7,Contralateral uninvolved,155
7670 A7 7697 A7,7670,A7,Contralateral uninvolved,156
7670 A7 7697 A7,7670,A7,Contralateral uninvolved,157
7670 A7 7697 A7,7670,A7,Contralateral uninvolved,158
7670 A7 7697 A7,7670,A7,Contralateral uninvolved,159
7670 A7 7697 A7,7670,A7,Contralateral uninvolved,160
7670 A7 7697 A7,7670,A7,Contralateral uninvolved,161
7670 A7 7697 A7,7670,A7,Contralateral uninvolved,162
7670 A7 7697 A7,7670,A7,Contralateral uninvolved,163
7670 A7 7697 A7,7670,A7,Contralateral uninvolved,164
7670 A7 7697 A7,7670,A7,Contralateral uninvolved,165
7670 A7 7697 A7,7670,A7,Contralateral uninvolved,166
7670 A7 7697 A7,7670,A7,Contralateral uninvolved,167
7670 A7 7697 A7,7670,A7,Contralateral uninvolved,168
7670 A7 7697 A7,7670,A7,Contralateral uninvolved,169
7670 A7 7697 A7,7670,A7,Contralateral uninvolved,170
7670 A7 7697 A7,7670,A7,Contralateral uninvolved,171
7670 A7 7697 A7,7670,A7,Contralateral uninvolved,172
7670 A7 7697 A7,7670,A7,Contralateral uninvolved,173
7670 A7 7697 A7,7670,A7,Contralateral uninvolved,174
7670 A7 7697 A7,7670,A7,Contralateral uninvolved,175
7670 A7 7697 A7,7670,A7,Contralateral uninvolved,176
7670 A7 7697 A7,7670,A7,Contralateral uninvolved,177
7670 A7 7697 A7,7670,A7,Contralateral uninvolved,178
7670 A7 7697 A7,7670,A7,Contralateral uninvolved,179
7670 A7 7697 A7,7670,A7,Contralateral uninvolved,180
7670 A7 7697 A7,7670,A7,Contralateral uninvolved,181
7670 A7 7697 A7,7670,A7,Contralateral uninvolved,182
7670 A7 7697 A7,7697,A7,Contralateral uninvolved,183
7670 A7 7697 A7,7697,A7,Contralateral uninvolved,184
7670 A7 7697 A7,7697,A7,Contralateral uninvolved,185
7670 A7 7697 A7,7697,A7,Contralateral uninvolved,186
7670 A7 7697 A7,7697,A7,Contralateral uninvolved,187
7670 A7 7697 A7,7697,A7,Contralateral uninvolved,188
7670 A7 7697 A7,7697,A7,Contralateral uninvolved,189
7670 A7 7697 A7,7697,A7,Contralateral uninvolved,190
7670 A7 7697 A7,7697,A7,Contralateral uninvolved,191
7670 A7 7697 A7,7697,A7,Contralateral uninvolved,192
7670 A7 7697 A7,7697,A7,Contralateral uninvolved,193
7670 A7 7697 A7,7697,A7,Contralateral uninvolved,194
7670 A7 7697 A7,7697,A7,Contralateral uninvolved,195
7670 A7 7697 A7,7697,A7,Contralateral uninvolved,196
7670 A7 7697 A7,7697,A7,Contralateral uninvolved,197
7670 A7 7697 A7,7697,A7,Contralateral uninvolved,198
7670 A7 7697 A7,7697,A7,Contralateral uninvolved,199
7670 A7 7697 A7,7697,A7,Contralateral uninvolved,200
7749 G1 7706 G5,7706,G5,Tumor bulk,1
7749 G1 7706 G5,7706,G5,Tumor bulk,2
7749 G1 7706 G5,7706,G5,Tumor bulk,3
7749 G1 7706 G5,7706,G5,Tumor bulk,4
7749 G1 7706 G5,7706,G5,Tumor bulk,5
7749 G1 7706 G5,7706,G5,Tumor bulk,6
7749 G1 7706 G5,7706,G5,Tumor bulk,7
7749 G1 7706 G5,7706,G5,Tumor bulk,8
7749 G1 7706 G5,7706,G5,Tumor bulk,9
7749 G1 7706 G5,7706,G5,Tumor bulk,10
7749 G1 7706 G5,7706,G5,Tumor bulk,11
7749 G1 7706 G5,7706,G5,Tumor bulk,12
7749 G1 7706 G5,7706,G5,Tumor bulk,13
7749 G1 7706 G5,7706,G5,Tumor bulk,14
7749 G1 7706 G5,7706,G5,Tumor bulk,15
7749 G1 7706 G5,7706,G5,Tumor bulk,16
7749 G1 7706 G5,7706,G5,Tumor bulk,17
7749 G1 7706 G5,7706,G5,Tumor bulk,18
7749 G1 7706 G5,7706,G5,Tumor bulk,19
7749 G1 7706 G5,7706,G5,Tumor bulk,20
7749 G1 7706 G5,7706,G5,Tumor bulk,21
7749 G1 7706 G5,7706,G5,Tumor bulk,22
7749 G1 7706 G5,7706,G5,Tumor bulk,23
7749 G1 7706 G5,7706,G5,Tumor bulk,24
7749 G1 7706 G5,7706,G5,Tumor bulk,25
7749 G1 7706 G5,7706,G5,Tumor bulk,26
7749 G1 7706 G5,7706,G5,Tumor bulk,27
7749 G1 7706 G5,7706,G5,Tumor bulk,28
7749 G1 7706 G5,7706,G5,Tumor bulk,29
7749 G1 7706 G5,7706,G5,Tumor bulk,30
7749 G1 7706 G5,7706,G5,Tumor bulk,31
7749 G1 7706 G5,7706,G5,Tumor bulk,32
7749 G1 7706 G5,7706,G5,Tumor bulk,33
7749 G1 7706 G5,7706,G5,Tumor bulk,34
7749 G1 7706 G5,7706,G5,Tumor bulk,35
7749 G1 7706 G5,7706,G5,Tumor bulk,36
7749 G1 7706 G5,7706,G5,Tumor bulk,37
7749 G1 7706 G5,7706,G5,Tumor bulk,38
7749 G1 7706 G5,7706,G5,Tumor bulk,39
7749 G1 7706 G5,7706,G5,Tumor bulk,40
7749 G1 7706 G5,7706,G5,Tumor bulk,41
7749 G1 7706 G5,7706,G5,Tumor bulk,42
7749 G1 7706 G5,7706,G5,Tumor bulk,43
7749 G1 7706 G5,7706,G5,Tumor bulk,44
7749 G1 7706 G5,7706,G5,Tumor bulk,45
7749 G1 7706 G5,7706,G5,Tumor bulk,46
7749 G1 7706 G5,7706,G5,Tumor bulk,47
7749 G1 7706 G5,7706,G5,Tumor bulk,48
7749 G1 7706 G5,7706,G5,Tumor bulk,49
7749 G1 7706 G5,7706,G5,Tumor bulk,50
7749 G1 7706 G5,7706,G5,Tumor bulk,51
7749 G1 7706 G5,7706,G5,Tumor bulk,52
7749 G1 7706 G5,7706,G5,Tumor bulk,53
7749 G1 7706 G5,7706,G5,Tumor bulk,54
7749 G1 7706 G5,7706,G5,Tumor bulk,55
7749 G1 7706 G5,7706,G5,Tumor bulk,56
7749 G1 7706 G5,7706,G5,Tumor bulk,57
7749 G1 7706 G5,7706,G5,Tumor bulk,58
7749 G1 7706 G5,7706,G5,Tumor bulk,59
7749 G1 7706 G5,7706,G5,Tumor bulk,60
7749 G1 7706 G5,7706,G5,Tumor bulk,61
7749 G1 7706 G5,7706,G5,Tumor bulk,62
7749 G1 7706 G5,7706,G5,Tumor bulk,63
7749 G1 7706 G5,7706,G5,Tumor bulk,64
7749 G1 7706 G5,7706,G5,Tumor bulk,65
7749 G1 7706 G5,7706,G5,Tumor bulk,66
7749 G1 7706 G5,7706,G5,Tumor bulk,67
7749 G1 7706 G5,7706,G5,Tumor bulk,68
7749 G1 7706 G5,7706,G5,Tumor bulk,69
7749 G1 7706 G5,7706,G5,Tumor bulk,70
7749 G1 7706 G5,7706,G5,Tumor bulk,71
7749 G1 7706 G5,7706,G5,Tumor bulk,72
7749 G1 7706 G5,7706,G5,Tumor bulk,73
7749 G1 7706 G5,7706,G5,Tumor bulk,74
7749 G1 7706 G5,7706,G5,Tumor bulk,75
7749 G1 7706 G5,7706,G5,Tumor bulk,76
7749 G1 7706 G5,7706,G5,Tumor bulk,77
7749 G1 7706 G5,7706,G5,Tumor bulk,78
7749 G1 7706 G5,7706,G5,Tumor bulk,79
7749 G1 7706 G5,7706,G5,Tumor bulk,80
7749 G1 7706 G5,7706,G5,Tumor bulk,81
7749 G1 7706 G5,7706,G5,Tumor bulk,82
7749 G1 7706 G5,7706,G5,Tumor bulk,83
7749 G1 7706 G5,7706,G5,Tumor bulk,84
7749 G1 7706 G5,7706,G5,Tumor bulk,85
7749 G1 7706 G5,7706,G5,Tumor bulk,86
7749 G1 7706 G5,7706,G5,Tumor bulk,87
7749 G1 7706 G5,7706,G5,Tumor bulk,88
7749 G1 7706 G5,7706,G5,Tumor bulk,89
7749 G1 7706 G5,7706,G5,Tumor bulk,90
7749 G1 7706 G5,7706,G5,Tumor bulk,91
7749 G1 7706 G5,7706,G5,Tumor bulk,92
7749 G1 7706 G5,7706,G5,Tumor bulk,93
7749 G1 7706 G5,7706,G5,Tumor bulk,94
7749 G1 7706 G5,7706,G5,Tumor bulk,95
7749 G1 7706 G5,7706,G5,Tumor bulk,96
7749 G1 7706 G5,7706,G5,Tumor bulk,97
7749 G1 7706 G5,7706,G5,Tumor bulk,98
7749 G1 7706 G5,7706,G5,Tumor bulk,99
7749 G1 7706 G5,7706,G5,Tumor bulk,100
7749 G1 7706 G5,7749,G1,Tumor bulk,101
7749 G1 7706 G5,7749,G1,Tumor bulk,102
7749 G1 7706 G5,7749,G1,Tumor bulk,103
7749 G1 7706 G5,7749,G1,Tumor bulk,104
7749 G1 7706 G5,7749,G1,Tumor bulk,105
7749 G1 7706 G5,7749,G1,Tumor bulk,106
7749 G1 7706 G5,7749,G1,Tumor bulk,107
7749 G1 7706 G5,7749,G1,Tumor bulk,108
7749 G1 7706 G5,7749,G1,Tumor bulk,109
7749 G1 7706 G5,7749,G1,Tumor bulk,110
7749 G1 7706 G5,7749,G1,Tumor bulk,111
7749 G1 7706 G5,7749,G1,Tumor bulk,112
7749 G1 7706 G5,7749,G1,Tumor bulk,113
7749 G1 7706 G5,7749,G1,Tumor bulk,114
7749 G1 7706 G5,7749,G1,Tumor bulk,115
7749 G1 7706 G5,7749,G1,Tumor bulk,116
7749 G1 7706 G5,7749,G1,Tumor bulk,117
7749 G1 7706 G5,7749,G1,Tumor bulk,118
7749 G1 7706 G5,7749,G1,Tumor bulk,119
7749 G1 7706 G5,7749,G1,Tumor bulk,120
7749 G1 7706 G5,7749,G1,Tumor bulk,121
7749 G1 7706 G5,7749,G1,Tumor bulk,122
7749 G1 7706 G5,7749,G1,Tumor bulk,123
7749 G1 7706 G5,7749,G1,Tumor bulk,124
7749 G1 7706 G5,7749,G1,Tumor bulk,125
7749 G1 7706 G5,7749,G1,Tumor bulk,126
7749 G1 7706 G5,7749,G1,Tumor bulk,127
7749 G1 7706 G5,7749,G1,Tumor bulk,128
7749 G1 7706 G5,7749,G1,Tumor bulk,129
7749 G1 7706 G5,7749,G1,Tumor bulk,130
7749 G1 7706 G5,7749,G1,Tumor bulk,131
7749 G1 7706 G5,7749,G1,Tumor bulk,132
7749 G1 7706 G5,7749,G1,Tumor bulk,133
7749 G1 7706 G5,7749,G1,Tumor bulk,134
7749 G1 7706 G5,7749,G1,Tumor bulk,135
7749 G1 7706 G5,7749,G1,Tumor bulk,136
7749 G1 7706 G5,7749,G1,Tumor bulk,137
7749 G1 7706 G5,7749,G1,Tumor bulk,138
7749 G1 7706 G5,7749,G1,Tumor bulk,139
7749 G1 7706 G5,7749,G1,Tumor bulk,140
7749 G1 7706 G5,7749,G1,Tumor bulk,141
7749 G1 7706 G5,7749,G1,Tumor bulk,142
7749 G1 7706 G5,7749,G1,Tumor bulk,143
7749 G1 7706 G5,7749,G1,Tumor bulk,144
7749 G1 7706 G5,7749,G1,Tumor bulk,145
7749 G1 7706 G5,7749,G1,Tumor bulk,146
7749 G1 7706 G5,7749,G1,Tumor bulk,147
7749 G1 7706 G5,7749,G1,Tumor bulk,148
7749 G1 7706 G5,7749,G1,Tumor bulk,149
7749 G1 7706 G5,7749,G1,Tumor bulk,150
7749 G1 7706 G5,7749,G1,Tumor bulk,151
7749 G1 7706 G5,7749,G1,Tumor bulk,152
7749 G1 7706 G5,7749,G1,Tumor bulk,153
7749 G1 7706 G5,7749,G1,Tumor bulk,154
7749 G1 7706 G5,7749,G1,Tumor bulk,155
7749 G1 7706 G5,7749,G1,Tumor bulk,156
7749 G1 7706 G5,7749,G1,Tumor bulk,157
7749 G1 7706 G5,7749,G1,Tumor bulk,158
7749 G1 7706 G5,7749,G1,Tumor bulk,159
7749 G1 7706 G5,7749,G1,Tumor bulk,160
7749 G1 7706 G5,7749,G1,Tumor bulk,161
7749 G1 7706 G5,7749,G1,Tumor bulk,162
7749 G1 7706 G5,7749,G1,Tumor bulk,163
7749 G1 7706 G5,7749,G1,Tumor bulk,164
7749 G1 7706 G5,7749,G1,Tumor bulk,165
7749 G1 7706 G5,7749,G1,Tumor bulk,166
7749 G1 7706 G5,7749,G1,Tumor bulk,167
7749 G1 7706 G5,7749,G1,Tumor bulk,168
7749 G1 7706 G5,7749,G1,Tumor bulk,169
7749 G1 7706 G5,7749,G1,Tumor bulk,170
7749 G1 7706 G5,7749,G1,Tumor bulk,171
7749 G1 7706 G5,7749,G1,Tumor bulk,172
7749 G1 7706 G5,7749,G1,Tumor bulk,173
7749 G1 7706 G5,7749,G1,Tumor bulk,174
7749 G1 7706 G5,7749,G1,Tumor bulk,175
7749 G1 7706 G5,7749,G1,Tumor bulk,176
7749 G1 7706 G5,7749,G1,Tumor bulk,177
7749 G1 7706 G5,7749,G1,Tumor bulk,178
7749 G1 7706 G5,7749,G1,Tumor bulk,179
7749 G1 7706 G5,7749,G1,Tumor bulk,180
7749 G1 7706 G5,7749,G1,Tumor bulk,181
7749 G1 7706 G5,7749,G1,Tumor bulk,182
7749 G1 7706 G5,7749,G1,Tumor bulk,183
7749 G1 7706 G5,7749,G1,Tumor bulk,184
7749 G1 7706 G5,7749,G1,Tumor bulk,185
7749 G1 7706 G5,7749,G1,Tumor bulk,186
7749 G1 7706 G5,7749,G1,Tumor bulk,187
7749 G1 7706 G5,7749,G1,Tumor bulk,188
7749 G1 7706 G5,7749,G1,Tumor bulk,189
7749 G1 7706 G5,7749,G1,Tumor bulk,190
7749 G1 7706 G5,7749,G1,Tumor bulk,191
7749 G1 7706 G5,7749,G1,Tumor bulk,192
7749 G1 7706 G5,7749,G1,Tumor bulk,193
7749 G1 7706 G5,7749,G1,Tumor bulk,194
7749 G1 7706 G5,7749,G1,Tumor bulk,195
7749 G1 7706 G5,7749,G1,Tumor bulk,196
7749 G1 7706 G5,7749,G1,Tumor bulk,197
7749 G1 7706 G5,7749,G1,Tumor bulk,198
7749 G1 7706 G5,7749,G1,Tumor bulk,199
7749 G1 7706 G5,7749,G1,Tumor bulk,200
7749 A6 7877 A7,7877,A7,Contralateral uninvolved,1
7749 A6 7877 A7,7877,A7,Contralateral uninvolved,2
7749 A6 7877 A7,7877,A7,Contralateral uninvolved,3
7749 A6 7877 A7,7877,A7,Contralateral uninvolved,4
7749 A6 7877 A7,7877,A7,Contralateral uninvolved,5
7749 A6 7877 A7,7877,A7,Contralateral uninvolved,6
7749 A6 7877 A7,7877,A7,Contralateral uninvolved,7
7749 A6 7877 A7,7877,A7,Contralateral uninvolved,8
7749 A6 7877 A7,7877,A7,Contralateral uninvolved,9
7749 A6 7877 A7,7877,A7,Contralateral uninvolved,10
7749 A6 7877 A7,7877,A7,Contralateral uninvolved,11
7749 A6 7877 A7,7877,A7,Contralateral uninvolved,12
7749 A6 7877 A7,7877,A7,Contralateral uninvolved,13
7749 A6 7877 A7,7877,A7,Contralateral uninvolved,14
7749 A6 7877 A7,7877,A7,Contralateral uninvolved,15
7749 A6 7877 A7,7877,A7,Contralateral uninvolved,16
7749 A6 7877 A7,7877,A7,Contralateral uninvolved,17
7749 A6 7877 A7,7877,A7,Contralateral uninvolved,18
7749 A6 7877 A7,7877,A7,Contralateral uninvolved,19
7749 A6 7877 A7,7877,A7,Contralateral uninvolved,20
7749 A6 7877 A7,7877,A7,Contralateral uninvolved,21
7749 A6 7877 A7,7877,A7,Contralateral uninvolved,22
7749 A6 7877 A7,7877,A7,Contralateral uninvolved,23
7749 A6 7877 A7,7877,A7,Contralateral uninvolved,24
7749 A6 7877 A7,7877,A7,Contralateral uninvolved,25
7749 A6 7877 A7,7877,A7,Contralateral uninvolved,26
7749 A6 7877 A7,7877,A7,Contralateral uninvolved,27
7749 A6 7877 A7,7877,A7,Contralateral uninvolved,28
7749 A6 7877 A7,7877,A7,Contralateral uninvolved,29
7749 A6 7877 A7,7877,A7,Contralateral uninvolved,30
7749 A6 7877 A7,7877,A7,Contralateral uninvolved,31
7749 A6 7877 A7,7877,A7,Contralateral uninvolved,32
7749 A6 7877 A7,7877,A7,Contralateral uninvolved,33
7749 A6 7877 A7,7877,A7,Contralateral uninvolved,34
7749 A6 7877 A7,7877,A7,Contralateral uninvolved,35
7749 A6 7877 A7,7877,A7,Contralateral uninvolved,36
7749 A6 7877 A7,7877,A7,Contralateral uninvolved,37
7749 A6 7877 A7,7877,A7,Contralateral uninvolved,38
7749 A6 7877 A7,7877,A7,Contralateral uninvolved,39
7749 A6 7877 A7,7877,A7,Contralateral uninvolved,40
7749 A6 7877 A7,7877,A7,Contralateral uninvolved,41
7749 A6 7877 A7,7877,A7,Contralateral uninvolved,42
7749 A6 7877 A7,7877,A7,Contralateral uninvolved,43
7749 A6 7877 A7,7877,A7,Contralateral uninvolved,44
7749 A6 7877 A7,7877,A7,Contralateral uninvolved,45
7749 A6 7877 A7,7877,A7,Contralateral uninvolved,46
7749 A6 7877 A7,7877,A7,Contralateral uninvolved,47
7749 A6 7877 A7,7877,A7,Contralateral uninvolved,48
7749 A6 7877 A7,7877,A7,Contralateral uninvolved,49
7749 A6 7877 A7,7877,A7,Contralateral uninvolved,50
7749 A6 7877 A7,7877,A7,Contralateral uninvolved,51
7749 A6 7877 A7,7877,A7,Contralateral uninvolved,52
7749 A6 7877 A7,7877,A7,Contralateral uninvolved,53
7749 A6 7877 A7,7877,A7,Contralateral uninvolved,54
7749 A6 7877 A7,7749,A6,Contralateral uninvolved,55
7749 A6 7877 A7,7749,A6,Contralateral uninvolved,56
7749 A6 7877 A7,7749,A6,Contralateral uninvolved,57
7749 A6 7877 A7,7749,A6,Contralateral uninvolved,58
7749 A6 7877 A7,7749,A6,Contralateral uninvolved,59
7749 A6 7877 A7,7749,A6,Contralateral uninvolved,60
7749 A6 7877 A7,7749,A6,Contralateral uninvolved,61
7749 A6 7877 A7,7749,A6,Contralateral uninvolved,62
7749 A6 7877 A7,7749,A6,Contralateral uninvolved,63
7749 A6 7877 A7,7749,A6,Contralateral uninvolved,64
7749 A6 7877 A7,7749,A6,Contralateral uninvolved,65
7749 A6 7877 A7,7749,A6,Contralateral uninvolved,66
7749 A6 7877 A7,7749,A6,Contralateral uninvolved,67
7749 A6 7877 A7,7749,A6,Contralateral uninvolved,68
7749 A6 7877 A7,7749,A6,Contralateral uninvolved,69
7749 A6 7877 A7,7749,A6,Contralateral uninvolved,70
7749 A6 7877 A7,7749,A6,Contralateral uninvolved,71
7749 A6 7877 A7,7749,A6,Contralateral uninvolved,72
7749 A6 7877 A7,7749,A6,Contralateral uninvolved,73
7749 A6 7877 A7,7749,A6,Contralateral uninvolved,74
7749 A6 7877 A7,7749,A6,Contralateral uninvolved,75
7749 A6 7877 A7,7749,A6,Contralateral uninvolved,76
7749 A6 7877 A7,7749,A6,Contralateral uninvolved,77
7749 A6 7877 A7,7749,A6,Contralateral uninvolved,78
7749 A6 7877 A7,7749,A6,Contralateral uninvolved,79
7749 A6 7877 A7,7749,A6,Contralateral uninvolved,80
7749 A6 7877 A7,7749,A6,Contralateral uninvolved,81
7749 A6 7877 A7,7749,A6,Contralateral uninvolved,82
7749 A6 7877 A7,7749,A6,Contralateral uninvolved,83
7749 A6 7877 A7,7749,A6,Contralateral uninvolved,84
7749 A6 7877 A7,7749,A6,Contralateral uninvolved,85
7749 A6 7877 A7,7749,A6,Contralateral uninvolved,86
7749 A6 7877 A7,7749,A6,Contralateral uninvolved,87
7749 A6 7877 A7,7749,A6,Contralateral uninvolved,88
7749 A6 7877 A7,7749,A6,Contralateral uninvolved,89
7749 A6 7877 A7,7749,A6,Contralateral uninvolved,90
7749 A6 7877 A7,7749,A6,Contralateral uninvolved,91
7749 A6 7877 A7,7749,A6,Contralateral uninvolved,92
7749 A6 7877 A7,7749,A6,Contralateral uninvolved,93
7749 A6 7877 A7,7749,A6,Contralateral uninvolved,94
7749 A6 7877 A7,7749,A6,Contralateral uninvolved,95
7749 A6 7877 A7,7749,A6,Contralateral uninvolved,96
7749 A6 7877 A7,7749,A6,Contralateral uninvolved,97
7749 A6 7877 A7,7749,A6,Contralateral uninvolved,98
7749 A6 7877 A7,7749,A6,Contralateral uninvolved,99
7749 A6 7877 A7,7749,A6,Contralateral uninvolved,100
7749 A6 7877 A7,7749,A6,Contralateral uninvolved,101
7749 A6 7877 A7,7749,A6,Contralateral uninvolved,102
7749 A6 7877 A7,7749,A6,Contralateral uninvolved,103
7749 A6 7877 A7,7749,A6,Contralateral uninvolved,104
7749 A6 7877 A7,7749,A6,Contralateral uninvolved,105
7749 A6 7877 A7,7749,A6,Contralateral uninvolved,106
7749 A6 7877 A7,7749,A6,Contralateral uninvolved,107
7749 A6 7877 A7,7749,A6,Contralateral uninvolved,108
7749 A6 7877 A7,7749,A6,Contralateral uninvolved,109
7749 A6 7877 A7,7749,A6,Contralateral uninvolved,110
7749 A6 7877 A7,7749,A6,Contralateral uninvolved,111
7749 A6 7877 A7,7749,A6,Contralateral uninvolved,112
7749 A6 7877 A7,7749,A6,Contralateral uninvolved,113
7749 A6 7877 A7,7749,A6,Contralateral uninvolved,114
7749 A6 7877 A7,7749,A6,Contralateral uninvolved,115
7749 A6 7877 A7,7749,A6,Contralateral uninvolved,116
7749 A6 7877 A7,7749,A6,Contralateral uninvolved,117
7749 A6 7877 A7,7749,A6,Contralateral uninvolved,118
7749 A6 7877 A7,7749,A6,Contralateral uninvolved,119
7749 A6 7877 A7,7749,A6,Contralateral uninvolved,120
7749 A6 7877 A7,7749,A6,Contralateral uninvolved,121
7749 A6 7877 A7,7749,A6,Contralateral uninvolved,122
7749 A6 7877 A7,7749,A6,Contralateral uninvolved,123
7749 A6 7877 A7,7749,A6,Contralateral uninvolved,124
7749 A6 7877 A7,7749,A6,Contralateral uninvolved,125
7749 A6 7877 A7,7749,A6,Contralateral uninvolved,126
7749 A6 7877 A7,7749,A6,Contralateral uninvolved,127
7749 A6 7877 A7,7749,A6,Contralateral uninvolved,128
7749 A6 7877 A7,7749,A6,Contralateral uninvolved,129
7749 A6 7877 A7,7749,A6,Contralateral uninvolved,130
7749 A6 7877 A7,7749,A6,Contralateral uninvolved,131
7749 A6 7877 A7,7749,A6,Contralateral uninvolved,132
7749 A6 7877 A7,7749,A6,Contralateral uninvolved,133
7749 A6 7877 A7,7749,A6,Contralateral uninvolved,134
7749 A6 7877 A7,7749,A6,Contralateral uninvolved,135
7749 A6 7877 A7,7749,A6,Contralateral uninvolved,136
7749 A6 7877 A7,7749,A6,Contralateral uninvolved,137
7749 A6 7877 A7,7749,A6,Contralateral uninvolved,138
7749 A6 7877 A7,7749,A6,Contralateral uninvolved,139
7749 A6 7877 A7,7749,A6,Contralateral uninvolved,140
7749 A6 7877 A7,7749,A6,Contralateral uninvolved,141
7749 A6 7877 A7,7749,A6,Contralateral uninvolved,142
7749 A6 7877 A7,7749,A6,Contralateral uninvolved,143
7749 A6 7877 A7,7749,A6,Contralateral uninvolved,144
7749 A6 7877 A7,7749,A6,Contralateral uninvolved,145
7749 A6 7877 A7,7749,A6,Contralateral uninvolved,146
7749 A6 7877 A7,7749,A6,Contralateral uninvolved,147
7749 A6 7877 A7,7749,A6,Contralateral uninvolved,148
7749 A6 7877 A7,7749,A6,Contralateral uninvolved,149
7749 A6 7877 A7,7749,A6,Contralateral uninvolved,150
7749 A6 7877 A7,7749,A6,Contralateral uninvolved,151
7749 A6 7877 A7,7749,A6,Contralateral uninvolved,152
7749 A6 7877 A7,7749,A6,Contralateral uninvolved,153
7749 A6 7877 A7,7749,A6,Contralateral uninvolved,154
7749 A6 7877 A7,7749,A6,Contralateral uninvolved,155
7749 A6 7877 A7,7749,A6,Contralateral uninvolved,156
7749 A6 7877 A7,7749,A6,Contralateral uninvolved,157
7749 A6 7877 A7,7749,A6,Contralateral uninvolved,158
7749 A6 7877 A7,7749,A6,Contralateral uninvolved,159
7749 A6 7877 A7,7749,A6,Contralateral uninvolved,160
7749 A6 7877 A7,7749,A6,Contralateral uninvolved,161
7749 A6 7877 A7,7749,A6,Contralateral uninvolved,162
7749 A6 7877 A7,7749,A6,Contralateral uninvolved,163
7749 A6 7877 A7,7749,A6,Contralateral uninvolved,164
7749 A6 7877 A7,7749,A6,Contralateral uninvolved,165
7749 A6 7877 A7,7749,A6,Contralateral uninvolved,166
7749 A6 7877 A7,7877,A7,Contralateral uninvolved,167
7749 A6 7877 A7,7877,A7,Contralateral uninvolved,168
7749 A6 7877 A7,7877,A7,Contralateral uninvolved,169
7749 A6 7877 A7,7877,A7,Contralateral uninvolved,170
7749 A6 7877 A7,7877,A7,Contralateral uninvolved,171
7749 A6 7877 A7,7877,A7,Contralateral uninvolved,172
7749 A6 7877 A7,7877,A7,Contralateral uninvolved,173
7749 A6 7877 A7,7877,A7,Contralateral uninvolved,174
7749 A6 7877 A7,7877,A7,Contralateral uninvolved,175
7749 A6 7877 A7,7877,A7,Contralateral uninvolved,176
7749 A6 7877 A7,7877,A7,Contralateral uninvolved,177
7749 A6 7877 A7,7877,A7,Contralateral uninvolved,178
7749 A6 7877 A7,7877,A7,Contralateral uninvolved,179
7749 A6 7877 A7,7877,A7,Contralateral uninvolved,180
7749 A6 7877 A7,7877,A7,Contralateral uninvolved,181
7749 A6 7877 A7,7877,A7,Contralateral uninvolved,182
7749 A6 7877 A7,7877,A7,Contralateral uninvolved,183
7749 A6 7877 A7,7877,A7,Contralateral uninvolved,184
7749 A6 7877 A7,7877,A7,Contralateral uninvolved,185
7749 A6 7877 A7,7877,A7,Contralateral uninvolved,186
7749 A6 7877 A7,7877,A7,Contralateral uninvolved,187
7749 A6 7877 A7,7877,A7,Contralateral uninvolved,188
7749 A6 7877 A7,7877,A7,Contralateral uninvolved,189
7749 A6 7877 A7,7877,A7,Contralateral uninvolved,190
7749 A6 7877 A7,7877,A7,Contralateral uninvolved,191
7749 A6 7877 A7,7749,A6,Contralateral uninvolved,192
7749 A6 7877 A7,7749,A6,Contralateral uninvolved,193
7749 A6 7877 A7,7749,A6,Contralateral uninvolved,194
7749 A6 7877 A7,7749,A6,Contralateral uninvolved,195
7749 A6 7877 A7,7749,A6,Contralateral uninvolved,196
7749 A6 7877 A7,7749,A6,Contralateral uninvolved,197
7749 A6 7877 A7,7749,A6,Contralateral uninvolved,198
7749 A6 7877 A7,7749,A6,Contralateral uninvolved,199
7749 A6 7877 A7,7749,A6,Contralateral uninvolved,200
7877 G2 7877 G7,7877,G7,Tumor bulk,1
7877 G2 7877 G7,7877,G7,Tumor bulk,2
7877 G2 7877 G7,7877,G7,Tumor bulk,3
7877 G2 7877 G7,7877,G7,Tumor bulk,4
7877 G2 7877 G7,7877,G7,Tumor bulk,5
7877 G2 7877 G7,7877,G7,Tumor bulk,6
7877 G2 7877 G7,7877,G7,Tumor bulk,7
7877 G2 7877 G7,7877,G7,Tumor bulk,8
7877 G2 7877 G7,7877,G7,Tumor bulk,9
7877 G2 7877 G7,7877,G7,Tumor bulk,10
7877 G2 7877 G7,7877,G7,Tumor bulk,11
7877 G2 7877 G7,7877,G7,Tumor bulk,12
7877 G2 7877 G7,7877,G7,Tumor bulk,13
7877 G2 7877 G7,7877,G7,Tumor bulk,14
7877 G2 7877 G7,7877,G7,Tumor bulk,15
7877 G2 7877 G7,7877,G7,Tumor bulk,16
7877 G2 7877 G7,7877,G7,Tumor bulk,17
7877 G2 7877 G7,7877,G7,Tumor bulk,18
7877 G2 7877 G7,7877,G7,Tumor bulk,19
7877 G2 7877 G7,7877,G7,Tumor bulk,20
7877 G2 7877 G7,7877,G7,Tumor bulk,21
7877 G2 7877 G7,7877,G7,Tumor bulk,22
7877 G2 7877 G7,7877,G7,Tumor bulk,23
7877 G2 7877 G7,7877,G7,Tumor bulk,24
7877 G2 7877 G7,7877,G7,Tumor bulk,25
7877 G2 7877 G7,7877,G7,Tumor bulk,26
7877 G2 7877 G7,7877,G7,Tumor bulk,27
7877 G2 7877 G7,7877,G7,Tumor bulk,28
7877 G2 7877 G7,7877,G7,Tumor bulk,29
7877 G2 7877 G7,7877,G7,Tumor bulk,30
7877 G2 7877 G7,7877,G7,Tumor bulk,31
7877 G2 7877 G7,7877,G7,Tumor bulk,32
7877 G2 7877 G7,7877,G7,Tumor bulk,33
7877 G2 7877 G7,7877,G7,Tumor bulk,34
7877 G2 7877 G7,7877,G7,Tumor bulk,35
7877 G2 7877 G7,7877,G7,Tumor bulk,36
7877 G2 7877 G7,7877,G7,Tumor bulk,37
7877 G2 7877 G7,7877,G7,Tumor bulk,38
7877 G2 7877 G7,7877,G7,Tumor bulk,39
7877 G2 7877 G7,7877,G7,Tumor bulk,40
7877 G2 7877 G7,7877,G7,Tumor bulk,41
7877 G2 7877 G7,7877,G7,Tumor bulk,42
7877 G2 7877 G7,7877,G7,Tumor bulk,43
7877 G2 7877 G7,7877,G7,Tumor bulk,44
7877 G2 7877 G7,7877,G7,Tumor bulk,45
7877 G2 7877 G7,7877,G7,Tumor bulk,46
7877 G2 7877 G7,7877,G7,Tumor bulk,47
7877 G2 7877 G7,7877,G7,Tumor bulk,48
7877 G2 7877 G7,7877,G7,Tumor bulk,49
7877 G2 7877 G7,7877,G7,Tumor bulk,50
7877 G2 7877 G7,7877,G7,Tumor bulk,51
7877 G2 7877 G7,7877,G7,Tumor bulk,52
7877 G2 7877 G7,7877,G7,Tumor bulk,53
7877 G2 7877 G7,7877,G7,Tumor bulk,54
7877 G2 7877 G7,7877,G7,Tumor bulk,55
7877 G2 7877 G7,7877,G7,Tumor bulk,56
7877 G2 7877 G7,7877,G7,Tumor bulk,57
7877 G2 7877 G7,7877,G7,Tumor bulk,58
7877 G2 7877 G7,7877,G7,Tumor bulk,59
7877 G2 7877 G7,7877,G7,Tumor bulk,60
7877 G2 7877 G7,7877,G7,Tumor bulk,61
7877 G2 7877 G7,7877,G7,Tumor bulk,62
7877 G2 7877 G7,7877,G7,Tumor bulk,63
7877 G2 7877 G7,7877,G7,Tumor bulk,64
7877 G2 7877 G7,7877,G7,Tumor bulk,65
7877 G2 7877 G7,7877,G7,Tumor bulk,66
7877 G2 7877 G7,7877,G7,Tumor bulk,67
7877 G2 7877 G7,7877,G7,Tumor bulk,68
7877 G2 7877 G7,7877,G7,Tumor bulk,69
7877 G2 7877 G7,7877,G7,Tumor bulk,70
7877 G2 7877 G7,7877,G7,Tumor bulk,71
7877 G2 7877 G7,7877,G7,Tumor bulk,72
7877 G2 7877 G7,7877,G7,Tumor bulk,73
7877 G2 7877 G7,7877,G7,Tumor bulk,74
7877 G2 7877 G7,7877,G7,Tumor bulk,75
7877 G2 7877 G7,7877,G7,Tumor bulk,76
7877 G2 7877 G7,7877,G7,Tumor bulk,77
7877 G2 7877 G7,7877,G7,Tumor bulk,78
7877 G2 7877 G7,7877,G7,Tumor bulk,79
7877 G2 7877 G7,7877,G7,Tumor bulk,80
7877 G2 7877 G7,7877,G7,Tumor bulk,81
7877 G2 7877 G7,7877,G7,Tumor bulk,82
7877 G2 7877 G7,7877,G7,Tumor bulk,83
7877 G2 7877 G7,7877,G7,Tumor bulk,84
7877 G2 7877 G7,7877,G7,Tumor bulk,85
7877 G2 7877 G7,7877,G7,Tumor bulk,86
7877 G2 7877 G7,7877,G7,Tumor bulk,87
7877 G2 7877 G7,7877,G7,Tumor bulk,88
7877 G2 7877 G7,7877,G7,Tumor bulk,89
7877 G2 7877 G7,7877,G7,Tumor bulk,90
7877 G2 7877 G7,7877,G7,Tumor bulk,91
7877 G2 7877 G7,7877,G7,Tumor bulk,92
7877 G2 7877 G7,7877,G7,Tumor bulk,93
7877 G2 7877 G7,7877,G7,Tumor bulk,94
7877 G2 7877 G7,7877,G7,Tumor bulk,95
7877 G2 7877 G7,7877,G7,Tumor bulk,96
7877 G2 7877 G7,7877,G7,Tumor bulk,97
7877 G2 7877 G7,7877,G7,Tumor bulk,98
7877 G2 7877 G7,7877,G7,Tumor bulk,99
7877 G2 7877 G7,7877,G7,Tumor bulk,100
7877 G2 7877 G7,7877,G2,Infiltrating edge,101
7877 G2 7877 G7,7877,G2,Infiltrating edge,102
7877 G2 7877 G7,7877,G2,Infiltrating edge,103
7877 G2 7877 G7,7877,G2,Infiltrating edge,104
7877 G2 7877 G7,7877,G2,Infiltrating edge,105
7877 G2 7877 G7,7877,G2,Infiltrating edge,106
7877 G2 7877 G7,7877,G2,Infiltrating edge,107
7877 G2 7877 G7,7877,G2,Infiltrating edge,108
7877 G2 7877 G7,7877,G2,Infiltrating edge,109
7877 G2 7877 G7,7877,G2,Infiltrating edge,110
7877 G2 7877 G7,7877,G2,Infiltrating edge,111
7877 G2 7877 G7,7877,G2,Infiltrating edge,112
7877 G2 7877 G7,7877,G2,Infiltrating edge,113
7877 G2 7877 G7,7877,G2,Infiltrating edge,114
7877 G2 7877 G7,7877,G2,Infiltrating edge,115
7877 G2 7877 G7,7877,G2,Infiltrating edge,116
7877 G2 7877 G7,7877,G2,Infiltrating edge,117
7877 G2 7877 G7,7877,G2,Infiltrating edge,118
7877 G2 7877 G7,7877,G2,Infiltrating edge,119
7877 G2 7877 G7,7877,G2,Infiltrating edge,120
7877 G2 7877 G7,7877,G2,Infiltrating edge,121
7877 G2 7877 G7,7877,G2,Infiltrating edge,122
7877 G2 7877 G7,7877,G2,Infiltrating edge,123
7877 G2 7877 G7,7877,G2,Infiltrating edge,124
7877 G2 7877 G7,7877,G2,Infiltrating edge,125
7877 G2 7877 G7,7877,G2,Infiltrating edge,126
7877 G2 7877 G7,7877,G2,Infiltrating edge,127
7877 G2 7877 G7,7877,G2,Infiltrating edge,128
7877 G2 7877 G7,7877,G2,Infiltrating edge,129
7877 G2 7877 G7,7877,G2,Infiltrating edge,130
7877 G2 7877 G7,7877,G2,Infiltrating edge,131
7877 G2 7877 G7,7877,G2,Infiltrating edge,132
7877 G2 7877 G7,7877,G2,Infiltrating edge,133
7877 G2 7877 G7,7877,G2,Infiltrating edge,134
7877 G2 7877 G7,7877,G2,Infiltrating edge,135
7877 G2 7877 G7,7877,G2,Infiltrating edge,136
7877 G2 7877 G7,7877,G2,Infiltrating edge,137
7877 G2 7877 G7,7877,G2,Infiltrating edge,138
7877 G2 7877 G7,7877,G2,Infiltrating edge,139
7877 G2 7877 G7,7877,G2,Infiltrating edge,140
7877 G2 7877 G7,7877,G2,Infiltrating edge,141
7877 G2 7877 G7,7877,G2,Infiltrating edge,142
7877 G2 7877 G7,7877,G2,Infiltrating edge,143
7877 G2 7877 G7,7877,G2,Infiltrating edge,144
7877 G2 7877 G7,7877,G2,Infiltrating edge,145
7877 G2 7877 G7,7877,G2,Infiltrating edge,146
7877 G2 7877 G7,7877,G2,Infiltrating edge,147
7877 G2 7877 G7,7877,G2,Infiltrating edge,148
7877 G2 7877 G7,7877,G2,Infiltrating edge,149
7877 G2 7877 G7,7877,G2,Infiltrating edge,150
7877 G2 7877 G7,7877,G2,Infiltrating edge,151
7877 G2 7877 G7,7877,G2,Infiltrating edge,152
7877 G2 7877 G7,7877,G2,Infiltrating edge,153
7877 G2 7877 G7,7877,G2,Infiltrating edge,154
7877 G2 7877 G7,7877,G2,Infiltrating edge,155
7877 G2 7877 G7,7877,G2,Infiltrating edge,156
7877 G2 7877 G7,7877,G2,Infiltrating edge,157
7877 G2 7877 G7,7877,G2,Infiltrating edge,158
7877 G2 7877 G7,7877,G2,Infiltrating edge,159
7877 G2 7877 G7,7877,G2,Infiltrating edge,160
7877 G2 7877 G7,7877,G2,Infiltrating edge,161
7877 G2 7877 G7,7877,G2,Infiltrating edge,162
7877 G2 7877 G7,7877,G2,Infiltrating edge,163
7877 G2 7877 G7,7877,G2,Infiltrating edge,164
7877 G2 7877 G7,7877,G2,Infiltrating edge,165
7877 G2 7877 G7,7877,G2,Infiltrating edge,166
7877 G2 7877 G7,7877,G2,Infiltrating edge,167
7877 G2 7877 G7,7877,G2,Infiltrating edge,168
7877 G2 7877 G7,7877,G2,Infiltrating edge,169
7877 G2 7877 G7,7877,G2,Infiltrating edge,170
7877 G2 7877 G7,7877,G2,Infiltrating edge,171
7877 G2 7877 G7,7877,G2,Infiltrating edge,172
7877 G2 7877 G7,7877,G2,Infiltrating edge,173
7877 G2 7877 G7,7877,G2,Infiltrating edge,174
7877 G2 7877 G7,7877,G2,Infiltrating edge,175
7877 G2 7877 G7,7877,G2,Infiltrating edge,176
7877 G2 7877 G7,7877,G2,Infiltrating edge,177
7877 G2 7877 G7,7877,G2,Infiltrating edge,178
7877 G2 7877 G7,7877,G2,Infiltrating edge,179
7877 G2 7877 G7,7877,G2,Infiltrating edge,180
7877 G2 7877 G7,7877,G2,Infiltrating edge,181
7877 G2 7877 G7,7877,G2,Infiltrating edge,182
7877 G2 7877 G7,7877,G2,Infiltrating edge,183
7877 G2 7877 G7,7877,G2,Infiltrating edge,184
7877 G2 7877 G7,7877,G2,Infiltrating edge,185
7877 G2 7877 G7,7877,G2,Infiltrating edge,186
7877 G2 7877 G7,7877,G2,Infiltrating edge,187
7877 G2 7877 G7,7877,G2,Infiltrating edge,188
7877 G2 7877 G7,7877,G2,Infiltrating edge,189
7877 G2 7877 G7,7877,G2,Infiltrating edge,190
7877 G2 7877 G7,7877,G2,Infiltrating edge,191
7877 G2 7877 G7,7877,G2,Infiltrating edge,192
7877 G2 7877 G7,7877,G2,Infiltrating edge,193
7877 G2 7877 G7,7877,G2,Infiltrating edge,194
7877 G2 7877 G7,7877,G2,Infiltrating edge,195
7877 G2 7877 G7,7877,G2,Infiltrating edge,196
7877 G2 7877 G7,7877,G2,Infiltrating edge,197
7877 G2 7877 G7,7877,G2,Infiltrating edge,198
7877 G2 7877 G7,7877,G2,Infiltrating edge,199
7877 G2 7877 G7,7877,G2,Infiltrating edge,200
