Flow Cells,FOVs,Case_broad,Case_specific,SORL1_mutation,UWA
6760 A7 6710 A6 7177 A6 6915 A6,1,AD+LATE,AD+LATE,AD+LATE,6915
6760 A7 6710 A6 7177 A6 6915 A6,2,AD+LATE,AD+LATE,AD+LATE,6915
6760 A7 6710 A6 7177 A6 6915 A6,3,AD+LATE,AD+LATE,AD+LATE,6915
6760 A7 6710 A6 7177 A6 6915 A6,4,AD+LATE,AD+LATE,AD+LATE,6915
6760 A7 6710 A6 7177 A6 6915 A6,5,AD+LATE,AD+LATE,AD+LATE,6915
6760 A7 6710 A6 7177 A6 6915 A6,6,AD+LATE,AD+LATE,AD+LATE,6915
6760 A7 6710 A6 7177 A6 6915 A6,7,AD+LATE,AD+LATE,AD+LATE,6915
6760 A7 6710 A6 7177 A6 6915 A6,8,AD+LATE,AD+LATE,AD+LATE,6915
6760 A7 6710 A6 7177 A6 6915 A6,9,AD+LATE,AD+LATE,AD+LATE,6915
6760 A7 6710 A6 7177 A6 6915 A6,10,AD+LATE,AD+LATE,AD+LATE,6915
6760 A7 6710 A6 7177 A6 6915 A6,11,AD+LATE,AD+LATE,AD+LATE,6915
6760 A7 6710 A6 7177 A6 6915 A6,12,AD+LATE,AD+LATE,AD+LATE,6915
6760 A7 6710 A6 7177 A6 6915 A6,13,AD+LATE,AD+LATE,AD+LATE,6915
6760 A7 6710 A6 7177 A6 6915 A6,14,AD+LATE,AD+LATE,AD+LATE,6915
6760 A7 6710 A6 7177 A6 6915 A6,15,AD+LATE,AD+LATE,AD+LATE,6915
6760 A7 6710 A6 7177 A6 6915 A6,16,AD+LATE,AD+LATE,AD+LATE,6915
6760 A7 6710 A6 7177 A6 6915 A6,17,AD+LATE,AD+LATE,AD+LATE,6915
6760 A7 6710 A6 7177 A6 6915 A6,18,AD+LATE,AD+LATE,AD+LATE,6915
6760 A7 6710 A6 7177 A6 6915 A6,19,AD+LATE,AD+LATE,AD+LATE,6915
6760 A7 6710 A6 7177 A6 6915 A6,20,AD+LATE,AD+LATE,AD+LATE,6915
6760 A7 6710 A6 7177 A6 6915 A6,21,AD+LATE,AD+LATE,AD+LATE,6915
6760 A7 6710 A6 7177 A6 6915 A6,22,AD+LATE,AD+LATE,AD+LATE,6915
6760 A7 6710 A6 7177 A6 6915 A6,23,AD+LATE,AD+LATE,AD+LATE,6915
6760 A7 6710 A6 7177 A6 6915 A6,24,AD+LATE,AD+LATE,AD+LATE,6915
6760 A7 6710 A6 7177 A6 6915 A6,25,AD+LATE,AD+LATE,AD+LATE,6915
6760 A7 6710 A6 7177 A6 6915 A6,26,AD+LATE,AD+LATE,AD+LATE,6915
6760 A7 6710 A6 7177 A6 6915 A6,27,AD+LATE,AD+LATE,AD+LATE,6915
6760 A7 6710 A6 7177 A6 6915 A6,28,AD+LATE,AD+LATE,AD+LATE,6915
6760 A7 6710 A6 7177 A6 6915 A6,29,AD+LATE,AD+LATE,AD+LATE,6915
6760 A7 6710 A6 7177 A6 6915 A6,30,AD+LATE,AD+LATE,AD+LATE,6915
6760 A7 6710 A6 7177 A6 6915 A6,31,AD+LATE,AD+LATE,AD+LATE,6915
6760 A7 6710 A6 7177 A6 6915 A6,32,AD+LATE,AD+LATE,AD+LATE,6915
6760 A7 6710 A6 7177 A6 6915 A6,33,AD+LATE,AD+LATE,AD+LATE,6915
6760 A7 6710 A6 7177 A6 6915 A6,34,AD+LATE,AD+LATE,AD+LATE,6915
6760 A7 6710 A6 7177 A6 6915 A6,35,AD+LATE,AD+LATE,AD+LATE,6915
6760 A7 6710 A6 7177 A6 6915 A6,36,AD+LATE,AD+LATE,AD+LATE,6915
6760 A7 6710 A6 7177 A6 6915 A6,37,AD+LATE,AD+LATE,AD+LATE,6915
6760 A7 6710 A6 7177 A6 6915 A6,38,AD+LATE,AD+LATE,AD+LATE,6915
6760 A7 6710 A6 7177 A6 6915 A6,39,AD+LATE,AD+LATE,AD+LATE,6915
6760 A7 6710 A6 7177 A6 6915 A6,40,AD+LATE,AD+LATE,AD+LATE,6915
6760 A7 6710 A6 7177 A6 6915 A6,41,AD+LATE,AD+LATE,AD+LATE,6915
6760 A7 6710 A6 7177 A6 6915 A6,42,AD+LATE,AD+LATE,AD+LATE,6915
6760 A7 6710 A6 7177 A6 6915 A6,43,AD+LATE,AD+LATE,AD+LATE,6915
6760 A7 6710 A6 7177 A6 6915 A6,44,AD+LATE,AD+LATE,AD+LATE,6915
6760 A7 6710 A6 7177 A6 6915 A6,45,AD+LATE,AD+LATE,AD+LATE,7177
6760 A7 6710 A6 7177 A6 6915 A6,46,AD+LATE,AD+LATE,AD+LATE,7177
6760 A7 6710 A6 7177 A6 6915 A6,47,AD+LATE,AD+LATE,AD+LATE,7177
6760 A7 6710 A6 7177 A6 6915 A6,48,AD+LATE,AD+LATE,AD+LATE,7177
6760 A7 6710 A6 7177 A6 6915 A6,49,AD+LATE,AD+LATE,AD+LATE,7177
6760 A7 6710 A6 7177 A6 6915 A6,50,AD+LATE,AD+LATE,AD+LATE,7177
6760 A7 6710 A6 7177 A6 6915 A6,51,AD+LATE,AD+LATE,AD+LATE,7177
6760 A7 6710 A6 7177 A6 6915 A6,52,AD+LATE,AD+LATE,AD+LATE,7177
6760 A7 6710 A6 7177 A6 6915 A6,53,AD+LATE,AD+LATE,AD+LATE,7177
6760 A7 6710 A6 7177 A6 6915 A6,54,AD+LATE,AD+LATE,AD+LATE,7177
6760 A7 6710 A6 7177 A6 6915 A6,55,AD+LATE,AD+LATE,AD+LATE,7177
6760 A7 6710 A6 7177 A6 6915 A6,56,AD+LATE,AD+LATE,AD+LATE,7177
6760 A7 6710 A6 7177 A6 6915 A6,57,AD+LATE,AD+LATE,AD+LATE,7177
6760 A7 6710 A6 7177 A6 6915 A6,58,AD+LATE,AD+LATE,AD+LATE,7177
6760 A7 6710 A6 7177 A6 6915 A6,59,AD+LATE,AD+LATE,AD+LATE,7177
6760 A7 6710 A6 7177 A6 6915 A6,60,AD+LATE,AD+LATE,AD+LATE,7177
6760 A7 6710 A6 7177 A6 6915 A6,61,AD+LATE,AD+LATE,AD+LATE,7177
6760 A7 6710 A6 7177 A6 6915 A6,62,AD+LATE,AD+LATE,AD+LATE,7177
6760 A7 6710 A6 7177 A6 6915 A6,63,AD+LATE,AD+LATE,AD+LATE,7177
6760 A7 6710 A6 7177 A6 6915 A6,64,AD+LATE,AD+LATE,AD+LATE,7177
6760 A7 6710 A6 7177 A6 6915 A6,65,AD+LATE,AD+LATE,AD+LATE,7177
6760 A7 6710 A6 7177 A6 6915 A6,66,AD+LATE,AD+LATE,AD+LATE,7177
6760 A7 6710 A6 7177 A6 6915 A6,67,AD+LATE,AD+LATE,AD+LATE,7177
6760 A7 6710 A6 7177 A6 6915 A6,68,AD+LATE,AD+LATE,AD+LATE,7177
6760 A7 6710 A6 7177 A6 6915 A6,69,AD+LATE,AD+LATE,AD+LATE,7177
6760 A7 6710 A6 7177 A6 6915 A6,70,AD+LATE,AD+LATE,AD+LATE,7177
6760 A7 6710 A6 7177 A6 6915 A6,71,AD+LATE,AD+LATE,AD+LATE,7177
6760 A7 6710 A6 7177 A6 6915 A6,72,AD+LATE,AD+LATE,AD+LATE,7177
6760 A7 6710 A6 7177 A6 6915 A6,73,AD+LATE,AD+LATE,AD+LATE,7177
6760 A7 6710 A6 7177 A6 6915 A6,74,AD+LATE,AD+LATE,AD+LATE,7177
6760 A7 6710 A6 7177 A6 6915 A6,75,AD+LATE,AD+LATE,AD+LATE,7177
6760 A7 6710 A6 7177 A6 6915 A6,76,AD+LATE,AD+LATE,AD+LATE,7177
6760 A7 6710 A6 7177 A6 6915 A6,77,AD+LATE,AD+LATE,AD+LATE,6710
6760 A7 6710 A6 7177 A6 6915 A6,78,AD+LATE,AD+LATE,AD+LATE,6710
6760 A7 6710 A6 7177 A6 6915 A6,79,AD+LATE,AD+LATE,AD+LATE,6710
6760 A7 6710 A6 7177 A6 6915 A6,80,AD+LATE,AD+LATE,AD+LATE,6710
6760 A7 6710 A6 7177 A6 6915 A6,81,AD+LATE,AD+LATE,AD+LATE,6710
6760 A7 6710 A6 7177 A6 6915 A6,82,AD+LATE,AD+LATE,AD+LATE,6710
6760 A7 6710 A6 7177 A6 6915 A6,83,AD+LATE,AD+LATE,AD+LATE,6710
6760 A7 6710 A6 7177 A6 6915 A6,84,AD+LATE,AD+LATE,AD+LATE,6710
6760 A7 6710 A6 7177 A6 6915 A6,85,AD+LATE,AD+LATE,AD+LATE,6710
6760 A7 6710 A6 7177 A6 6915 A6,86,AD+LATE,AD+LATE,AD+LATE,6710
6760 A7 6710 A6 7177 A6 6915 A6,87,AD+LATE,AD+LATE,AD+LATE,6710
6760 A7 6710 A6 7177 A6 6915 A6,88,AD+LATE,AD+LATE,AD+LATE,6710
6760 A7 6710 A6 7177 A6 6915 A6,89,AD+LATE,AD+LATE,AD+LATE,6710
6760 A7 6710 A6 7177 A6 6915 A6,90,AD+LATE,AD+LATE,AD+LATE,6710
6760 A7 6710 A6 7177 A6 6915 A6,91,AD+LATE,AD+LATE,AD+LATE,6710
6760 A7 6710 A6 7177 A6 6915 A6,92,AD+LATE,AD+LATE,AD+LATE,6710
6760 A7 6710 A6 7177 A6 6915 A6,93,AD+LATE,AD+LATE,AD+LATE,6710
6760 A7 6710 A6 7177 A6 6915 A6,94,AD+LATE,AD+LATE,AD+LATE,6710
6760 A7 6710 A6 7177 A6 6915 A6,95,AD+LATE,AD+LATE,AD+LATE,6710
6760 A7 6710 A6 7177 A6 6915 A6,96,AD+LATE,AD+LATE,AD+LATE,6710
6760 A7 6710 A6 7177 A6 6915 A6,97,AD+LATE,AD+LATE,AD+LATE,6710
6760 A7 6710 A6 7177 A6 6915 A6,98,AD+LATE,AD+LATE,AD+LATE,6710
6760 A7 6710 A6 7177 A6 6915 A6,99,AD+LATE,AD+LATE,AD+LATE,6710
6760 A7 6710 A6 7177 A6 6915 A6,100,AD+LATE,AD+LATE,AD+LATE,6710
6760 A7 6710 A6 7177 A6 6915 A6,101,AD+LATE,AD+LATE,AD+LATE,6710
6760 A7 6710 A6 7177 A6 6915 A6,102,AD+LATE,AD+LATE,AD+LATE,6710
6760 A7 6710 A6 7177 A6 6915 A6,103,AD+LATE,AD+LATE,AD+LATE,6710
6760 A7 6710 A6 7177 A6 6915 A6,104,AD+LATE,AD+LATE,AD+LATE,6710
6760 A7 6710 A6 7177 A6 6915 A6,105,AD+LATE,AD+LATE,AD+LATE,6710
6760 A7 6710 A6 7177 A6 6915 A6,106,AD+LATE,AD+LATE,AD+LATE,6710
6760 A7 6710 A6 7177 A6 6915 A6,107,AD+LATE,AD+LATE,AD+LATE,6710
6760 A7 6710 A6 7177 A6 6915 A6,108,AD+LATE,AD+LATE,AD+LATE,6710
6760 A7 6710 A6 7177 A6 6915 A6,109,AD+LATE,AD+LATE,AD+LATE,6710
6760 A7 6710 A6 7177 A6 6915 A6,110,AD+LATE,AD+LATE,AD+LATE,6710
6760 A7 6710 A6 7177 A6 6915 A6,111,AD+LATE,AD+LATE,AD+LATE,6710
6760 A7 6710 A6 7177 A6 6915 A6,112,AD+LATE,AD+LATE,AD+LATE,6710
6760 A7 6710 A6 7177 A6 6915 A6,113,AD+LATE,AD+LATE,AD+LATE,6710
6760 A7 6710 A6 7177 A6 6915 A6,114,AD+LATE,AD+LATE,AD+LATE,6710
6760 A7 6710 A6 7177 A6 6915 A6,115,AD+LATE,AD+LATE,AD+LATE,6710
6760 A7 6710 A6 7177 A6 6915 A6,116,Control,Control,Control,6760
6760 A7 6710 A6 7177 A6 6915 A6,117,Control,Control,Control,6760
6760 A7 6710 A6 7177 A6 6915 A6,118,Control,Control,Control,6760
6760 A7 6710 A6 7177 A6 6915 A6,119,Control,Control,Control,6760
6760 A7 6710 A6 7177 A6 6915 A6,120,Control,Control,Control,6760
6760 A7 6710 A6 7177 A6 6915 A6,121,Control,Control,Control,6760
6760 A7 6710 A6 7177 A6 6915 A6,122,Control,Control,Control,6760
6760 A7 6710 A6 7177 A6 6915 A6,123,Control,Control,Control,6760
6760 A7 6710 A6 7177 A6 6915 A6,124,Control,Control,Control,6760
6760 A7 6710 A6 7177 A6 6915 A6,125,Control,Control,Control,6760
6760 A7 6710 A6 7177 A6 6915 A6,126,Control,Control,Control,6760
6760 A7 6710 A6 7177 A6 6915 A6,127,Control,Control,Control,6760
6760 A7 6710 A6 7177 A6 6915 A6,128,Control,Control,Control,6760
6760 A7 6710 A6 7177 A6 6915 A6,129,Control,Control,Control,6760
6760 A7 6710 A6 7177 A6 6915 A6,130,Control,Control,Control,6760
6760 A7 6710 A6 7177 A6 6915 A6,131,Control,Control,Control,6760
6760 A7 6710 A6 7177 A6 6915 A6,132,Control,Control,Control,6760
6760 A7 6710 A6 7177 A6 6915 A6,133,Control,Control,Control,6760
6760 A7 6710 A6 7177 A6 6915 A6,134,Control,Control,Control,6760
6760 A7 6710 A6 7177 A6 6915 A6,135,Control,Control,Control,6760
6760 A7 6710 A6 7177 A6 6915 A6,136,Control,Control,Control,6760
6760 A7 6710 A6 7177 A6 6915 A6,137,Control,Control,Control,6760
6760 A7 6710 A6 7177 A6 6915 A6,138,Control,Control,Control,6760
6760 A7 6710 A6 7177 A6 6915 A6,139,Control,Control,Control,6760
6760 A7 6710 A6 7177 A6 6915 A6,140,Control,Control,Control,6760
6760 A7 6710 A6 7177 A6 6915 A6,141,Control,Control,Control,6760
6760 A7 6710 A6 7177 A6 6915 A6,142,Control,Control,Control,6760
6760 A7 6710 A6 7177 A6 6915 A6,143,Control,Control,Control,6760
6760 A7 6710 A6 7177 A6 6915 A6,144,Control,Control,Control,6760
6760 A7 6710 A6 7177 A6 6915 A6,145,Control,Control,Control,6760
6760 A7 6710 A6 7177 A6 6915 A6,146,Control,Control,Control,6760
6760 A7 6710 A6 7177 A6 6915 A6,147,Control,Control,Control,6760
6760 A7 6710 A6 7177 A6 6915 A6,148,Control,Control,Control,6760
6760 A7 6710 A6 7177 A6 6915 A6,149,Control,Control,Control,6760
6760 A7 6710 A6 7177 A6 6915 A6,150,Control,Control,Control,6760
6760 A7 6710 A6 7177 A6 6915 A6,151,Control,Control,Control,6760
6760 A7 6710 A6 7177 A6 6915 A6,152,Control,Control,Control,6760
6760 A7 6710 A6 7177 A6 6915 A6,153,Control,Control,Control,6760
6760 A7 6710 A6 7177 A6 6915 A6,154,Control,Control,Control,6760
6760 A7 6710 A6 7177 A6 6915 A6,155,Control,Control,Control,6760
20260708_UWA_7163_7181_7665_7796,1,AD+LATE,AD+LATE SORL1,AD+LATE SORL1 R953C,7796
20260708_UWA_7163_7181_7665_7796,2,AD+LATE,AD+LATE SORL1,AD+LATE SORL1 R953C,7796
20260708_UWA_7163_7181_7665_7796,3,AD+LATE,AD+LATE SORL1,AD+LATE SORL1 R953C,7796
20260708_UWA_7163_7181_7665_7796,4,AD+LATE,AD+LATE SORL1,AD+LATE SORL1 R953C,7796
20260708_UWA_7163_7181_7665_7796,5,AD+LATE,AD+LATE SORL1,AD+LATE SORL1 R953C,7796
20260708_UWA_7163_7181_7665_7796,6,AD+LATE,AD+LATE SORL1,AD+LATE SORL1 R953C,7796
20260708_UWA_7163_7181_7665_7796,7,AD+LATE,AD+LATE SORL1,AD+LATE SORL1 R953C,7796
20260708_UWA_7163_7181_7665_7796,8,AD+LATE,AD+LATE SORL1,AD+LATE SORL1 R953C,7796
20260708_UWA_7163_7181_7665_7796,9,AD+LATE,AD+LATE SORL1,AD+LATE SORL1 R953C,7796
20260708_UWA_7163_7181_7665_7796,10,AD+LATE,AD+LATE SORL1,AD+LATE SORL1 R953C,7796
20260708_UWA_7163_7181_7665_7796,11,AD+LATE,AD+LATE SORL1,AD+LATE SORL1 R953C,7796
20260708_UWA_7163_7181_7665_7796,12,AD+LATE,AD+LATE SORL1,AD+LATE SORL1 R953C,7796
20260708_UWA_7163_7181_7665_7796,13,AD+LATE,AD+LATE SORL1,AD+LATE SORL1 R953C,7796
20260708_UWA_7163_7181_7665_7796,14,AD+LATE,AD+LATE SORL1,AD+LATE SORL1 R953C,7796
20260708_UWA_7163_7181_7665_7796,15,AD+LATE,AD+LATE SORL1,AD+LATE SORL1 R953C,7796
20260708_UWA_7163_7181_7665_7796,16,AD+LATE,AD+LATE SORL1,AD+LATE SORL1 R953C,7796
20260708_UWA_7163_7181_7665_7796,17,AD+LATE,AD+LATE SORL1,AD+LATE SORL1 R953C,7796
20260708_UWA_7163_7181_7665_7796,18,AD+LATE,AD+LATE SORL1,AD+LATE SORL1 R953C,7796
20260708_UWA_7163_7181_7665_7796,19,AD+LATE,AD+LATE SORL1,AD+LATE SORL1 R953C,7796
20260708_UWA_7163_7181_7665_7796,20,AD+LATE,AD+LATE SORL1,AD+LATE SORL1 R953C,7796
20260708_UWA_7163_7181_7665_7796,21,AD+LATE,AD+LATE SORL1,AD+LATE SORL1 R953C,7796
20260708_UWA_7163_7181_7665_7796,22,AD+LATE,AD+LATE SORL1,AD+LATE SORL1 R953C,7796
20260708_UWA_7163_7181_7665_7796,23,AD+LATE,AD+LATE SORL1,AD+LATE SORL1 R953C,7796
20260708_UWA_7163_7181_7665_7796,24,AD+LATE,AD+LATE SORL1,AD+LATE SORL1 R953C,7796
20260708_UWA_7163_7181_7665_7796,25,AD+LATE,AD+LATE SORL1,AD+LATE SORL1 R953C,7796
20260708_UWA_7163_7181_7665_7796,26,AD+LATE,AD+LATE SORL1,AD+LATE SORL1 R953C,7796
20260708_UWA_7163_7181_7665_7796,27,AD+LATE,AD+LATE SORL1,AD+LATE SORL1 R953C,7796
20260708_UWA_7163_7181_7665_7796,28,AD+LATE,AD+LATE SORL1,AD+LATE SORL1 R953C,7796
20260708_UWA_7163_7181_7665_7796,29,AD+LATE,AD+LATE SORL1,AD+LATE SORL1 R953C,7796
20260708_UWA_7163_7181_7665_7796,30,AD+LATE,AD+LATE SORL1,AD+LATE SORL1 R953C,7796
20260708_UWA_7163_7181_7665_7796,31,AD+LATE,AD+LATE SORL1,AD+LATE SORL1 R953C,7796
20260708_UWA_7163_7181_7665_7796,32,AD+LATE,AD+LATE SORL1,AD+LATE SORL1 R953C,7796
20260708_UWA_7163_7181_7665_7796,33,AD+LATE,AD+LATE SORL1,AD+LATE SORL1 R953C,7796
20260708_UWA_7163_7181_7665_7796,34,AD+LATE,AD+LATE SORL1,AD+LATE SORL1 R953C,7796
20260708_UWA_7163_7181_7665_7796,35,AD+LATE,AD+LATE SORL1,AD+LATE SORL1 R953C,7796
20260708_UWA_7163_7181_7665_7796,36,AD+LATE,AD+LATE SORL1,AD+LATE SORL1 R953C,7796
20260708_UWA_7163_7181_7665_7796,37,AD+LATE,AD+LATE SORL1,AD+LATE SORL1 R953C,7796
20260708_UWA_7163_7181_7665_7796,38,AD+LATE,AD+LATE SORL1,AD+LATE SORL1 R953C,7796
20260708_UWA_7163_7181_7665_7796,39,AD+LATE,AD+LATE SORL1,AD+LATE SORL1 R953C,7796
20260708_UWA_7163_7181_7665_7796,40,AD+LATE,AD+LATE SORL1,AD+LATE SORL1 R953C,7796
20260708_UWA_7163_7181_7665_7796,41,AD+LATE,AD+LATE SORL1,AD+LATE SORL1 R953C,7796
20260708_UWA_7163_7181_7665_7796,42,AD+LATE,AD+LATE SORL1,AD+LATE SORL1 R953C,7796
20260708_UWA_7163_7181_7665_7796,43,AD+LATE,AD+LATE SORL1,AD+LATE SORL1 R953C,7796
20260708_UWA_7163_7181_7665_7796,44,AD+LATE,AD+LATE SORL1,AD+LATE SORL1 R953C,7796
20260708_UWA_7163_7181_7665_7796,45,AD+LATE,AD+LATE SORL1,AD+LATE SORL1 R953C,7796
20260708_UWA_7163_7181_7665_7796,46,AD+LATE,AD+LATE SORL1,AD+LATE SORL1 R953C,7796
20260708_UWA_7163_7181_7665_7796,47,AD+LATE,AD+LATE SORL1,AD+LATE SORL1 R953C,7796
20260708_UWA_7163_7181_7665_7796,48,AD+LATE,AD+LATE SORL1,AD+LATE SORL1 R953C,7796
20260708_UWA_7163_7181_7665_7796,49,AD+LATE,AD+LATE SORL1,AD+LATE SORL1 R953C,7796
20260708_UWA_7163_7181_7665_7796,50,AD+LATE,AD+LATE SORL1,AD+LATE SORL1 R953C,7796
20260708_UWA_7163_7181_7665_7796,51,AD+LATE,AD+LATE,AD+LATE,7665
20260708_UWA_7163_7181_7665_7796,52,AD+LATE,AD+LATE,AD+LATE,7665
20260708_UWA_7163_7181_7665_7796,53,AD+LATE,AD+LATE,AD+LATE,7665
20260708_UWA_7163_7181_7665_7796,54,AD+LATE,AD+LATE,AD+LATE,7665
20260708_UWA_7163_7181_7665_7796,55,AD+LATE,AD+LATE,AD+LATE,7665
20260708_UWA_7163_7181_7665_7796,56,AD+LATE,AD+LATE,AD+LATE,7665
20260708_UWA_7163_7181_7665_7796,57,AD+LATE,AD+LATE,AD+LATE,7665
20260708_UWA_7163_7181_7665_7796,58,AD+LATE,AD+LATE,AD+LATE,7665
20260708_UWA_7163_7181_7665_7796,59,AD+LATE,AD+LATE,AD+LATE,7665
20260708_UWA_7163_7181_7665_7796,60,AD+LATE,AD+LATE,AD+LATE,7665
20260708_UWA_7163_7181_7665_7796,61,AD+LATE,AD+LATE,AD+LATE,7665
20260708_UWA_7163_7181_7665_7796,62,AD+LATE,AD+LATE,AD+LATE,7665
20260708_UWA_7163_7181_7665_7796,63,AD+LATE,AD+LATE,AD+LATE,7665
20260708_UWA_7163_7181_7665_7796,64,AD+LATE,AD+LATE,AD+LATE,7665
20260708_UWA_7163_7181_7665_7796,65,AD+LATE,AD+LATE,AD+LATE,7665
20260708_UWA_7163_7181_7665_7796,66,AD+LATE,AD+LATE,AD+LATE,7665
20260708_UWA_7163_7181_7665_7796,67,AD+LATE,AD+LATE,AD+LATE,7665
20260708_UWA_7163_7181_7665_7796,68,AD+LATE,AD+LATE,AD+LATE,7665
20260708_UWA_7163_7181_7665_7796,69,AD+LATE,AD+LATE,AD+LATE,7665
20260708_UWA_7163_7181_7665_7796,70,AD+LATE,AD+LATE,AD+LATE,7665
20260708_UWA_7163_7181_7665_7796,71,AD+LATE,AD+LATE,AD+LATE,7665
20260708_UWA_7163_7181_7665_7796,72,AD+LATE,AD+LATE,AD+LATE,7665
20260708_UWA_7163_7181_7665_7796,73,AD+LATE,AD+LATE,AD+LATE,7665
20260708_UWA_7163_7181_7665_7796,74,AD+LATE,AD+LATE,AD+LATE,7665
20260708_UWA_7163_7181_7665_7796,75,AD+LATE,AD+LATE,AD+LATE,7665
20260708_UWA_7163_7181_7665_7796,76,AD+LATE,AD+LATE,AD+LATE,7665
20260708_UWA_7163_7181_7665_7796,77,AD+LATE,AD+LATE,AD+LATE,7665
20260708_UWA_7163_7181_7665_7796,78,AD+LATE,AD+LATE,AD+LATE,7665
20260708_UWA_7163_7181_7665_7796,79,AD+LATE,AD+LATE,AD+LATE,7665
20260708_UWA_7163_7181_7665_7796,80,AD+LATE,AD+LATE,AD+LATE,7665
20260708_UWA_7163_7181_7665_7796,81,AD+LATE,AD+LATE,AD+LATE,7665
20260708_UWA_7163_7181_7665_7796,82,AD+LATE,AD+LATE,AD+LATE,7665
20260708_UWA_7163_7181_7665_7796,83,AD+LATE,AD+LATE,AD+LATE,7665
20260708_UWA_7163_7181_7665_7796,84,AD+LATE,AD+LATE,AD+LATE,7665
20260708_UWA_7163_7181_7665_7796,85,AD+LATE,AD+LATE,AD+LATE,7665
20260708_UWA_7163_7181_7665_7796,86,AD+LATE,AD+LATE,AD+LATE,7665
20260708_UWA_7163_7181_7665_7796,87,AD+LATE,AD+LATE,AD+LATE,7665
20260708_UWA_7163_7181_7665_7796,88,AD+LATE,AD+LATE,AD+LATE,7665
20260708_UWA_7163_7181_7665_7796,89,AD+LATE,AD+LATE,AD+LATE,7665
20260708_UWA_7163_7181_7665_7796,90,AD+LATE,AD+LATE,AD+LATE,7665
20260708_UWA_7163_7181_7665_7796,91,AD+LATE,AD+LATE,AD+LATE,7665
20260708_UWA_7163_7181_7665_7796,92,AD+LATE,AD+LATE,AD+LATE,7665
20260708_UWA_7163_7181_7665_7796,93,AD+LATE,AD+LATE,AD+LATE,7665
20260708_UWA_7163_7181_7665_7796,94,AD+LATE,AD+LATE,AD+LATE,7665
20260708_UWA_7163_7181_7665_7796,95,AD+LATE,AD+LATE,AD+LATE,7665
20260708_UWA_7163_7181_7665_7796,96,AD+LATE,AD+LATE,AD+LATE,7665
20260708_UWA_7163_7181_7665_7796,97,AD+LATE,AD+LATE,AD+LATE,7665
20260708_UWA_7163_7181_7665_7796,98,AD+LATE,AD+LATE,AD+LATE,7665
20260708_UWA_7163_7181_7665_7796,99,AD+LATE,AD+LATE,AD+LATE,7665
20260708_UWA_7163_7181_7665_7796,100,AD+LATE,AD+LATE,AD+LATE,7665
20260708_UWA_7163_7181_7665_7796,101,AD+LATE,AD+LATE SORL1,AD+LATE SORL1 C467Y,7181
20260708_UWA_7163_7181_7665_7796,102,AD+LATE,AD+LATE SORL1,AD+LATE SORL1 C467Y,7181
20260708_UWA_7163_7181_7665_7796,103,AD+LATE,AD+LATE SORL1,AD+LATE SORL1 C467Y,7181
20260708_UWA_7163_7181_7665_7796,104,AD+LATE,AD+LATE SORL1,AD+LATE SORL1 C467Y,7181
20260708_UWA_7163_7181_7665_7796,105,AD+LATE,AD+LATE SORL1,AD+LATE SORL1 C467Y,7181
20260708_UWA_7163_7181_7665_7796,106,AD+LATE,AD+LATE SORL1,AD+LATE SORL1 C467Y,7181
20260708_UWA_7163_7181_7665_7796,107,AD+LATE,AD+LATE SORL1,AD+LATE SORL1 C467Y,7181
20260708_UWA_7163_7181_7665_7796,108,AD+LATE,AD+LATE SORL1,AD+LATE SORL1 C467Y,7181
20260708_UWA_7163_7181_7665_7796,109,AD+LATE,AD+LATE SORL1,AD+LATE SORL1 C467Y,7181
20260708_UWA_7163_7181_7665_7796,110,AD+LATE,AD+LATE SORL1,AD+LATE SORL1 C467Y,7181
20260708_UWA_7163_7181_7665_7796,111,AD+LATE,AD+LATE SORL1,AD+LATE SORL1 C467Y,7181
20260708_UWA_7163_7181_7665_7796,112,AD+LATE,AD+LATE SORL1,AD+LATE SORL1 C467Y,7181
20260708_UWA_7163_7181_7665_7796,113,AD+LATE,AD+LATE SORL1,AD+LATE SORL1 C467Y,7181
20260708_UWA_7163_7181_7665_7796,114,AD+LATE,AD+LATE SORL1,AD+LATE SORL1 C467Y,7181
20260708_UWA_7163_7181_7665_7796,115,AD+LATE,AD+LATE SORL1,AD+LATE SORL1 C467Y,7181
20260708_UWA_7163_7181_7665_7796,116,AD+LATE,AD+LATE SORL1,AD+LATE SORL1 C467Y,7181
20260708_UWA_7163_7181_7665_7796,117,AD+LATE,AD+LATE SORL1,AD+LATE SORL1 C467Y,7181
20260708_UWA_7163_7181_7665_7796,118,AD+LATE,AD+LATE SORL1,AD+LATE SORL1 C467Y,7181
20260708_UWA_7163_7181_7665_7796,119,AD+LATE,AD+LATE SORL1,AD+LATE SORL1 C467Y,7181
20260708_UWA_7163_7181_7665_7796,120,AD+LATE,AD+LATE SORL1,AD+LATE SORL1 C467Y,7181
20260708_UWA_7163_7181_7665_7796,121,AD+LATE,AD+LATE SORL1,AD+LATE SORL1 C467Y,7181
20260708_UWA_7163_7181_7665_7796,122,AD+LATE,AD+LATE SORL1,AD+LATE SORL1 C467Y,7181
20260708_UWA_7163_7181_7665_7796,123,AD+LATE,AD+LATE SORL1,AD+LATE SORL1 C467Y,7181
20260708_UWA_7163_7181_7665_7796,124,AD+LATE,AD+LATE SORL1,AD+LATE SORL1 C467Y,7181
20260708_UWA_7163_7181_7665_7796,125,AD+LATE,AD+LATE SORL1,AD+LATE SORL1 C467Y,7181
20260708_UWA_7163_7181_7665_7796,126,AD+LATE,AD+LATE SORL1,AD+LATE SORL1 C467Y,7181
20260708_UWA_7163_7181_7665_7796,127,AD+LATE,AD+LATE SORL1,AD+LATE SORL1 C467Y,7181
20260708_UWA_7163_7181_7665_7796,128,AD+LATE,AD+LATE SORL1,AD+LATE SORL1 C467Y,7181
20260708_UWA_7163_7181_7665_7796,129,AD+LATE,AD+LATE SORL1,AD+LATE SORL1 C467Y,7181
20260708_UWA_7163_7181_7665_7796,130,AD+LATE,AD+LATE SORL1,AD+LATE SORL1 C467Y,7181
20260708_UWA_7163_7181_7665_7796,131,AD+LATE,AD+LATE SORL1,AD+LATE SORL1 C467Y,7181
20260708_UWA_7163_7181_7665_7796,132,AD+LATE,AD+LATE SORL1,AD+LATE SORL1 C467Y,7181
20260708_UWA_7163_7181_7665_7796,133,AD+LATE,AD+LATE SORL1,AD+LATE SORL1 C467Y,7181
20260708_UWA_7163_7181_7665_7796,134,AD+LATE,AD+LATE SORL1,AD+LATE SORL1 C467Y,7181
20260708_UWA_7163_7181_7665_7796,135,AD+LATE,AD+LATE SORL1,AD+LATE SORL1 C467Y,7181
20260708_UWA_7163_7181_7665_7796,136,AD+LATE,AD+LATE SORL1,AD+LATE SORL1 C467Y,7181
20260708_UWA_7163_7181_7665_7796,137,AD+LATE,AD+LATE SORL1,AD+LATE SORL1 C467Y,7181
20260708_UWA_7163_7181_7665_7796,138,AD+LATE,AD+LATE SORL1,AD+LATE SORL1 C467Y,7181
20260708_UWA_7163_7181_7665_7796,139,AD+LATE,AD+LATE SORL1,AD+LATE SORL1 C467Y,7181
20260708_UWA_7163_7181_7665_7796,140,AD+LATE,AD+LATE SORL1,AD+LATE SORL1 C467Y,7181
20260708_UWA_7163_7181_7665_7796,141,AD+LATE,AD+LATE SORL1,AD+LATE SORL1 C467Y,7181
20260708_UWA_7163_7181_7665_7796,142,AD+LATE,AD+LATE SORL1,AD+LATE SORL1 C467Y,7181
20260708_UWA_7163_7181_7665_7796,143,AD+LATE,AD+LATE SORL1,AD+LATE SORL1 C467Y,7181
20260708_UWA_7163_7181_7665_7796,144,AD+LATE,AD+LATE SORL1,AD+LATE SORL1 C467Y,7181
20260708_UWA_7163_7181_7665_7796,145,AD+LATE,AD+LATE SORL1,AD+LATE SORL1 C467Y,7181
20260708_UWA_7163_7181_7665_7796,146,AD+LATE,AD+LATE SORL1,AD+LATE SORL1 C467Y,7181
20260708_UWA_7163_7181_7665_7796,147,AD+LATE,AD+LATE SORL1,AD+LATE SORL1 C467Y,7181
20260708_UWA_7163_7181_7665_7796,148,AD+LATE,AD+LATE SORL1,AD+LATE SORL1 C467Y,7181
20260708_UWA_7163_7181_7665_7796,149,AD+LATE,AD+LATE SORL1,AD+LATE SORL1 C467Y,7181
20260708_UWA_7163_7181_7665_7796,150,AD+LATE,AD+LATE SORL1,AD+LATE SORL1 C467Y,7181
20260708_UWA_7163_7181_7665_7796,151,AD Pure,AD Pure,AD Pure,7163
20260708_UWA_7163_7181_7665_7796,152,AD Pure,AD Pure,AD Pure,7163
20260708_UWA_7163_7181_7665_7796,153,AD Pure,AD Pure,AD Pure,7163
20260708_UWA_7163_7181_7665_7796,154,AD Pure,AD Pure,AD Pure,7163
20260708_UWA_7163_7181_7665_7796,155,AD Pure,AD Pure,AD Pure,7163
20260708_UWA_7163_7181_7665_7796,156,AD Pure,AD Pure,AD Pure,7163
20260708_UWA_7163_7181_7665_7796,157,AD Pure,AD Pure,AD Pure,7163
20260708_UWA_7163_7181_7665_7796,158,AD Pure,AD Pure,AD Pure,7163
20260708_UWA_7163_7181_7665_7796,159,AD Pure,AD Pure,AD Pure,7163
20260708_UWA_7163_7181_7665_7796,160,AD Pure,AD Pure,AD Pure,7163
20260708_UWA_7163_7181_7665_7796,161,AD Pure,AD Pure,AD Pure,7163
20260708_UWA_7163_7181_7665_7796,162,AD Pure,AD Pure,AD Pure,7163
20260708_UWA_7163_7181_7665_7796,163,AD Pure,AD Pure,AD Pure,7163
20260708_UWA_7163_7181_7665_7796,164,AD Pure,AD Pure,AD Pure,7163
20260708_UWA_7163_7181_7665_7796,165,AD Pure,AD Pure,AD Pure,7163
20260708_UWA_7163_7181_7665_7796,166,AD Pure,AD Pure,AD Pure,7163
20260708_UWA_7163_7181_7665_7796,167,AD Pure,AD Pure,AD Pure,7163
20260708_UWA_7163_7181_7665_7796,168,AD Pure,AD Pure,AD Pure,7163
20260708_UWA_7163_7181_7665_7796,169,AD Pure,AD Pure,AD Pure,7163
20260708_UWA_7163_7181_7665_7796,170,AD Pure,AD Pure,AD Pure,7163
20260708_UWA_7163_7181_7665_7796,171,AD Pure,AD Pure,AD Pure,7163
20260708_UWA_7163_7181_7665_7796,172,AD Pure,AD Pure,AD Pure,7163
20260708_UWA_7163_7181_7665_7796,173,AD Pure,AD Pure,AD Pure,7163
20260708_UWA_7163_7181_7665_7796,174,AD Pure,AD Pure,AD Pure,7163
20260708_UWA_7163_7181_7665_7796,175,AD Pure,AD Pure,AD Pure,7163
20260708_UWA_7163_7181_7665_7796,176,AD Pure,AD Pure,AD Pure,7163
20260708_UWA_7163_7181_7665_7796,177,AD Pure,AD Pure,AD Pure,7163
20260708_UWA_7163_7181_7665_7796,178,AD Pure,AD Pure,AD Pure,7163
20260708_UWA_7163_7181_7665_7796,179,AD Pure,AD Pure,AD Pure,7163
20260708_UWA_7163_7181_7665_7796,180,AD Pure,AD Pure,AD Pure,7163
20260708_UWA_7163_7181_7665_7796,181,AD Pure,AD Pure,AD Pure,7163
20260708_UWA_7163_7181_7665_7796,182,AD Pure,AD Pure,AD Pure,7163
20260708_UWA_7163_7181_7665_7796,183,AD Pure,AD Pure,AD Pure,7163
20260708_UWA_7163_7181_7665_7796,184,AD Pure,AD Pure,AD Pure,7163
20260708_UWA_7163_7181_7665_7796,185,AD Pure,AD Pure,AD Pure,7163
20260708_UWA_7163_7181_7665_7796,186,AD Pure,AD Pure,AD Pure,7163
20260708_UWA_7163_7181_7665_7796,187,AD Pure,AD Pure,AD Pure,7163
20260708_UWA_7163_7181_7665_7796,188,AD Pure,AD Pure,AD Pure,7163
20260708_UWA_7163_7181_7665_7796,189,AD Pure,AD Pure,AD Pure,7163
20260708_UWA_7163_7181_7665_7796,190,AD Pure,AD Pure,AD Pure,7163
20260708_UWA_7163_7181_7665_7796,191,AD Pure,AD Pure,AD Pure,7163
20260708_UWA_7163_7181_7665_7796,192,AD Pure,AD Pure,AD Pure,7163
20260708_UWA_7163_7181_7665_7796,193,AD Pure,AD Pure,AD Pure,7163
20260708_UWA_7163_7181_7665_7796,194,AD Pure,AD Pure,AD Pure,7163
20260708_UWA_7163_7181_7665_7796,195,AD Pure,AD Pure,AD Pure,7163
20260708_UWA_7163_7181_7665_7796,196,AD Pure,AD Pure,AD Pure,7163
20260708_UWA_7163_7181_7665_7796,197,AD Pure,AD Pure,AD Pure,7163
20260708_UWA_7163_7181_7665_7796,198,AD Pure,AD Pure,AD Pure,7163
20260708_UWA_7163_7181_7665_7796,199,AD Pure,AD Pure,AD Pure,7163
20260708_UWA_7163_7181_7665_7796,200,AD Pure,AD Pure,AD Pure,7163
20260708_UWA_7163_7181_7665_7796,201,AD Pure,AD Pure,AD Pure,7163
20260708_UWA_7163_7181_7665_7796,202,AD Pure,AD Pure,AD Pure,7163
20260708_UWA_7163_7181_7665_7796,203,AD Pure,AD Pure,AD Pure,7163
20260708_UWA_7163_7181_7665_7796,204,AD Pure,AD Pure,AD Pure,7163
20260708_UWA_7163_7181_7665_7796,205,AD Pure,AD Pure,AD Pure,7163
20260708_UWA_7163_7181_7665_7796,206,AD Pure,AD Pure,AD Pure,7163
20260708_UWA_7163_7181_7665_7796,207,AD Pure,AD Pure,AD Pure,7163
20260708_UWA_7163_7181_7665_7796,208,AD Pure,AD Pure,AD Pure,7163
20260708_UWA_7163_7181_7665_7796,209,AD Pure,AD Pure,AD Pure,7163
20260708_UWA_7163_7181_7665_7796,210,AD Pure,AD Pure,AD Pure,7163
699 A7 6768 A7 1868 A7 7856 A7,1,Control,Control,Control,7856
699 A7 6768 A7 1868 A7 7856 A7,2,Control,Control,Control,7856
699 A7 6768 A7 1868 A7 7856 A7,3,Control,Control,Control,7856
699 A7 6768 A7 1868 A7 7856 A7,4,Control,Control,Control,7856
699 A7 6768 A7 1868 A7 7856 A7,5,Control,Control,Control,7856
699 A7 6768 A7 1868 A7 7856 A7,6,Control,Control,Control,7856
699 A7 6768 A7 1868 A7 7856 A7,7,Control,Control,Control,7856
699 A7 6768 A7 1868 A7 7856 A7,8,Control,Control,Control,7856
699 A7 6768 A7 1868 A7 7856 A7,9,Control,Control,Control,7856
699 A7 6768 A7 1868 A7 7856 A7,10,Control,Control,Control,7856
699 A7 6768 A7 1868 A7 7856 A7,11,Control,Control,Control,7856
699 A7 6768 A7 1868 A7 7856 A7,12,Control,Control,Control,7856
699 A7 6768 A7 1868 A7 7856 A7,13,Control,Control,Control,7856
699 A7 6768 A7 1868 A7 7856 A7,14,Control,Control,Control,7856
699 A7 6768 A7 1868 A7 7856 A7,15,Control,Control,Control,7856
699 A7 6768 A7 1868 A7 7856 A7,16,Control,Control,Control,7856
699 A7 6768 A7 1868 A7 7856 A7,17,Control,Control,Control,7856
699 A7 6768 A7 1868 A7 7856 A7,18,Control,Control,Control,7856
699 A7 6768 A7 1868 A7 7856 A7,19,Control,Control,Control,7856
699 A7 6768 A7 1868 A7 7856 A7,20,Control,Control,Control,7856
699 A7 6768 A7 1868 A7 7856 A7,21,Control,Control,Control,7856
699 A7 6768 A7 1868 A7 7856 A7,22,Control,Control,Control,7856
699 A7 6768 A7 1868 A7 7856 A7,23,Control,Control,Control,7856
699 A7 6768 A7 1868 A7 7856 A7,24,Control,Control,Control,7856
699 A7 6768 A7 1868 A7 7856 A7,25,Control,Control,Control,7856
699 A7 6768 A7 1868 A7 7856 A7,26,Control,Control,Control,7856
699 A7 6768 A7 1868 A7 7856 A7,27,Control,Control,Control,7856
699 A7 6768 A7 1868 A7 7856 A7,28,Control,Control,Control,7856
699 A7 6768 A7 1868 A7 7856 A7,29,Control,Control,Control,7856
699 A7 6768 A7 1868 A7 7856 A7,30,Control,Control,Control,7856
699 A7 6768 A7 1868 A7 7856 A7,31,Control,Control,Control,7856
699 A7 6768 A7 1868 A7 7856 A7,32,Control,Control,Control,7856
699 A7 6768 A7 1868 A7 7856 A7,33,Control,Control,Control,7856
699 A7 6768 A7 1868 A7 7856 A7,34,Control,Control,Control,7856
699 A7 6768 A7 1868 A7 7856 A7,35,Control,Control,Control,7856
699 A7 6768 A7 1868 A7 7856 A7,36,Control,Control,Control,7856
699 A7 6768 A7 1868 A7 7856 A7,37,Control,Control,Control,7856
699 A7 6768 A7 1868 A7 7856 A7,38,Control,Control,Control,7856
699 A7 6768 A7 1868 A7 7856 A7,39,Control,Control,Control,7856
699 A7 6768 A7 1868 A7 7856 A7,40,Control,Control,Control,7856
699 A7 6768 A7 1868 A7 7856 A7,41,Control,Control,Control,7856
699 A7 6768 A7 1868 A7 7856 A7,42,Control,Control,Control,7856
699 A7 6768 A7 1868 A7 7856 A7,43,Control,Control,Control,7856
699 A7 6768 A7 1868 A7 7856 A7,44,Control,Control,Control,7856
699 A7 6768 A7 1868 A7 7856 A7,45,Control,Control,Control,7856
699 A7 6768 A7 1868 A7 7856 A7,46,Control,Control,Control,7856
699 A7 6768 A7 1868 A7 7856 A7,47,Control,Control,Control,7856
699 A7 6768 A7 1868 A7 7856 A7,48,Control,Control,Control,7856
699 A7 6768 A7 1868 A7 7856 A7,49,Control,Control,Control,7856
699 A7 6768 A7 1868 A7 7856 A7,50,Control,Control,Control,7856
699 A7 6768 A7 1868 A7 7856 A7,51,AD Pure,AD Pure,AD Pure,1868
699 A7 6768 A7 1868 A7 7856 A7,52,AD Pure,AD Pure,AD Pure,1868
699 A7 6768 A7 1868 A7 7856 A7,53,AD Pure,AD Pure,AD Pure,1868
699 A7 6768 A7 1868 A7 7856 A7,54,AD Pure,AD Pure,AD Pure,1868
699 A7 6768 A7 1868 A7 7856 A7,55,AD Pure,AD Pure,AD Pure,1868
699 A7 6768 A7 1868 A7 7856 A7,56,AD Pure,AD Pure,AD Pure,1868
699 A7 6768 A7 1868 A7 7856 A7,57,AD Pure,AD Pure,AD Pure,1868
699 A7 6768 A7 1868 A7 7856 A7,58,AD Pure,AD Pure,AD Pure,1868
699 A7 6768 A7 1868 A7 7856 A7,59,AD Pure,AD Pure,AD Pure,1868
699 A7 6768 A7 1868 A7 7856 A7,60,AD Pure,AD Pure,AD Pure,1868
699 A7 6768 A7 1868 A7 7856 A7,61,AD Pure,AD Pure,AD Pure,1868
699 A7 6768 A7 1868 A7 7856 A7,62,AD Pure,AD Pure,AD Pure,1868
699 A7 6768 A7 1868 A7 7856 A7,63,AD Pure,AD Pure,AD Pure,1868
699 A7 6768 A7 1868 A7 7856 A7,64,AD Pure,AD Pure,AD Pure,1868
699 A7 6768 A7 1868 A7 7856 A7,65,AD Pure,AD Pure,AD Pure,1868
699 A7 6768 A7 1868 A7 7856 A7,66,AD Pure,AD Pure,AD Pure,1868
699 A7 6768 A7 1868 A7 7856 A7,67,AD Pure,AD Pure,AD Pure,1868
699 A7 6768 A7 1868 A7 7856 A7,68,AD Pure,AD Pure,AD Pure,1868
699 A7 6768 A7 1868 A7 7856 A7,69,AD Pure,AD Pure,AD Pure,1868
699 A7 6768 A7 1868 A7 7856 A7,70,AD Pure,AD Pure,AD Pure,1868
699 A7 6768 A7 1868 A7 7856 A7,71,AD Pure,AD Pure,AD Pure,1868
699 A7 6768 A7 1868 A7 7856 A7,72,AD Pure,AD Pure,AD Pure,1868
699 A7 6768 A7 1868 A7 7856 A7,73,AD Pure,AD Pure,AD Pure,1868
699 A7 6768 A7 1868 A7 7856 A7,74,AD Pure,AD Pure,AD Pure,1868
699 A7 6768 A7 1868 A7 7856 A7,75,AD Pure,AD Pure,AD Pure,1868
699 A7 6768 A7 1868 A7 7856 A7,76,AD Pure,AD Pure,AD Pure,1868
699 A7 6768 A7 1868 A7 7856 A7,77,AD Pure,AD Pure,AD Pure,1868
699 A7 6768 A7 1868 A7 7856 A7,78,AD Pure,AD Pure,AD Pure,1868
699 A7 6768 A7 1868 A7 7856 A7,79,AD Pure,AD Pure,AD Pure,1868
699 A7 6768 A7 1868 A7 7856 A7,80,AD Pure,AD Pure,AD Pure,1868
699 A7 6768 A7 1868 A7 7856 A7,81,AD Pure,AD Pure,AD Pure,1868
699 A7 6768 A7 1868 A7 7856 A7,82,AD Pure,AD Pure,AD Pure,1868
699 A7 6768 A7 1868 A7 7856 A7,83,AD Pure,AD Pure,AD Pure,1868
699 A7 6768 A7 1868 A7 7856 A7,84,AD Pure,AD Pure,AD Pure,1868
699 A7 6768 A7 1868 A7 7856 A7,85,AD Pure,AD Pure,AD Pure,1868
699 A7 6768 A7 1868 A7 7856 A7,86,AD Pure,AD Pure,AD Pure,1868
699 A7 6768 A7 1868 A7 7856 A7,87,AD Pure,AD Pure,AD Pure,1868
699 A7 6768 A7 1868 A7 7856 A7,88,AD Pure,AD Pure,AD Pure,1868
699 A7 6768 A7 1868 A7 7856 A7,89,AD Pure,AD Pure,AD Pure,1868
699 A7 6768 A7 1868 A7 7856 A7,90,AD Pure,AD Pure,AD Pure,1868
699 A7 6768 A7 1868 A7 7856 A7,91,AD Pure,AD Pure,AD Pure,1868
699 A7 6768 A7 1868 A7 7856 A7,92,AD Pure,AD Pure,AD Pure,6768
699 A7 6768 A7 1868 A7 7856 A7,93,AD Pure,AD Pure,AD Pure,6768
699 A7 6768 A7 1868 A7 7856 A7,94,AD Pure,AD Pure,AD Pure,6768
699 A7 6768 A7 1868 A7 7856 A7,95,AD Pure,AD Pure,AD Pure,6768
699 A7 6768 A7 1868 A7 7856 A7,96,AD Pure,AD Pure,AD Pure,6768
699 A7 6768 A7 1868 A7 7856 A7,97,AD Pure,AD Pure,AD Pure,6768
699 A7 6768 A7 1868 A7 7856 A7,98,AD Pure,AD Pure,AD Pure,6768
699 A7 6768 A7 1868 A7 7856 A7,99,AD Pure,AD Pure,AD Pure,6768
699 A7 6768 A7 1868 A7 7856 A7,100,AD Pure,AD Pure,AD Pure,6768
699 A7 6768 A7 1868 A7 7856 A7,101,AD Pure,AD Pure,AD Pure,6768
699 A7 6768 A7 1868 A7 7856 A7,102,AD Pure,AD Pure,AD Pure,6768
699 A7 6768 A7 1868 A7 7856 A7,103,AD Pure,AD Pure,AD Pure,6768
699 A7 6768 A7 1868 A7 7856 A7,104,AD Pure,AD Pure,AD Pure,6768
699 A7 6768 A7 1868 A7 7856 A7,105,AD Pure,AD Pure,AD Pure,6768
699 A7 6768 A7 1868 A7 7856 A7,106,AD Pure,AD Pure,AD Pure,6768
699 A7 6768 A7 1868 A7 7856 A7,107,AD Pure,AD Pure,AD Pure,6768
699 A7 6768 A7 1868 A7 7856 A7,108,AD Pure,AD Pure,AD Pure,6768
699 A7 6768 A7 1868 A7 7856 A7,109,AD Pure,AD Pure,AD Pure,6768
699 A7 6768 A7 1868 A7 7856 A7,110,AD Pure,AD Pure,AD Pure,6768
699 A7 6768 A7 1868 A7 7856 A7,111,AD Pure,AD Pure,AD Pure,6768
699 A7 6768 A7 1868 A7 7856 A7,112,AD Pure,AD Pure,AD Pure,6768
699 A7 6768 A7 1868 A7 7856 A7,113,AD Pure,AD Pure,AD Pure,6768
699 A7 6768 A7 1868 A7 7856 A7,114,AD Pure,AD Pure,AD Pure,6768
699 A7 6768 A7 1868 A7 7856 A7,115,AD Pure,AD Pure,AD Pure,6768
699 A7 6768 A7 1868 A7 7856 A7,116,AD Pure,AD Pure,AD Pure,6768
699 A7 6768 A7 1868 A7 7856 A7,117,AD Pure,AD Pure,AD Pure,6768
699 A7 6768 A7 1868 A7 7856 A7,118,AD Pure,AD Pure,AD Pure,6768
699 A7 6768 A7 1868 A7 7856 A7,119,AD Pure,AD Pure,AD Pure,6768
699 A7 6768 A7 1868 A7 7856 A7,120,AD Pure,AD Pure,AD Pure,6768
699 A7 6768 A7 1868 A7 7856 A7,121,AD Pure,AD Pure,AD Pure,6768
699 A7 6768 A7 1868 A7 7856 A7,122,AD Pure,AD Pure,AD Pure,6768
699 A7 6768 A7 1868 A7 7856 A7,123,AD Pure,AD Pure,AD Pure,6768
699 A7 6768 A7 1868 A7 7856 A7,124,AD Pure,AD Pure,AD Pure,6768
699 A7 6768 A7 1868 A7 7856 A7,125,AD Pure,AD Pure,AD Pure,6768
699 A7 6768 A7 1868 A7 7856 A7,126,AD Pure,AD Pure,AD Pure,6768
699 A7 6768 A7 1868 A7 7856 A7,127,Control,Control,Control,699
699 A7 6768 A7 1868 A7 7856 A7,128,Control,Control,Control,699
699 A7 6768 A7 1868 A7 7856 A7,129,Control,Control,Control,699
699 A7 6768 A7 1868 A7 7856 A7,130,Control,Control,Control,699
699 A7 6768 A7 1868 A7 7856 A7,131,Control,Control,Control,699
699 A7 6768 A7 1868 A7 7856 A7,132,Control,Control,Control,699
699 A7 6768 A7 1868 A7 7856 A7,133,Control,Control,Control,699
699 A7 6768 A7 1868 A7 7856 A7,134,Control,Control,Control,699
699 A7 6768 A7 1868 A7 7856 A7,135,Control,Control,Control,699
699 A7 6768 A7 1868 A7 7856 A7,136,Control,Control,Control,699
699 A7 6768 A7 1868 A7 7856 A7,137,Control,Control,Control,699
699 A7 6768 A7 1868 A7 7856 A7,138,Control,Control,Control,699
699 A7 6768 A7 1868 A7 7856 A7,139,Control,Control,Control,699
699 A7 6768 A7 1868 A7 7856 A7,140,Control,Control,Control,699
699 A7 6768 A7 1868 A7 7856 A7,141,Control,Control,Control,699
699 A7 6768 A7 1868 A7 7856 A7,142,Control,Control,Control,699
699 A7 6768 A7 1868 A7 7856 A7,143,Control,Control,Control,699
699 A7 6768 A7 1868 A7 7856 A7,144,Control,Control,Control,699
699 A7 6768 A7 1868 A7 7856 A7,145,Control,Control,Control,699
699 A7 6768 A7 1868 A7 7856 A7,146,Control,Control,Control,699
699 A7 6768 A7 1868 A7 7856 A7,147,Control,Control,Control,699
699 A7 6768 A7 1868 A7 7856 A7,148,Control,Control,Control,699
699 A7 6768 A7 1868 A7 7856 A7,149,Control,Control,Control,699
699 A7 6768 A7 1868 A7 7856 A7,150,Control,Control,Control,699
699 A7 6768 A7 1868 A7 7856 A7,151,Control,Control,Control,699
699 A7 6768 A7 1868 A7 7856 A7,152,Control,Control,Control,699
699 A7 6768 A7 1868 A7 7856 A7,153,Control,Control,Control,699
699 A7 6768 A7 1868 A7 7856 A7,154,Control,Control,Control,699
699 A7 6768 A7 1868 A7 7856 A7,155,Control,Control,Control,699
699 A7 6768 A7 1868 A7 7856 A7,156,Control,Control,Control,699
699 A7 6768 A7 1868 A7 7856 A7,157,Control,Control,Control,699
699 A7 6768 A7 1868 A7 7856 A7,158,Control,Control,Control,699
699 A7 6768 A7 1868 A7 7856 A7,159,Control,Control,Control,699
699 A7 6768 A7 1868 A7 7856 A7,160,Control,Control,Control,699
699 A7 6768 A7 1868 A7 7856 A7,161,Control,Control,Control,699
699 A7 6768 A7 1868 A7 7856 A7,162,Control,Control,Control,699
699 A7 6768 A7 1868 A7 7856 A7,163,Control,Control,Control,699
699 A7 6768 A7 1868 A7 7856 A7,164,Control,Control,Control,699
699 A7 6768 A7 1868 A7 7856 A7,165,Control,Control,Control,699
699 A7 6768 A7 1868 A7 7856 A7,166,Control,Control,Control,699
699 A7 6768 A7 1868 A7 7856 A7,167,Control,Control,Control,699
699 A7 6768 A7 1868 A7 7856 A7,168,Control,Control,Control,699
699 A7 6768 A7 1868 A7 7856 A7,169,Control,Control,Control,699
699 A7 6768 A7 1868 A7 7856 A7,170,Control,Control,Control,699
699 A7 6768 A7 1868 A7 7856 A7,171,Control,Control,Control,699
699 A7 6768 A7 1868 A7 7856 A7,172,Control,Control,Control,699
699 A7 6768 A7 1868 A7 7856 A7,173,Control,Control,Control,699
699 A7 6768 A7 1868 A7 7856 A7,174,Control,Control,Control,699
699 A7 6768 A7 1868 A7 7856 A7,175,Control,Control,Control,699
7999 A7 6751 A6 6791 A7 6981 A7,1,AD+LATE,AD+LATE,AD+LATE,6981
7999 A7 6751 A6 6791 A7 6981 A7,2,AD+LATE,AD+LATE,AD+LATE,6981
7999 A7 6751 A6 6791 A7 6981 A7,3,AD+LATE,AD+LATE,AD+LATE,6981
7999 A7 6751 A6 6791 A7 6981 A7,4,AD+LATE,AD+LATE,AD+LATE,6981
7999 A7 6751 A6 6791 A7 6981 A7,5,AD+LATE,AD+LATE,AD+LATE,6981
7999 A7 6751 A6 6791 A7 6981 A7,6,AD+LATE,AD+LATE,AD+LATE,6981
7999 A7 6751 A6 6791 A7 6981 A7,7,AD+LATE,AD+LATE,AD+LATE,6981
7999 A7 6751 A6 6791 A7 6981 A7,8,AD+LATE,AD+LATE,AD+LATE,6981
7999 A7 6751 A6 6791 A7 6981 A7,9,AD+LATE,AD+LATE,AD+LATE,6981
7999 A7 6751 A6 6791 A7 6981 A7,10,AD+LATE,AD+LATE,AD+LATE,6981
7999 A7 6751 A6 6791 A7 6981 A7,11,AD+LATE,AD+LATE,AD+LATE,6981
7999 A7 6751 A6 6791 A7 6981 A7,12,AD+LATE,AD+LATE,AD+LATE,6981
7999 A7 6751 A6 6791 A7 6981 A7,13,AD+LATE,AD+LATE,AD+LATE,6981
7999 A7 6751 A6 6791 A7 6981 A7,14,AD+LATE,AD+LATE,AD+LATE,6981
7999 A7 6751 A6 6791 A7 6981 A7,15,AD+LATE,AD+LATE,AD+LATE,6981
7999 A7 6751 A6 6791 A7 6981 A7,16,AD+LATE,AD+LATE,AD+LATE,6981
7999 A7 6751 A6 6791 A7 6981 A7,17,AD+LATE,AD+LATE,AD+LATE,6981
7999 A7 6751 A6 6791 A7 6981 A7,18,AD+LATE,AD+LATE,AD+LATE,6981
7999 A7 6751 A6 6791 A7 6981 A7,19,AD+LATE,AD+LATE,AD+LATE,6981
7999 A7 6751 A6 6791 A7 6981 A7,20,AD+LATE,AD+LATE,AD+LATE,6981
7999 A7 6751 A6 6791 A7 6981 A7,21,AD+LATE,AD+LATE,AD+LATE,6981
7999 A7 6751 A6 6791 A7 6981 A7,22,AD+LATE,AD+LATE,AD+LATE,6981
7999 A7 6751 A6 6791 A7 6981 A7,23,AD+LATE,AD+LATE,AD+LATE,6981
7999 A7 6751 A6 6791 A7 6981 A7,24,AD+LATE,AD+LATE,AD+LATE,6981
7999 A7 6751 A6 6791 A7 6981 A7,25,AD Pure,AD Pure,AD Pure,6791
7999 A7 6751 A6 6791 A7 6981 A7,26,AD Pure,AD Pure,AD Pure,6791
7999 A7 6751 A6 6791 A7 6981 A7,27,AD Pure,AD Pure,AD Pure,6791
7999 A7 6751 A6 6791 A7 6981 A7,28,AD Pure,AD Pure,AD Pure,6791
7999 A7 6751 A6 6791 A7 6981 A7,29,AD Pure,AD Pure,AD Pure,6791
7999 A7 6751 A6 6791 A7 6981 A7,30,AD Pure,AD Pure,AD Pure,6791
7999 A7 6751 A6 6791 A7 6981 A7,31,AD Pure,AD Pure,AD Pure,6791
7999 A7 6751 A6 6791 A7 6981 A7,32,AD Pure,AD Pure,AD Pure,6791
7999 A7 6751 A6 6791 A7 6981 A7,33,AD Pure,AD Pure,AD Pure,6791
7999 A7 6751 A6 6791 A7 6981 A7,34,AD Pure,AD Pure,AD Pure,6791
7999 A7 6751 A6 6791 A7 6981 A7,35,AD Pure,AD Pure,AD Pure,6791
7999 A7 6751 A6 6791 A7 6981 A7,36,AD Pure,AD Pure,AD Pure,6791
7999 A7 6751 A6 6791 A7 6981 A7,37,AD Pure,AD Pure,AD Pure,6791
7999 A7 6751 A6 6791 A7 6981 A7,38,AD Pure,AD Pure,AD Pure,6791
7999 A7 6751 A6 6791 A7 6981 A7,39,AD Pure,AD Pure,AD Pure,6791
7999 A7 6751 A6 6791 A7 6981 A7,40,AD Pure,AD Pure,AD Pure,6791
7999 A7 6751 A6 6791 A7 6981 A7,41,AD Pure,AD Pure,AD Pure,6791
7999 A7 6751 A6 6791 A7 6981 A7,42,AD Pure,AD Pure,AD Pure,6791
7999 A7 6751 A6 6791 A7 6981 A7,43,AD Pure,AD Pure,AD Pure,6791
7999 A7 6751 A6 6791 A7 6981 A7,44,AD Pure,AD Pure,AD Pure,6791
7999 A7 6751 A6 6791 A7 6981 A7,45,AD Pure,AD Pure,AD Pure,6791
7999 A7 6751 A6 6791 A7 6981 A7,46,AD Pure,AD Pure,AD Pure,6791
7999 A7 6751 A6 6791 A7 6981 A7,47,AD Pure,AD Pure,AD Pure,6791
7999 A7 6751 A6 6791 A7 6981 A7,48,AD Pure,AD Pure,AD Pure,6791
7999 A7 6751 A6 6791 A7 6981 A7,49,AD Pure,AD Pure,AD Pure,6791
7999 A7 6751 A6 6791 A7 6981 A7,50,AD Pure,AD Pure,AD Pure,6791
7999 A7 6751 A6 6791 A7 6981 A7,51,AD Pure,AD Pure,AD Pure,6791
7999 A7 6751 A6 6791 A7 6981 A7,52,AD Pure,AD Pure,AD Pure,6791
7999 A7 6751 A6 6791 A7 6981 A7,53,AD Pure,AD Pure,AD Pure,6791
7999 A7 6751 A6 6791 A7 6981 A7,54,AD Pure,AD Pure,AD Pure,6791
7999 A7 6751 A6 6791 A7 6981 A7,55,AD Pure,AD Pure,AD Pure,6791
7999 A7 6751 A6 6791 A7 6981 A7,56,AD Pure,AD Pure,AD Pure,6791
7999 A7 6751 A6 6791 A7 6981 A7,57,AD Pure,AD Pure,AD Pure,6791
7999 A7 6751 A6 6791 A7 6981 A7,58,AD+LATE,AD+LATE,AD+LATE,6751
7999 A7 6751 A6 6791 A7 6981 A7,59,AD+LATE,AD+LATE,AD+LATE,6751
7999 A7 6751 A6 6791 A7 6981 A7,60,AD+LATE,AD+LATE,AD+LATE,6751
7999 A7 6751 A6 6791 A7 6981 A7,61,AD+LATE,AD+LATE,AD+LATE,6751
7999 A7 6751 A6 6791 A7 6981 A7,62,AD+LATE,AD+LATE,AD+LATE,6751
7999 A7 6751 A6 6791 A7 6981 A7,63,AD+LATE,AD+LATE,AD+LATE,6751
7999 A7 6751 A6 6791 A7 6981 A7,64,AD+LATE,AD+LATE,AD+LATE,6751
7999 A7 6751 A6 6791 A7 6981 A7,65,AD+LATE,AD+LATE,AD+LATE,6751
7999 A7 6751 A6 6791 A7 6981 A7,66,AD+LATE,AD+LATE,AD+LATE,6751
7999 A7 6751 A6 6791 A7 6981 A7,67,AD+LATE,AD+LATE,AD+LATE,6751
7999 A7 6751 A6 6791 A7 6981 A7,68,AD+LATE,AD+LATE,AD+LATE,6751
7999 A7 6751 A6 6791 A7 6981 A7,69,AD+LATE,AD+LATE,AD+LATE,6751
7999 A7 6751 A6 6791 A7 6981 A7,70,AD+LATE,AD+LATE,AD+LATE,6751
7999 A7 6751 A6 6791 A7 6981 A7,71,AD+LATE,AD+LATE,AD+LATE,6751
7999 A7 6751 A6 6791 A7 6981 A7,72,AD+LATE,AD+LATE,AD+LATE,6751
7999 A7 6751 A6 6791 A7 6981 A7,73,AD+LATE,AD+LATE,AD+LATE,6751
7999 A7 6751 A6 6791 A7 6981 A7,74,AD+LATE,AD+LATE,AD+LATE,6751
7999 A7 6751 A6 6791 A7 6981 A7,75,AD+LATE,AD+LATE,AD+LATE,6751
7999 A7 6751 A6 6791 A7 6981 A7,76,AD+LATE,AD+LATE,AD+LATE,6751
7999 A7 6751 A6 6791 A7 6981 A7,77,AD+LATE,AD+LATE,AD+LATE,6751
7999 A7 6751 A6 6791 A7 6981 A7,78,AD+LATE,AD+LATE,AD+LATE,6751
7999 A7 6751 A6 6791 A7 6981 A7,79,AD+LATE,AD+LATE,AD+LATE,6751
7999 A7 6751 A6 6791 A7 6981 A7,80,AD+LATE,AD+LATE,AD+LATE,6751
7999 A7 6751 A6 6791 A7 6981 A7,81,AD+LATE,AD+LATE,AD+LATE,6751
7999 A7 6751 A6 6791 A7 6981 A7,82,AD+LATE,AD+LATE,AD+LATE,6751
7999 A7 6751 A6 6791 A7 6981 A7,83,AD+LATE,AD+LATE,AD+LATE,6751
7999 A7 6751 A6 6791 A7 6981 A7,84,AD+LATE,AD+LATE,AD+LATE,6751
7999 A7 6751 A6 6791 A7 6981 A7,85,AD+LATE,AD+LATE,AD+LATE,6751
7999 A7 6751 A6 6791 A7 6981 A7,86,AD+LATE,AD+LATE,AD+LATE,6751
7999 A7 6751 A6 6791 A7 6981 A7,87,AD+LATE,AD+LATE,AD+LATE,6751
7999 A7 6751 A6 6791 A7 6981 A7,88,AD+LATE,AD+LATE,AD+LATE,6751
7999 A7 6751 A6 6791 A7 6981 A7,89,AD+LATE,AD+LATE,AD+LATE,6751
7999 A7 6751 A6 6791 A7 6981 A7,90,AD+LATE,AD+LATE,AD+LATE,6751
7999 A7 6751 A6 6791 A7 6981 A7,91,AD+LATE,AD+LATE,AD+LATE,6751
7999 A7 6751 A6 6791 A7 6981 A7,92,AD+LATE,AD+LATE,AD+LATE,6751
7999 A7 6751 A6 6791 A7 6981 A7,93,AD+LATE,AD+LATE,AD+LATE,6751
7999 A7 6751 A6 6791 A7 6981 A7,94,AD+LATE,AD+LATE,AD+LATE,6751
7999 A7 6751 A6 6791 A7 6981 A7,95,AD+LATE,AD+LATE,AD+LATE,6751
7999 A7 6751 A6 6791 A7 6981 A7,96,AD+LATE,AD+LATE,AD+LATE,6751
7999 A7 6751 A6 6791 A7 6981 A7,97,AD+LATE,AD+LATE,AD+LATE,6751
7999 A7 6751 A6 6791 A7 6981 A7,98,AD+LATE,AD+LATE,AD+LATE,6751
7999 A7 6751 A6 6791 A7 6981 A7,99,AD+LATE,AD+LATE,AD+LATE,6751
7999 A7 6751 A6 6791 A7 6981 A7,100,AD+LATE,AD+LATE,AD+LATE,6751
7999 A7 6751 A6 6791 A7 6981 A7,101,AD+LATE,AD+LATE,AD+LATE,6751
7999 A7 6751 A6 6791 A7 6981 A7,102,AD+LATE,AD+LATE,AD+LATE,6751
7999 A7 6751 A6 6791 A7 6981 A7,103,AD Pure,AD Pure,AD Pure,7999
7999 A7 6751 A6 6791 A7 6981 A7,104,AD Pure,AD Pure,AD Pure,7999
7999 A7 6751 A6 6791 A7 6981 A7,105,AD Pure,AD Pure,AD Pure,7999
7999 A7 6751 A6 6791 A7 6981 A7,106,AD Pure,AD Pure,AD Pure,7999
7999 A7 6751 A6 6791 A7 6981 A7,107,AD Pure,AD Pure,AD Pure,7999
7999 A7 6751 A6 6791 A7 6981 A7,108,AD Pure,AD Pure,AD Pure,7999
7999 A7 6751 A6 6791 A7 6981 A7,109,AD Pure,AD Pure,AD Pure,7999
7999 A7 6751 A6 6791 A7 6981 A7,110,AD Pure,AD Pure,AD Pure,7999
7999 A7 6751 A6 6791 A7 6981 A7,111,AD Pure,AD Pure,AD Pure,7999
7999 A7 6751 A6 6791 A7 6981 A7,112,AD Pure,AD Pure,AD Pure,7999
7999 A7 6751 A6 6791 A7 6981 A7,113,AD Pure,AD Pure,AD Pure,7999
7999 A7 6751 A6 6791 A7 6981 A7,114,AD Pure,AD Pure,AD Pure,7999
7999 A7 6751 A6 6791 A7 6981 A7,115,AD Pure,AD Pure,AD Pure,7999
7999 A7 6751 A6 6791 A7 6981 A7,116,AD Pure,AD Pure,AD Pure,7999
7999 A7 6751 A6 6791 A7 6981 A7,117,AD Pure,AD Pure,AD Pure,7999
7999 A7 6751 A6 6791 A7 6981 A7,118,AD Pure,AD Pure,AD Pure,7999
7999 A7 6751 A6 6791 A7 6981 A7,119,AD Pure,AD Pure,AD Pure,7999
7999 A7 6751 A6 6791 A7 6981 A7,120,AD Pure,AD Pure,AD Pure,7999
7999 A7 6751 A6 6791 A7 6981 A7,121,AD Pure,AD Pure,AD Pure,7999
7999 A7 6751 A6 6791 A7 6981 A7,122,AD Pure,AD Pure,AD Pure,7999
7999 A7 6751 A6 6791 A7 6981 A7,123,AD Pure,AD Pure,AD Pure,7999
7999 A7 6751 A6 6791 A7 6981 A7,124,AD Pure,AD Pure,AD Pure,7999
7999 A7 6751 A6 6791 A7 6981 A7,125,AD Pure,AD Pure,AD Pure,7999
7999 A7 6751 A6 6791 A7 6981 A7,126,AD Pure,AD Pure,AD Pure,7999
7999 A7 6751 A6 6791 A7 6981 A7,127,AD Pure,AD Pure,AD Pure,7999
7999 A7 6751 A6 6791 A7 6981 A7,128,AD Pure,AD Pure,AD Pure,7999
7999 A7 6751 A6 6791 A7 6981 A7,129,AD Pure,AD Pure,AD Pure,7999
7999 A7 6751 A6 6791 A7 6981 A7,130,AD Pure,AD Pure,AD Pure,7999
7999 A7 6751 A6 6791 A7 6981 A7,131,AD Pure,AD Pure,AD Pure,7999
7999 A7 6751 A6 6791 A7 6981 A7,132,AD Pure,AD Pure,AD Pure,7999
7999 A7 6751 A6 6791 A7 6981 A7,133,AD Pure,AD Pure,AD Pure,7999
7999 A7 6751 A6 6791 A7 6981 A7,134,AD Pure,AD Pure,AD Pure,7999
7999 A7 6751 A6 6791 A7 6981 A7,135,AD Pure,AD Pure,AD Pure,7999
7999 A7 6751 A6 6791 A7 6981 A7,136,AD Pure,AD Pure,AD Pure,7999
7999 A7 6751 A6 6791 A7 6981 A7,137,AD Pure,AD Pure,AD Pure,7999
7999 A7 6751 A6 6791 A7 6981 A7,138,AD Pure,AD Pure,AD Pure,7999
7999 A7 6751 A6 6791 A7 6981 A7,139,AD Pure,AD Pure,AD Pure,7999
7999 A7 6751 A6 6791 A7 6981 A7,140,AD Pure,AD Pure,AD Pure,7999
7999 A7 6751 A6 6791 A7 6981 A7,141,AD Pure,AD Pure,AD Pure,7999
7999 A7 6751 A6 6791 A7 6981 A7,142,AD Pure,AD Pure,AD Pure,7999
7999 A7 6751 A6 6791 A7 6981 A7,143,AD Pure,AD Pure,AD Pure,7999
7999 A7 6751 A6 6791 A7 6981 A7,144,AD Pure,AD Pure,AD Pure,7999
7999 A7 6751 A6 6791 A7 6981 A7,145,AD Pure,AD Pure,AD Pure,7999
7999 A7 6751 A6 6791 A7 6981 A7,146,AD Pure,AD Pure,AD Pure,7999
7999 A7 6751 A6 6791 A7 6981 A7,147,AD Pure,AD Pure,AD Pure,7999
7999 A7 6751 A6 6791 A7 6981 A7,148,AD Pure,AD Pure,AD Pure,7999
7999 A7 6751 A6 6791 A7 6981 A7,149,AD Pure,AD Pure,AD Pure,7999
7999 A7 6751 A6 6791 A7 6981 A7,150,AD Pure,AD Pure,AD Pure,7999
7999 A7 6751 A6 6791 A7 6981 A7,151,AD Pure,AD Pure,AD Pure,7999
7999 A7 6751 A6 6791 A7 6981 A7,152,AD Pure,AD Pure,AD Pure,7999
7999 A7 6751 A6 6791 A7 6981 A7,153,AD Pure,AD Pure,AD Pure,7999
7999 A7 6751 A6 6791 A7 6981 A7,154,AD Pure,AD Pure,AD Pure,7999
7999 A7 6751 A6 6791 A7 6981 A7,155,AD Pure,AD Pure,AD Pure,7999
728 A7 735 A7 548 A7 511 A7,1,Control,Control,Control,511
728 A7 735 A7 548 A7 511 A7,2,Control,Control,Control,511
728 A7 735 A7 548 A7 511 A7,3,Control,Control,Control,511
728 A7 735 A7 548 A7 511 A7,4,Control,Control,Control,511
728 A7 735 A7 548 A7 511 A7,5,Control,Control,Control,511
728 A7 735 A7 548 A7 511 A7,6,Control,Control,Control,511
728 A7 735 A7 548 A7 511 A7,7,Control,Control,Control,511
728 A7 735 A7 548 A7 511 A7,8,Control,Control,Control,511
728 A7 735 A7 548 A7 511 A7,9,Control,Control,Control,511
728 A7 735 A7 548 A7 511 A7,10,Control,Control,Control,511
728 A7 735 A7 548 A7 511 A7,11,Control,Control,Control,511
728 A7 735 A7 548 A7 511 A7,12,Control,Control,Control,511
728 A7 735 A7 548 A7 511 A7,13,Control,Control,Control,511
728 A7 735 A7 548 A7 511 A7,14,Control,Control,Control,511
728 A7 735 A7 548 A7 511 A7,15,Control,Control,Control,511
728 A7 735 A7 548 A7 511 A7,16,Control,Control,Control,511
728 A7 735 A7 548 A7 511 A7,17,Control,Control,Control,511
728 A7 735 A7 548 A7 511 A7,18,Control,Control,Control,511
728 A7 735 A7 548 A7 511 A7,19,Control,Control,Control,511
728 A7 735 A7 548 A7 511 A7,20,Control,Control,Control,511
728 A7 735 A7 548 A7 511 A7,21,Control,Control,Control,511
728 A7 735 A7 548 A7 511 A7,22,Control,Control,Control,511
728 A7 735 A7 548 A7 511 A7,23,Control,Control,Control,511
728 A7 735 A7 548 A7 511 A7,24,Control,Control,Control,511
728 A7 735 A7 548 A7 511 A7,25,Control,Control,Control,511
728 A7 735 A7 548 A7 511 A7,26,Control,Control,Control,511
728 A7 735 A7 548 A7 511 A7,27,Control,Control,Control,511
728 A7 735 A7 548 A7 511 A7,28,Control,Control,Control,511
728 A7 735 A7 548 A7 511 A7,29,Control,Control,Control,511
728 A7 735 A7 548 A7 511 A7,30,Control,Control,Control,511
728 A7 735 A7 548 A7 511 A7,31,Control,Control,Control,511
728 A7 735 A7 548 A7 511 A7,32,Control,Control,Control,511
728 A7 735 A7 548 A7 511 A7,33,Control,Control,Control,511
728 A7 735 A7 548 A7 511 A7,34,Control,Control,Control,511
728 A7 735 A7 548 A7 511 A7,35,Control,Control,Control,511
728 A7 735 A7 548 A7 511 A7,36,Control,Control,Control,511
728 A7 735 A7 548 A7 511 A7,37,Control,Control,Control,511
728 A7 735 A7 548 A7 511 A7,38,Control,Control,Control,511
728 A7 735 A7 548 A7 511 A7,39,Control,Control,Control,511
728 A7 735 A7 548 A7 511 A7,40,Control,Control,Control,511
728 A7 735 A7 548 A7 511 A7,41,Control,Control,Control,511
728 A7 735 A7 548 A7 511 A7,42,Control,Control,Control,511
728 A7 735 A7 548 A7 511 A7,43,Control,Control,Control,511
728 A7 735 A7 548 A7 511 A7,44,Control,Control,Control,511
728 A7 735 A7 548 A7 511 A7,45,Control,Control,Control,511
728 A7 735 A7 548 A7 511 A7,46,Control,Control,Control,511
728 A7 735 A7 548 A7 511 A7,47,AD Pure,AD Pure,AD Pure,548
728 A7 735 A7 548 A7 511 A7,48,AD Pure,AD Pure,AD Pure,548
728 A7 735 A7 548 A7 511 A7,49,AD Pure,AD Pure,AD Pure,548
728 A7 735 A7 548 A7 511 A7,50,AD Pure,AD Pure,AD Pure,548
728 A7 735 A7 548 A7 511 A7,51,AD Pure,AD Pure,AD Pure,548
728 A7 735 A7 548 A7 511 A7,52,AD Pure,AD Pure,AD Pure,548
728 A7 735 A7 548 A7 511 A7,53,AD Pure,AD Pure,AD Pure,548
728 A7 735 A7 548 A7 511 A7,54,AD Pure,AD Pure,AD Pure,548
728 A7 735 A7 548 A7 511 A7,55,AD Pure,AD Pure,AD Pure,548
728 A7 735 A7 548 A7 511 A7,56,AD Pure,AD Pure,AD Pure,548
728 A7 735 A7 548 A7 511 A7,57,AD Pure,AD Pure,AD Pure,548
728 A7 735 A7 548 A7 511 A7,58,AD Pure,AD Pure,AD Pure,548
728 A7 735 A7 548 A7 511 A7,59,AD Pure,AD Pure,AD Pure,548
728 A7 735 A7 548 A7 511 A7,60,AD Pure,AD Pure,AD Pure,548
728 A7 735 A7 548 A7 511 A7,61,AD Pure,AD Pure,AD Pure,548
728 A7 735 A7 548 A7 511 A7,62,AD Pure,AD Pure,AD Pure,548
728 A7 735 A7 548 A7 511 A7,63,AD Pure,AD Pure,AD Pure,548
728 A7 735 A7 548 A7 511 A7,64,AD Pure,AD Pure,AD Pure,548
728 A7 735 A7 548 A7 511 A7,65,AD Pure,AD Pure,AD Pure,548
728 A7 735 A7 548 A7 511 A7,66,AD Pure,AD Pure,AD Pure,548
728 A7 735 A7 548 A7 511 A7,67,AD Pure,AD Pure,AD Pure,548
728 A7 735 A7 548 A7 511 A7,68,AD Pure,AD Pure,AD Pure,548
728 A7 735 A7 548 A7 511 A7,69,AD Pure,AD Pure,AD Pure,548
728 A7 735 A7 548 A7 511 A7,70,AD Pure,AD Pure,AD Pure,548
728 A7 735 A7 548 A7 511 A7,71,AD Pure,AD Pure,AD Pure,548
728 A7 735 A7 548 A7 511 A7,72,AD Pure,AD Pure,AD Pure,548
728 A7 735 A7 548 A7 511 A7,73,AD Pure,AD Pure,AD Pure,548
728 A7 735 A7 548 A7 511 A7,74,AD Pure,AD Pure,AD Pure,548
728 A7 735 A7 548 A7 511 A7,75,AD Pure,AD Pure,AD Pure,548
728 A7 735 A7 548 A7 511 A7,76,AD Pure,AD Pure,AD Pure,548
728 A7 735 A7 548 A7 511 A7,77,AD Pure,AD Pure,AD Pure,548
728 A7 735 A7 548 A7 511 A7,78,AD Pure,AD Pure,AD Pure,548
728 A7 735 A7 548 A7 511 A7,79,AD Pure,AD Pure,AD Pure,548
728 A7 735 A7 548 A7 511 A7,80,AD Pure,AD Pure,AD Pure,548
728 A7 735 A7 548 A7 511 A7,81,AD Pure,AD Pure,AD Pure,548
728 A7 735 A7 548 A7 511 A7,82,AD Pure,AD Pure,AD Pure,548
728 A7 735 A7 548 A7 511 A7,83,AD Pure,AD Pure,AD Pure,548
728 A7 735 A7 548 A7 511 A7,84,AD Pure,AD Pure,AD Pure,548
728 A7 735 A7 548 A7 511 A7,85,AD Pure,AD Pure,AD Pure,548
728 A7 735 A7 548 A7 511 A7,86,AD Pure,AD Pure,AD Pure,548
728 A7 735 A7 548 A7 511 A7,87,Control,Control,Control,735
728 A7 735 A7 548 A7 511 A7,88,Control,Control,Control,735
728 A7 735 A7 548 A7 511 A7,89,Control,Control,Control,735
728 A7 735 A7 548 A7 511 A7,90,Control,Control,Control,735
728 A7 735 A7 548 A7 511 A7,91,Control,Control,Control,735
728 A7 735 A7 548 A7 511 A7,92,Control,Control,Control,735
728 A7 735 A7 548 A7 511 A7,93,Control,Control,Control,735
728 A7 735 A7 548 A7 511 A7,94,Control,Control,Control,735
728 A7 735 A7 548 A7 511 A7,95,Control,Control,Control,735
728 A7 735 A7 548 A7 511 A7,96,Control,Control,Control,735
728 A7 735 A7 548 A7 511 A7,97,Control,Control,Control,735
728 A7 735 A7 548 A7 511 A7,98,Control,Control,Control,735
728 A7 735 A7 548 A7 511 A7,99,Control,Control,Control,735
728 A7 735 A7 548 A7 511 A7,100,Control,Control,Control,735
728 A7 735 A7 548 A7 511 A7,101,Control,Control,Control,735
728 A7 735 A7 548 A7 511 A7,102,Control,Control,Control,735
728 A7 735 A7 548 A7 511 A7,103,Control,Control,Control,735
728 A7 735 A7 548 A7 511 A7,104,Control,Control,Control,735
728 A7 735 A7 548 A7 511 A7,105,Control,Control,Control,735
728 A7 735 A7 548 A7 511 A7,106,Control,Control,Control,735
728 A7 735 A7 548 A7 511 A7,107,Control,Control,Control,735
728 A7 735 A7 548 A7 511 A7,108,Control,Control,Control,735
728 A7 735 A7 548 A7 511 A7,109,Control,Control,Control,735
728 A7 735 A7 548 A7 511 A7,110,Control,Control,Control,735
728 A7 735 A7 548 A7 511 A7,111,Control,Control,Control,735
728 A7 735 A7 548 A7 511 A7,112,Control,Control,Control,735
728 A7 735 A7 548 A7 511 A7,113,Control,Control,Control,735
728 A7 735 A7 548 A7 511 A7,114,Control,Control,Control,735
728 A7 735 A7 548 A7 511 A7,115,Control,Control,Control,735
728 A7 735 A7 548 A7 511 A7,116,Control,Control,Control,735
728 A7 735 A7 548 A7 511 A7,117,Control,Control,Control,735
728 A7 735 A7 548 A7 511 A7,118,Control,Control,Control,735
728 A7 735 A7 548 A7 511 A7,119,Control,Control,Control,735
728 A7 735 A7 548 A7 511 A7,120,Control,Control,Control,735
728 A7 735 A7 548 A7 511 A7,121,Control,Control,Control,735
728 A7 735 A7 548 A7 511 A7,122,Control,Control,Control,735
728 A7 735 A7 548 A7 511 A7,123,Control,Control,Control,735
728 A7 735 A7 548 A7 511 A7,124,Control,Control,Control,735
728 A7 735 A7 548 A7 511 A7,125,Control,Control,Control,735
728 A7 735 A7 548 A7 511 A7,126,Control,Control,Control,735
728 A7 735 A7 548 A7 511 A7,127,Control,Control,Control,735
728 A7 735 A7 548 A7 511 A7,128,Control,Control,Control,735
728 A7 735 A7 548 A7 511 A7,129,Control,Control,Control,735
728 A7 735 A7 548 A7 511 A7,130,Control,Control,Control,735
728 A7 735 A7 548 A7 511 A7,131,Control,Control,Control,735
728 A7 735 A7 548 A7 511 A7,132,Control,Control,Control,735
728 A7 735 A7 548 A7 511 A7,133,Control,Control,Control,728
728 A7 735 A7 548 A7 511 A7,134,Control,Control,Control,728
728 A7 735 A7 548 A7 511 A7,135,Control,Control,Control,728
728 A7 735 A7 548 A7 511 A7,136,Control,Control,Control,728
728 A7 735 A7 548 A7 511 A7,137,Control,Control,Control,728
728 A7 735 A7 548 A7 511 A7,138,Control,Control,Control,728
728 A7 735 A7 548 A7 511 A7,139,Control,Control,Control,728
728 A7 735 A7 548 A7 511 A7,140,Control,Control,Control,728
728 A7 735 A7 548 A7 511 A7,141,Control,Control,Control,728
728 A7 735 A7 548 A7 511 A7,142,Control,Control,Control,728
728 A7 735 A7 548 A7 511 A7,143,Control,Control,Control,728
728 A7 735 A7 548 A7 511 A7,144,Control,Control,Control,728
728 A7 735 A7 548 A7 511 A7,145,Control,Control,Control,728
728 A7 735 A7 548 A7 511 A7,146,Control,Control,Control,728
728 A7 735 A7 548 A7 511 A7,147,Control,Control,Control,728
728 A7 735 A7 548 A7 511 A7,148,Control,Control,Control,728
728 A7 735 A7 548 A7 511 A7,149,Control,Control,Control,728
728 A7 735 A7 548 A7 511 A7,150,Control,Control,Control,728
728 A7 735 A7 548 A7 511 A7,151,Control,Control,Control,728
728 A7 735 A7 548 A7 511 A7,152,Control,Control,Control,728
728 A7 735 A7 548 A7 511 A7,153,Control,Control,Control,728
728 A7 735 A7 548 A7 511 A7,154,Control,Control,Control,728
728 A7 735 A7 548 A7 511 A7,155,Control,Control,Control,728
728 A7 735 A7 548 A7 511 A7,156,Control,Control,Control,728
728 A7 735 A7 548 A7 511 A7,157,Control,Control,Control,728
728 A7 735 A7 548 A7 511 A7,158,Control,Control,Control,728
728 A7 735 A7 548 A7 511 A7,159,Control,Control,Control,728
728 A7 735 A7 548 A7 511 A7,160,Control,Control,Control,728
728 A7 735 A7 548 A7 511 A7,161,Control,Control,Control,728
728 A7 735 A7 548 A7 511 A7,162,Control,Control,Control,728
728 A7 735 A7 548 A7 511 A7,163,Control,Control,Control,728
728 A7 735 A7 548 A7 511 A7,164,Control,Control,Control,728
728 A7 735 A7 548 A7 511 A7,165,Control,Control,Control,728
728 A7 735 A7 548 A7 511 A7,166,Control,Control,Control,728
728 A7 735 A7 548 A7 511 A7,167,Control,Control,Control,728
728 A7 735 A7 548 A7 511 A7,168,Control,Control,Control,728
728 A7 735 A7 548 A7 511 A7,169,Control,Control,Control,728
728 A7 735 A7 548 A7 511 A7,170,Control,Control,Control,728
728 A7 735 A7 548 A7 511 A7,171,Control,Control,Control,728
728 A7 735 A7 548 A7 511 A7,172,Control,Control,Control,728
728 A7 735 A7 548 A7 511 A7,173,Control,Control,Control,728
728 A7 735 A7 548 A7 511 A7,174,Control,Control,Control,728
728 A7 735 A7 548 A7 511 A7,175,Control,Control,Control,728
728 A7 735 A7 548 A7 511 A7,176,Control,Control,Control,728
6562 A7 576 A6 733 A7 747 A7,1,Control,Control,Control,747
6562 A7 576 A6 733 A7 747 A7,2,Control,Control,Control,747
6562 A7 576 A6 733 A7 747 A7,3,Control,Control,Control,747
6562 A7 576 A6 733 A7 747 A7,4,Control,Control,Control,747
6562 A7 576 A6 733 A7 747 A7,5,Control,Control,Control,747
6562 A7 576 A6 733 A7 747 A7,6,Control,Control,Control,747
6562 A7 576 A6 733 A7 747 A7,7,Control,Control,Control,747
6562 A7 576 A6 733 A7 747 A7,8,Control,Control,Control,747
6562 A7 576 A6 733 A7 747 A7,9,Control,Control,Control,747
6562 A7 576 A6 733 A7 747 A7,10,Control,Control,Control,747
6562 A7 576 A6 733 A7 747 A7,11,Control,Control,Control,747
6562 A7 576 A6 733 A7 747 A7,12,Control,Control,Control,747
6562 A7 576 A6 733 A7 747 A7,13,Control,Control,Control,747
6562 A7 576 A6 733 A7 747 A7,14,Control,Control,Control,747
6562 A7 576 A6 733 A7 747 A7,15,Control,Control,Control,747
6562 A7 576 A6 733 A7 747 A7,16,Control,Control,Control,747
6562 A7 576 A6 733 A7 747 A7,17,Control,Control,Control,747
6562 A7 576 A6 733 A7 747 A7,18,Control,Control,Control,747
6562 A7 576 A6 733 A7 747 A7,19,Control,Control,Control,747
6562 A7 576 A6 733 A7 747 A7,20,Control,Control,Control,747
6562 A7 576 A6 733 A7 747 A7,21,Control,Control,Control,747
6562 A7 576 A6 733 A7 747 A7,22,Control,Control,Control,747
6562 A7 576 A6 733 A7 747 A7,23,Control,Control,Control,747
6562 A7 576 A6 733 A7 747 A7,24,Control,Control,Control,747
6562 A7 576 A6 733 A7 747 A7,25,Control,Control,Control,747
6562 A7 576 A6 733 A7 747 A7,26,Control,Control,Control,747
6562 A7 576 A6 733 A7 747 A7,27,Control,Control,Control,747
6562 A7 576 A6 733 A7 747 A7,28,Control,Control,Control,747
6562 A7 576 A6 733 A7 747 A7,29,Control,Control,Control,747
6562 A7 576 A6 733 A7 747 A7,30,Control,Control,Control,747
6562 A7 576 A6 733 A7 747 A7,31,Control,Control,Control,747
6562 A7 576 A6 733 A7 747 A7,32,Control,Control,Control,747
6562 A7 576 A6 733 A7 747 A7,33,Control,Control,Control,747
6562 A7 576 A6 733 A7 747 A7,34,Control,Control,Control,747
6562 A7 576 A6 733 A7 747 A7,35,Control,Control,Control,747
6562 A7 576 A6 733 A7 747 A7,36,Control,Control,Control,747
6562 A7 576 A6 733 A7 747 A7,37,Control,Control,Control,747
6562 A7 576 A6 733 A7 747 A7,38,Control,Control,Control,747
6562 A7 576 A6 733 A7 747 A7,39,Control,Control,Control,747
6562 A7 576 A6 733 A7 747 A7,40,Control,Control,Control,747
6562 A7 576 A6 733 A7 747 A7,41,Control,Control,Control,747
6562 A7 576 A6 733 A7 747 A7,42,Control,Control,Control,747
6562 A7 576 A6 733 A7 747 A7,43,Control,Control,Control,747
6562 A7 576 A6 733 A7 747 A7,44,Control,Control,Control,747
6562 A7 576 A6 733 A7 747 A7,45,Control,Control,Control,747
6562 A7 576 A6 733 A7 747 A7,46,Control,Control,Control,747
6562 A7 576 A6 733 A7 747 A7,47,Control,Control,Control,747
6562 A7 576 A6 733 A7 747 A7,48,Control,Control,Control,747
6562 A7 576 A6 733 A7 747 A7,49,Control,Control,Control,733
6562 A7 576 A6 733 A7 747 A7,50,Control,Control,Control,733
6562 A7 576 A6 733 A7 747 A7,51,Control,Control,Control,733
6562 A7 576 A6 733 A7 747 A7,52,Control,Control,Control,733
6562 A7 576 A6 733 A7 747 A7,53,Control,Control,Control,733
6562 A7 576 A6 733 A7 747 A7,54,Control,Control,Control,733
6562 A7 576 A6 733 A7 747 A7,55,Control,Control,Control,733
6562 A7 576 A6 733 A7 747 A7,56,Control,Control,Control,733
6562 A7 576 A6 733 A7 747 A7,57,Control,Control,Control,733
6562 A7 576 A6 733 A7 747 A7,58,Control,Control,Control,733
6562 A7 576 A6 733 A7 747 A7,59,Control,Control,Control,733
6562 A7 576 A6 733 A7 747 A7,60,Control,Control,Control,733
6562 A7 576 A6 733 A7 747 A7,61,Control,Control,Control,733
6562 A7 576 A6 733 A7 747 A7,62,Control,Control,Control,733
6562 A7 576 A6 733 A7 747 A7,63,Control,Control,Control,733
6562 A7 576 A6 733 A7 747 A7,64,Control,Control,Control,733
6562 A7 576 A6 733 A7 747 A7,65,Control,Control,Control,733
6562 A7 576 A6 733 A7 747 A7,66,Control,Control,Control,733
6562 A7 576 A6 733 A7 747 A7,67,Control,Control,Control,733
6562 A7 576 A6 733 A7 747 A7,68,Control,Control,Control,733
6562 A7 576 A6 733 A7 747 A7,69,Control,Control,Control,733
6562 A7 576 A6 733 A7 747 A7,70,Control,Control,Control,733
6562 A7 576 A6 733 A7 747 A7,71,Control,Control,Control,733
6562 A7 576 A6 733 A7 747 A7,72,Control,Control,Control,733
6562 A7 576 A6 733 A7 747 A7,73,Control,Control,Control,733
6562 A7 576 A6 733 A7 747 A7,74,Control,Control,Control,733
6562 A7 576 A6 733 A7 747 A7,75,Control,Control,Control,733
6562 A7 576 A6 733 A7 747 A7,76,Control,Control,Control,733
6562 A7 576 A6 733 A7 747 A7,77,Control,Control,Control,733
6562 A7 576 A6 733 A7 747 A7,78,Control,Control,Control,733
6562 A7 576 A6 733 A7 747 A7,79,Control,Control,Control,733
6562 A7 576 A6 733 A7 747 A7,80,Control,Control,Control,733
6562 A7 576 A6 733 A7 747 A7,81,Control,Control,Control,733
6562 A7 576 A6 733 A7 747 A7,82,Control,Control,Control,733
6562 A7 576 A6 733 A7 747 A7,83,Control,Control,Control,733
6562 A7 576 A6 733 A7 747 A7,84,Control,Control,Control,733
6562 A7 576 A6 733 A7 747 A7,85,Control,Control,Control,733
6562 A7 576 A6 733 A7 747 A7,86,Control,Control,Control,733
6562 A7 576 A6 733 A7 747 A7,87,Control,Control,Control,733
6562 A7 576 A6 733 A7 747 A7,88,Control,Control,Control,733
6562 A7 576 A6 733 A7 747 A7,89,Control,Control,Control,733
6562 A7 576 A6 733 A7 747 A7,90,Control,Control,Control,733
6562 A7 576 A6 733 A7 747 A7,91,Control,Control,Control,733
6562 A7 576 A6 733 A7 747 A7,92,Control,Control,Control,733
6562 A7 576 A6 733 A7 747 A7,93,Control,Control,Control,733
6562 A7 576 A6 733 A7 747 A7,94,Control,Control,Control,733
6562 A7 576 A6 733 A7 747 A7,95,Control,Control,Control,733
6562 A7 576 A6 733 A7 747 A7,96,Control,Control,Control,733
6562 A7 576 A6 733 A7 747 A7,97,Control,Control,Control,733
6562 A7 576 A6 733 A7 747 A7,98,Control,Control,Control,733
6562 A7 576 A6 733 A7 747 A7,99,Control,Control,Control,733
6562 A7 576 A6 733 A7 747 A7,100,Control,Control,Control,733
6562 A7 576 A6 733 A7 747 A7,101,AD+LATE,AD+LATE,AD+LATE,526
6562 A7 576 A6 733 A7 747 A7,102,AD+LATE,AD+LATE,AD+LATE,526
6562 A7 576 A6 733 A7 747 A7,103,AD+LATE,AD+LATE,AD+LATE,526
6562 A7 576 A6 733 A7 747 A7,104,AD+LATE,AD+LATE,AD+LATE,526
6562 A7 576 A6 733 A7 747 A7,105,AD+LATE,AD+LATE,AD+LATE,526
6562 A7 576 A6 733 A7 747 A7,106,AD+LATE,AD+LATE,AD+LATE,526
6562 A7 576 A6 733 A7 747 A7,107,AD+LATE,AD+LATE,AD+LATE,526
6562 A7 576 A6 733 A7 747 A7,108,AD+LATE,AD+LATE,AD+LATE,526
6562 A7 576 A6 733 A7 747 A7,109,AD+LATE,AD+LATE,AD+LATE,526
6562 A7 576 A6 733 A7 747 A7,110,AD+LATE,AD+LATE,AD+LATE,526
6562 A7 576 A6 733 A7 747 A7,111,AD+LATE,AD+LATE,AD+LATE,526
6562 A7 576 A6 733 A7 747 A7,112,AD+LATE,AD+LATE,AD+LATE,526
6562 A7 576 A6 733 A7 747 A7,113,AD+LATE,AD+LATE,AD+LATE,526
6562 A7 576 A6 733 A7 747 A7,114,AD+LATE,AD+LATE,AD+LATE,526
6562 A7 576 A6 733 A7 747 A7,115,AD+LATE,AD+LATE,AD+LATE,526
6562 A7 576 A6 733 A7 747 A7,116,AD+LATE,AD+LATE,AD+LATE,526
6562 A7 576 A6 733 A7 747 A7,117,AD+LATE,AD+LATE,AD+LATE,526
6562 A7 576 A6 733 A7 747 A7,118,AD+LATE,AD+LATE,AD+LATE,526
6562 A7 576 A6 733 A7 747 A7,119,AD+LATE,AD+LATE,AD+LATE,526
6562 A7 576 A6 733 A7 747 A7,120,AD+LATE,AD+LATE,AD+LATE,526
6562 A7 576 A6 733 A7 747 A7,121,AD+LATE,AD+LATE,AD+LATE,526
6562 A7 576 A6 733 A7 747 A7,122,AD+LATE,AD+LATE,AD+LATE,526
6562 A7 576 A6 733 A7 747 A7,123,AD+LATE,AD+LATE,AD+LATE,526
6562 A7 576 A6 733 A7 747 A7,124,AD+LATE,AD+LATE,AD+LATE,526
6562 A7 576 A6 733 A7 747 A7,125,AD+LATE,AD+LATE,AD+LATE,526
6562 A7 576 A6 733 A7 747 A7,126,AD+LATE,AD+LATE,AD+LATE,526
6562 A7 576 A6 733 A7 747 A7,127,AD+LATE,AD+LATE,AD+LATE,526
6562 A7 576 A6 733 A7 747 A7,128,AD+LATE,AD+LATE,AD+LATE,526
6562 A7 576 A6 733 A7 747 A7,129,AD+LATE,AD+LATE,AD+LATE,526
6562 A7 576 A6 733 A7 747 A7,130,AD+LATE,AD+LATE,AD+LATE,526
6562 A7 576 A6 733 A7 747 A7,131,AD+LATE,AD+LATE,AD+LATE,526
6562 A7 576 A6 733 A7 747 A7,132,AD+LATE,AD+LATE,AD+LATE,526
6562 A7 576 A6 733 A7 747 A7,133,AD+LATE,AD+LATE,AD+LATE,526
6562 A7 576 A6 733 A7 747 A7,134,AD+LATE,AD+LATE,AD+LATE,526
6562 A7 576 A6 733 A7 747 A7,135,AD+LATE,AD+LATE,AD+LATE,526
6562 A7 576 A6 733 A7 747 A7,136,AD+LATE,AD+LATE,AD+LATE,526
6562 A7 576 A6 733 A7 747 A7,137,AD+LATE,AD+LATE,AD+LATE,526
6562 A7 576 A6 733 A7 747 A7,138,AD+LATE,AD+LATE,AD+LATE,526
6562 A7 576 A6 733 A7 747 A7,139,AD+LATE,AD+LATE,AD+LATE,526
6562 A7 576 A6 733 A7 747 A7,140,AD+LATE,AD+LATE,AD+LATE,526
6562 A7 576 A6 733 A7 747 A7,141,AD+LATE,AD+LATE,AD+LATE,526
6562 A7 576 A6 733 A7 747 A7,142,AD+LATE,AD+LATE,AD+LATE,526
6562 A7 576 A6 733 A7 747 A7,143,AD+LATE,AD+LATE,AD+LATE,526
6562 A7 576 A6 733 A7 747 A7,144,AD+LATE,AD+LATE,AD+LATE,526
6562 A7 576 A6 733 A7 747 A7,145,AD+LATE,AD+LATE,AD+LATE,526
6562 A7 576 A6 733 A7 747 A7,146,AD+LATE,AD+LATE,AD+LATE,526
6562 A7 576 A6 733 A7 747 A7,147,AD+LATE,AD+LATE,AD+LATE,526
6562 A7 576 A6 733 A7 747 A7,148,AD+LATE,AD+LATE,AD+LATE,526
6562 A7 576 A6 733 A7 747 A7,149,AD+LATE,AD+LATE,AD+LATE,526
6562 A7 576 A6 733 A7 747 A7,150,AD+LATE,AD+LATE,AD+LATE,526
6562 A7 576 A6 733 A7 747 A7,151,AD+LATE,AD+LATE,AD+LATE,6562
6562 A7 576 A6 733 A7 747 A7,152,AD+LATE,AD+LATE,AD+LATE,6562
6562 A7 576 A6 733 A7 747 A7,153,AD+LATE,AD+LATE,AD+LATE,6562
6562 A7 576 A6 733 A7 747 A7,154,AD+LATE,AD+LATE,AD+LATE,6562
6562 A7 576 A6 733 A7 747 A7,155,AD+LATE,AD+LATE,AD+LATE,6562
6562 A7 576 A6 733 A7 747 A7,156,AD+LATE,AD+LATE,AD+LATE,6562
6562 A7 576 A6 733 A7 747 A7,157,AD+LATE,AD+LATE,AD+LATE,6562
6562 A7 576 A6 733 A7 747 A7,158,AD+LATE,AD+LATE,AD+LATE,6562
6562 A7 576 A6 733 A7 747 A7,159,AD+LATE,AD+LATE,AD+LATE,6562
6562 A7 576 A6 733 A7 747 A7,160,AD+LATE,AD+LATE,AD+LATE,6562
6562 A7 576 A6 733 A7 747 A7,161,AD+LATE,AD+LATE,AD+LATE,6562
6562 A7 576 A6 733 A7 747 A7,162,AD+LATE,AD+LATE,AD+LATE,6562
6562 A7 576 A6 733 A7 747 A7,163,AD+LATE,AD+LATE,AD+LATE,6562
6562 A7 576 A6 733 A7 747 A7,164,AD+LATE,AD+LATE,AD+LATE,6562
6562 A7 576 A6 733 A7 747 A7,165,AD+LATE,AD+LATE,AD+LATE,6562
6562 A7 576 A6 733 A7 747 A7,166,AD+LATE,AD+LATE,AD+LATE,6562
6562 A7 576 A6 733 A7 747 A7,167,AD+LATE,AD+LATE,AD+LATE,6562
6562 A7 576 A6 733 A7 747 A7,168,AD+LATE,AD+LATE,AD+LATE,6562
6562 A7 576 A6 733 A7 747 A7,169,AD+LATE,AD+LATE,AD+LATE,6562
6562 A7 576 A6 733 A7 747 A7,170,AD+LATE,AD+LATE,AD+LATE,6562
6562 A7 576 A6 733 A7 747 A7,171,AD+LATE,AD+LATE,AD+LATE,6562
6562 A7 576 A6 733 A7 747 A7,172,AD+LATE,AD+LATE,AD+LATE,6562
6562 A7 576 A6 733 A7 747 A7,173,AD+LATE,AD+LATE,AD+LATE,6562
6562 A7 576 A6 733 A7 747 A7,174,AD+LATE,AD+LATE,AD+LATE,6562
6562 A7 576 A6 733 A7 747 A7,175,AD+LATE,AD+LATE,AD+LATE,6562
6562 A7 576 A6 733 A7 747 A7,176,AD+LATE,AD+LATE,AD+LATE,6562
6562 A7 576 A6 733 A7 747 A7,177,AD+LATE,AD+LATE,AD+LATE,6562
6562 A7 576 A6 733 A7 747 A7,178,AD+LATE,AD+LATE,AD+LATE,6562
6562 A7 576 A6 733 A7 747 A7,179,AD+LATE,AD+LATE,AD+LATE,6562
6562 A7 576 A6 733 A7 747 A7,180,AD+LATE,AD+LATE,AD+LATE,6562
6562 A7 576 A6 733 A7 747 A7,181,AD+LATE,AD+LATE,AD+LATE,6562
6562 A7 576 A6 733 A7 747 A7,182,AD+LATE,AD+LATE,AD+LATE,6562
6562 A7 576 A6 733 A7 747 A7,183,AD+LATE,AD+LATE,AD+LATE,6562
6562 A7 576 A6 733 A7 747 A7,184,AD+LATE,AD+LATE,AD+LATE,6562
6562 A7 576 A6 733 A7 747 A7,185,AD+LATE,AD+LATE,AD+LATE,6562
6562 A7 576 A6 733 A7 747 A7,186,AD+LATE,AD+LATE,AD+LATE,6562
6562 A7 576 A6 733 A7 747 A7,187,AD+LATE,AD+LATE,AD+LATE,6562
6562 A7 576 A6 733 A7 747 A7,188,AD+LATE,AD+LATE,AD+LATE,6562
6562 A7 576 A6 733 A7 747 A7,189,AD+LATE,AD+LATE,AD+LATE,6562
6562 A7 576 A6 733 A7 747 A7,190,AD+LATE,AD+LATE,AD+LATE,6562
6562 A7 576 A6 733 A7 747 A7,191,AD+LATE,AD+LATE,AD+LATE,6562
6562 A7 576 A6 733 A7 747 A7,192,AD+LATE,AD+LATE,AD+LATE,6562
6562 A7 576 A6 733 A7 747 A7,193,AD+LATE,AD+LATE,AD+LATE,6562
6562 A7 576 A6 733 A7 747 A7,194,AD+LATE,AD+LATE,AD+LATE,6562
6562 A7 576 A6 733 A7 747 A7,195,AD+LATE,AD+LATE,AD+LATE,6562
6562 A7 576 A6 733 A7 747 A7,196,AD+LATE,AD+LATE,AD+LATE,6562
6562 A7 576 A6 733 A7 747 A7,197,AD+LATE,AD+LATE,AD+LATE,6562
6562 A7 576 A6 733 A7 747 A7,198,AD+LATE,AD+LATE,AD+LATE,6562
6562 A7 576 A6 733 A7 747 A7,199,AD+LATE,AD+LATE,AD+LATE,6562
6562 A7 576 A6 733 A7 747 A7,200,AD+LATE,AD+LATE,AD+LATE,6562
20260708_UWA_6766_6966_7068_7137,1,AD+LATE,AD+LATE SORL1,AD+LATE SORL1 R953C,7137
20260708_UWA_6766_6966_7068_7137,2,AD+LATE,AD+LATE SORL1,AD+LATE SORL1 R953C,7137
20260708_UWA_6766_6966_7068_7137,3,AD+LATE,AD+LATE SORL1,AD+LATE SORL1 R953C,7137
20260708_UWA_6766_6966_7068_7137,4,AD+LATE,AD+LATE SORL1,AD+LATE SORL1 R953C,7137
20260708_UWA_6766_6966_7068_7137,5,AD+LATE,AD+LATE SORL1,AD+LATE SORL1 R953C,7137
20260708_UWA_6766_6966_7068_7137,6,AD+LATE,AD+LATE SORL1,AD+LATE SORL1 R953C,7137
20260708_UWA_6766_6966_7068_7137,7,AD+LATE,AD+LATE SORL1,AD+LATE SORL1 R953C,7137
20260708_UWA_6766_6966_7068_7137,8,AD+LATE,AD+LATE SORL1,AD+LATE SORL1 R953C,7137
20260708_UWA_6766_6966_7068_7137,9,AD+LATE,AD+LATE SORL1,AD+LATE SORL1 R953C,7137
20260708_UWA_6766_6966_7068_7137,10,AD+LATE,AD+LATE SORL1,AD+LATE SORL1 R953C,7137
20260708_UWA_6766_6966_7068_7137,11,AD+LATE,AD+LATE SORL1,AD+LATE SORL1 R953C,7137
20260708_UWA_6766_6966_7068_7137,12,AD+LATE,AD+LATE SORL1,AD+LATE SORL1 R953C,7137
20260708_UWA_6766_6966_7068_7137,13,AD+LATE,AD+LATE SORL1,AD+LATE SORL1 R953C,7137
20260708_UWA_6766_6966_7068_7137,14,AD+LATE,AD+LATE SORL1,AD+LATE SORL1 R953C,7137
20260708_UWA_6766_6966_7068_7137,15,AD+LATE,AD+LATE SORL1,AD+LATE SORL1 R953C,7137
20260708_UWA_6766_6966_7068_7137,16,AD+LATE,AD+LATE SORL1,AD+LATE SORL1 R953C,7137
20260708_UWA_6766_6966_7068_7137,17,AD+LATE,AD+LATE SORL1,AD+LATE SORL1 R953C,7137
20260708_UWA_6766_6966_7068_7137,18,AD+LATE,AD+LATE SORL1,AD+LATE SORL1 R953C,7137
20260708_UWA_6766_6966_7068_7137,19,AD+LATE,AD+LATE SORL1,AD+LATE SORL1 R953C,7137
20260708_UWA_6766_6966_7068_7137,20,AD+LATE,AD+LATE SORL1,AD+LATE SORL1 R953C,7137
20260708_UWA_6766_6966_7068_7137,21,AD+LATE,AD+LATE SORL1,AD+LATE SORL1 R953C,7137
20260708_UWA_6766_6966_7068_7137,22,AD+LATE,AD+LATE SORL1,AD+LATE SORL1 R953C,7137
20260708_UWA_6766_6966_7068_7137,23,AD+LATE,AD+LATE SORL1,AD+LATE SORL1 R953C,7137
20260708_UWA_6766_6966_7068_7137,24,AD+LATE,AD+LATE SORL1,AD+LATE SORL1 R953C,7137
20260708_UWA_6766_6966_7068_7137,25,AD+LATE,AD+LATE SORL1,AD+LATE SORL1 R953C,7137
20260708_UWA_6766_6966_7068_7137,26,AD+LATE,AD+LATE SORL1,AD+LATE SORL1 R953C,7137
20260708_UWA_6766_6966_7068_7137,27,AD+LATE,AD+LATE SORL1,AD+LATE SORL1 R953C,7137
20260708_UWA_6766_6966_7068_7137,28,AD+LATE,AD+LATE SORL1,AD+LATE SORL1 R953C,7137
20260708_UWA_6766_6966_7068_7137,29,AD+LATE,AD+LATE SORL1,AD+LATE SORL1 R953C,7137
20260708_UWA_6766_6966_7068_7137,30,AD+LATE,AD+LATE SORL1,AD+LATE SORL1 R953C,7137
20260708_UWA_6766_6966_7068_7137,31,AD+LATE,AD+LATE SORL1,AD+LATE SORL1 R953C,7137
20260708_UWA_6766_6966_7068_7137,32,AD+LATE,AD+LATE SORL1,AD+LATE SORL1 R953C,7137
20260708_UWA_6766_6966_7068_7137,33,AD+LATE,AD+LATE SORL1,AD+LATE SORL1 R953C,7137
20260708_UWA_6766_6966_7068_7137,34,AD+LATE,AD+LATE SORL1,AD+LATE SORL1 R953C,7137
20260708_UWA_6766_6966_7068_7137,35,AD+LATE,AD+LATE SORL1,AD+LATE SORL1 R953C,7137
20260708_UWA_6766_6966_7068_7137,36,AD+LATE,AD+LATE SORL1,AD+LATE SORL1 R953C,7137
20260708_UWA_6766_6966_7068_7137,37,AD+LATE,AD+LATE SORL1,AD+LATE SORL1 R953C,7137
20260708_UWA_6766_6966_7068_7137,38,AD+LATE,AD+LATE SORL1,AD+LATE SORL1 R953C,7137
20260708_UWA_6766_6966_7068_7137,39,AD+LATE,AD+LATE SORL1,AD+LATE SORL1 R953C,7137
20260708_UWA_6766_6966_7068_7137,40,AD+LATE,AD+LATE SORL1,AD+LATE SORL1 R953C,7137
20260708_UWA_6766_6966_7068_7137,41,AD+LATE,AD+LATE SORL1,AD+LATE SORL1 R953C,7137
20260708_UWA_6766_6966_7068_7137,42,AD+LATE,AD+LATE SORL1,AD+LATE SORL1 R953C,7137
20260708_UWA_6766_6966_7068_7137,43,AD+LATE,AD+LATE SORL1,AD+LATE SORL1 R953C,7137
20260708_UWA_6766_6966_7068_7137,44,AD+LATE,AD+LATE SORL1,AD+LATE SORL1 R953C,7137
20260708_UWA_6766_6966_7068_7137,45,AD+LATE,AD+LATE SORL1,AD+LATE SORL1 R953C,7137
20260708_UWA_6766_6966_7068_7137,46,AD+LATE,AD+LATE SORL1,AD+LATE SORL1 R953C,7137
20260708_UWA_6766_6966_7068_7137,47,AD+LATE,AD+LATE SORL1,AD+LATE SORL1 R953C,7137
20260708_UWA_6766_6966_7068_7137,48,AD+LATE,AD+LATE SORL1,AD+LATE SORL1 R953C,7137
20260708_UWA_6766_6966_7068_7137,49,AD+LATE,AD+LATE SORL1,AD+LATE SORL1 R953C,7137
20260708_UWA_6766_6966_7068_7137,50,AD+LATE,AD+LATE SORL1,AD+LATE SORL1 R953C,7137
20260708_UWA_6766_6966_7068_7137,51,AD+LATE,AD+LATE SORL1,AD+LATE SORL1 R953C,7068
20260708_UWA_6766_6966_7068_7137,52,AD+LATE,AD+LATE SORL1,AD+LATE SORL1 R953C,7068
20260708_UWA_6766_6966_7068_7137,53,AD+LATE,AD+LATE SORL1,AD+LATE SORL1 R953C,7068
20260708_UWA_6766_6966_7068_7137,54,AD+LATE,AD+LATE SORL1,AD+LATE SORL1 R953C,7068
20260708_UWA_6766_6966_7068_7137,55,AD+LATE,AD+LATE SORL1,AD+LATE SORL1 R953C,7068
20260708_UWA_6766_6966_7068_7137,56,AD+LATE,AD+LATE SORL1,AD+LATE SORL1 R953C,7068
20260708_UWA_6766_6966_7068_7137,57,AD+LATE,AD+LATE SORL1,AD+LATE SORL1 R953C,7068
20260708_UWA_6766_6966_7068_7137,58,AD+LATE,AD+LATE SORL1,AD+LATE SORL1 R953C,7068
20260708_UWA_6766_6966_7068_7137,59,AD+LATE,AD+LATE SORL1,AD+LATE SORL1 R953C,7068
20260708_UWA_6766_6966_7068_7137,60,AD+LATE,AD+LATE SORL1,AD+LATE SORL1 R953C,7068
20260708_UWA_6766_6966_7068_7137,61,AD+LATE,AD+LATE SORL1,AD+LATE SORL1 R953C,7068
20260708_UWA_6766_6966_7068_7137,62,AD+LATE,AD+LATE SORL1,AD+LATE SORL1 R953C,7068
20260708_UWA_6766_6966_7068_7137,63,AD+LATE,AD+LATE SORL1,AD+LATE SORL1 R953C,7068
20260708_UWA_6766_6966_7068_7137,64,AD+LATE,AD+LATE SORL1,AD+LATE SORL1 R953C,7068
20260708_UWA_6766_6966_7068_7137,65,AD+LATE,AD+LATE SORL1,AD+LATE SORL1 R953C,7068
20260708_UWA_6766_6966_7068_7137,66,AD+LATE,AD+LATE SORL1,AD+LATE SORL1 R953C,7068
20260708_UWA_6766_6966_7068_7137,67,AD+LATE,AD+LATE SORL1,AD+LATE SORL1 R953C,7068
20260708_UWA_6766_6966_7068_7137,68,AD+LATE,AD+LATE SORL1,AD+LATE SORL1 R953C,7068
20260708_UWA_6766_6966_7068_7137,69,AD+LATE,AD+LATE SORL1,AD+LATE SORL1 R953C,7068
20260708_UWA_6766_6966_7068_7137,70,AD+LATE,AD+LATE SORL1,AD+LATE SORL1 R953C,7068
20260708_UWA_6766_6966_7068_7137,71,AD+LATE,AD+LATE SORL1,AD+LATE SORL1 R953C,7068
20260708_UWA_6766_6966_7068_7137,72,AD+LATE,AD+LATE SORL1,AD+LATE SORL1 R953C,7068
20260708_UWA_6766_6966_7068_7137,73,AD+LATE,AD+LATE SORL1,AD+LATE SORL1 R953C,7068
20260708_UWA_6766_6966_7068_7137,74,AD+LATE,AD+LATE SORL1,AD+LATE SORL1 R953C,7068
20260708_UWA_6766_6966_7068_7137,75,AD+LATE,AD+LATE SORL1,AD+LATE SORL1 R953C,7068
20260708_UWA_6766_6966_7068_7137,76,AD+LATE,AD+LATE SORL1,AD+LATE SORL1 R953C,7068
20260708_UWA_6766_6966_7068_7137,77,AD+LATE,AD+LATE SORL1,AD+LATE SORL1 R953C,7068
20260708_UWA_6766_6966_7068_7137,78,AD+LATE,AD+LATE SORL1,AD+LATE SORL1 R953C,7068
20260708_UWA_6766_6966_7068_7137,79,AD+LATE,AD+LATE SORL1,AD+LATE SORL1 R953C,7068
20260708_UWA_6766_6966_7068_7137,80,AD+LATE,AD+LATE SORL1,AD+LATE SORL1 R953C,7068
20260708_UWA_6766_6966_7068_7137,81,AD+LATE,AD+LATE SORL1,AD+LATE SORL1 R953C,7068
20260708_UWA_6766_6966_7068_7137,82,AD+LATE,AD+LATE SORL1,AD+LATE SORL1 R953C,7068
20260708_UWA_6766_6966_7068_7137,83,AD+LATE,AD+LATE SORL1,AD+LATE SORL1 R953C,7068
20260708_UWA_6766_6966_7068_7137,84,AD+LATE,AD+LATE SORL1,AD+LATE SORL1 R953C,7068
20260708_UWA_6766_6966_7068_7137,85,AD+LATE,AD+LATE SORL1,AD+LATE SORL1 R953C,7068
20260708_UWA_6766_6966_7068_7137,86,AD+LATE,AD+LATE SORL1,AD+LATE SORL1 R953C,7068
20260708_UWA_6766_6966_7068_7137,87,AD+LATE,AD+LATE SORL1,AD+LATE SORL1 R953C,7068
20260708_UWA_6766_6966_7068_7137,88,AD+LATE,AD+LATE SORL1,AD+LATE SORL1 R953C,7068
20260708_UWA_6766_6966_7068_7137,89,AD+LATE,AD+LATE SORL1,AD+LATE SORL1 R953C,7068
20260708_UWA_6766_6966_7068_7137,90,AD+LATE,AD+LATE SORL1,AD+LATE SORL1 R953C,7068
20260708_UWA_6766_6966_7068_7137,91,AD+LATE,AD+LATE SORL1,AD+LATE SORL1 R953C,7068
20260708_UWA_6766_6966_7068_7137,92,AD+LATE,AD+LATE SORL1,AD+LATE SORL1 R953C,7068
20260708_UWA_6766_6966_7068_7137,93,AD+LATE,AD+LATE SORL1,AD+LATE SORL1 R953C,7068
20260708_UWA_6766_6966_7068_7137,94,AD+LATE,AD+LATE SORL1,AD+LATE SORL1 R953C,7068
20260708_UWA_6766_6966_7068_7137,95,AD+LATE,AD+LATE SORL1,AD+LATE SORL1 R953C,7068
20260708_UWA_6766_6966_7068_7137,96,AD+LATE,AD+LATE SORL1,AD+LATE SORL1 R953C,7068
20260708_UWA_6766_6966_7068_7137,97,AD+LATE,AD+LATE SORL1,AD+LATE SORL1 R953C,7068
20260708_UWA_6766_6966_7068_7137,98,AD+LATE,AD+LATE SORL1,AD+LATE SORL1 R953C,7068
20260708_UWA_6766_6966_7068_7137,99,AD+LATE,AD+LATE SORL1,AD+LATE SORL1 R953C,7068
20260708_UWA_6766_6966_7068_7137,100,AD+LATE,AD+LATE SORL1,AD+LATE SORL1 R953C,7068
20260708_UWA_6766_6966_7068_7137,101,AD+LATE,AD+LATE,AD+LATE,6966
20260708_UWA_6766_6966_7068_7137,102,AD+LATE,AD+LATE,AD+LATE,6966
20260708_UWA_6766_6966_7068_7137,103,AD+LATE,AD+LATE,AD+LATE,6966
20260708_UWA_6766_6966_7068_7137,104,AD+LATE,AD+LATE,AD+LATE,6966
20260708_UWA_6766_6966_7068_7137,105,AD+LATE,AD+LATE,AD+LATE,6966
20260708_UWA_6766_6966_7068_7137,106,AD+LATE,AD+LATE,AD+LATE,6966
20260708_UWA_6766_6966_7068_7137,107,AD+LATE,AD+LATE,AD+LATE,6966
20260708_UWA_6766_6966_7068_7137,108,AD+LATE,AD+LATE,AD+LATE,6966
20260708_UWA_6766_6966_7068_7137,109,AD+LATE,AD+LATE,AD+LATE,6966
20260708_UWA_6766_6966_7068_7137,110,AD+LATE,AD+LATE,AD+LATE,6966
20260708_UWA_6766_6966_7068_7137,111,AD+LATE,AD+LATE,AD+LATE,6966
20260708_UWA_6766_6966_7068_7137,112,AD+LATE,AD+LATE,AD+LATE,6966
20260708_UWA_6766_6966_7068_7137,113,AD+LATE,AD+LATE,AD+LATE,6966
20260708_UWA_6766_6966_7068_7137,114,AD+LATE,AD+LATE,AD+LATE,6966
20260708_UWA_6766_6966_7068_7137,115,AD+LATE,AD+LATE,AD+LATE,6966
20260708_UWA_6766_6966_7068_7137,116,AD+LATE,AD+LATE,AD+LATE,6966
20260708_UWA_6766_6966_7068_7137,117,AD+LATE,AD+LATE,AD+LATE,6966
20260708_UWA_6766_6966_7068_7137,118,AD+LATE,AD+LATE,AD+LATE,6966
20260708_UWA_6766_6966_7068_7137,119,AD+LATE,AD+LATE,AD+LATE,6966
20260708_UWA_6766_6966_7068_7137,120,AD+LATE,AD+LATE,AD+LATE,6966
20260708_UWA_6766_6966_7068_7137,121,AD+LATE,AD+LATE,AD+LATE,6966
20260708_UWA_6766_6966_7068_7137,122,AD+LATE,AD+LATE,AD+LATE,6966
20260708_UWA_6766_6966_7068_7137,123,AD+LATE,AD+LATE,AD+LATE,6966
20260708_UWA_6766_6966_7068_7137,124,AD+LATE,AD+LATE,AD+LATE,6966
20260708_UWA_6766_6966_7068_7137,125,AD+LATE,AD+LATE,AD+LATE,6966
20260708_UWA_6766_6966_7068_7137,126,AD+LATE,AD+LATE,AD+LATE,6966
20260708_UWA_6766_6966_7068_7137,127,AD+LATE,AD+LATE,AD+LATE,6966
20260708_UWA_6766_6966_7068_7137,128,AD+LATE,AD+LATE,AD+LATE,6966
20260708_UWA_6766_6966_7068_7137,129,AD+LATE,AD+LATE,AD+LATE,6966
20260708_UWA_6766_6966_7068_7137,130,AD+LATE,AD+LATE,AD+LATE,6966
20260708_UWA_6766_6966_7068_7137,131,AD+LATE,AD+LATE,AD+LATE,6966
20260708_UWA_6766_6966_7068_7137,132,AD+LATE,AD+LATE,AD+LATE,6966
20260708_UWA_6766_6966_7068_7137,133,AD+LATE,AD+LATE,AD+LATE,6966
20260708_UWA_6766_6966_7068_7137,134,AD+LATE,AD+LATE,AD+LATE,6966
20260708_UWA_6766_6966_7068_7137,135,AD+LATE,AD+LATE,AD+LATE,6966
20260708_UWA_6766_6966_7068_7137,136,AD+LATE,AD+LATE,AD+LATE,6966
20260708_UWA_6766_6966_7068_7137,137,AD+LATE,AD+LATE,AD+LATE,6966
20260708_UWA_6766_6966_7068_7137,138,AD+LATE,AD+LATE,AD+LATE,6966
20260708_UWA_6766_6966_7068_7137,139,AD+LATE,AD+LATE,AD+LATE,6966
20260708_UWA_6766_6966_7068_7137,140,AD+LATE,AD+LATE,AD+LATE,6966
20260708_UWA_6766_6966_7068_7137,141,AD+LATE,AD+LATE,AD+LATE,6966
20260708_UWA_6766_6966_7068_7137,142,AD+LATE,AD+LATE,AD+LATE,6966
20260708_UWA_6766_6966_7068_7137,143,AD+LATE,AD+LATE,AD+LATE,6966
20260708_UWA_6766_6966_7068_7137,144,AD+LATE,AD+LATE,AD+LATE,6966
20260708_UWA_6766_6966_7068_7137,145,AD+LATE,AD+LATE,AD+LATE,6966
20260708_UWA_6766_6966_7068_7137,146,AD+LATE,AD+LATE,AD+LATE,6966
20260708_UWA_6766_6966_7068_7137,147,AD+LATE,AD+LATE,AD+LATE,6966
20260708_UWA_6766_6966_7068_7137,148,AD+LATE,AD+LATE,AD+LATE,6966
20260708_UWA_6766_6966_7068_7137,149,AD+LATE,AD+LATE,AD+LATE,6966
20260708_UWA_6766_6966_7068_7137,150,AD+LATE,AD+LATE,AD+LATE,6966
20260708_UWA_6766_6966_7068_7137,151,Control,Control,Control,6766
20260708_UWA_6766_6966_7068_7137,152,Control,Control,Control,6766
20260708_UWA_6766_6966_7068_7137,153,Control,Control,Control,6766
20260708_UWA_6766_6966_7068_7137,154,Control,Control,Control,6766
20260708_UWA_6766_6966_7068_7137,155,Control,Control,Control,6766
20260708_UWA_6766_6966_7068_7137,156,Control,Control,Control,6766
20260708_UWA_6766_6966_7068_7137,157,Control,Control,Control,6766
20260708_UWA_6766_6966_7068_7137,158,Control,Control,Control,6766
20260708_UWA_6766_6966_7068_7137,159,Control,Control,Control,6766
20260708_UWA_6766_6966_7068_7137,160,Control,Control,Control,6766
20260708_UWA_6766_6966_7068_7137,161,Control,Control,Control,6766
20260708_UWA_6766_6966_7068_7137,162,Control,Control,Control,6766
20260708_UWA_6766_6966_7068_7137,163,Control,Control,Control,6766
20260708_UWA_6766_6966_7068_7137,164,Control,Control,Control,6766
20260708_UWA_6766_6966_7068_7137,165,Control,Control,Control,6766
20260708_UWA_6766_6966_7068_7137,166,Control,Control,Control,6766
20260708_UWA_6766_6966_7068_7137,167,Control,Control,Control,6766
20260708_UWA_6766_6966_7068_7137,168,Control,Control,Control,6766
20260708_UWA_6766_6966_7068_7137,169,Control,Control,Control,6766
20260708_UWA_6766_6966_7068_7137,170,Control,Control,Control,6766
20260708_UWA_6766_6966_7068_7137,171,Control,Control,Control,6766
20260708_UWA_6766_6966_7068_7137,172,Control,Control,Control,6766
20260708_UWA_6766_6966_7068_7137,173,Control,Control,Control,6766
20260708_UWA_6766_6966_7068_7137,174,Control,Control,Control,6766
20260708_UWA_6766_6966_7068_7137,175,Control,Control,Control,6766
20260708_UWA_6766_6966_7068_7137,176,Control,Control,Control,6766
20260708_UWA_6766_6966_7068_7137,177,Control,Control,Control,6766
20260708_UWA_6766_6966_7068_7137,178,Control,Control,Control,6766
20260708_UWA_6766_6966_7068_7137,179,Control,Control,Control,6766
20260708_UWA_6766_6966_7068_7137,180,Control,Control,Control,6766
20260708_UWA_6766_6966_7068_7137,181,Control,Control,Control,6766
20260708_UWA_6766_6966_7068_7137,182,Control,Control,Control,6766
20260708_UWA_6766_6966_7068_7137,183,Control,Control,Control,6766
20260708_UWA_6766_6966_7068_7137,184,Control,Control,Control,6766
20260708_UWA_6766_6966_7068_7137,185,Control,Control,Control,6766
20260708_UWA_6766_6966_7068_7137,186,Control,Control,Control,6766
20260708_UWA_6766_6966_7068_7137,187,Control,Control,Control,6766
20260708_UWA_6766_6966_7068_7137,188,Control,Control,Control,6766
20260708_UWA_6766_6966_7068_7137,189,Control,Control,Control,6766
20260708_UWA_6766_6966_7068_7137,190,Control,Control,Control,6766
20260708_UWA_6766_6966_7068_7137,191,Control,Control,Control,6766
20260708_UWA_6766_6966_7068_7137,192,Control,Control,Control,6766
20260708_UWA_6766_6966_7068_7137,193,Control,Control,Control,6766
20260708_UWA_6766_6966_7068_7137,194,Control,Control,Control,6766
20260708_UWA_6766_6966_7068_7137,195,Control,Control,Control,6766
20260708_UWA_6766_6966_7068_7137,196,Control,Control,Control,6766
20260708_UWA_6766_6966_7068_7137,197,Control,Control,Control,6766
20260708_UWA_6766_6966_7068_7137,198,Control,Control,Control,6766
20260708_UWA_6766_6966_7068_7137,199,Control,Control,Control,6766
20260708_UWA_6766_6966_7068_7137,200,Control,Control,Control,6766
20260708_UWA_599_657_710_741,1,AD+LATE,AD+LATE,AD+LATE,741
20260708_UWA_599_657_710_741,2,AD+LATE,AD+LATE,AD+LATE,741
20260708_UWA_599_657_710_741,3,AD+LATE,AD+LATE,AD+LATE,741
20260708_UWA_599_657_710_741,4,AD+LATE,AD+LATE,AD+LATE,741
20260708_UWA_599_657_710_741,5,AD+LATE,AD+LATE,AD+LATE,741
20260708_UWA_599_657_710_741,6,AD+LATE,AD+LATE,AD+LATE,741
20260708_UWA_599_657_710_741,7,AD+LATE,AD+LATE,AD+LATE,741
20260708_UWA_599_657_710_741,8,AD+LATE,AD+LATE,AD+LATE,741
20260708_UWA_599_657_710_741,9,AD+LATE,AD+LATE,AD+LATE,741
20260708_UWA_599_657_710_741,10,AD+LATE,AD+LATE,AD+LATE,741
20260708_UWA_599_657_710_741,11,AD+LATE,AD+LATE,AD+LATE,741
20260708_UWA_599_657_710_741,12,AD+LATE,AD+LATE,AD+LATE,741
20260708_UWA_599_657_710_741,13,AD+LATE,AD+LATE,AD+LATE,741
20260708_UWA_599_657_710_741,14,AD+LATE,AD+LATE,AD+LATE,741
20260708_UWA_599_657_710_741,15,AD+LATE,AD+LATE,AD+LATE,741
20260708_UWA_599_657_710_741,16,AD+LATE,AD+LATE,AD+LATE,741
20260708_UWA_599_657_710_741,17,AD+LATE,AD+LATE,AD+LATE,741
20260708_UWA_599_657_710_741,18,AD+LATE,AD+LATE,AD+LATE,741
20260708_UWA_599_657_710_741,19,AD+LATE,AD+LATE,AD+LATE,741
20260708_UWA_599_657_710_741,20,AD+LATE,AD+LATE,AD+LATE,741
20260708_UWA_599_657_710_741,21,AD+LATE,AD+LATE,AD+LATE,741
20260708_UWA_599_657_710_741,22,AD+LATE,AD+LATE,AD+LATE,741
20260708_UWA_599_657_710_741,23,AD+LATE,AD+LATE,AD+LATE,741
20260708_UWA_599_657_710_741,24,AD+LATE,AD+LATE,AD+LATE,741
20260708_UWA_599_657_710_741,25,AD+LATE,AD+LATE,AD+LATE,741
20260708_UWA_599_657_710_741,26,AD+LATE,AD+LATE,AD+LATE,741
20260708_UWA_599_657_710_741,27,AD+LATE,AD+LATE,AD+LATE,741
20260708_UWA_599_657_710_741,28,AD+LATE,AD+LATE,AD+LATE,741
20260708_UWA_599_657_710_741,29,AD+LATE,AD+LATE,AD+LATE,741
20260708_UWA_599_657_710_741,30,AD+LATE,AD+LATE,AD+LATE,741
20260708_UWA_599_657_710_741,31,AD+LATE,AD+LATE,AD+LATE,741
20260708_UWA_599_657_710_741,32,AD+LATE,AD+LATE,AD+LATE,741
20260708_UWA_599_657_710_741,33,AD+LATE,AD+LATE,AD+LATE,741
20260708_UWA_599_657_710_741,34,AD+LATE,AD+LATE,AD+LATE,741
20260708_UWA_599_657_710_741,35,AD+LATE,AD+LATE,AD+LATE,741
20260708_UWA_599_657_710_741,36,AD+LATE,AD+LATE,AD+LATE,741
20260708_UWA_599_657_710_741,37,AD+LATE,AD+LATE,AD+LATE,741
20260708_UWA_599_657_710_741,38,AD+LATE,AD+LATE,AD+LATE,741
20260708_UWA_599_657_710_741,39,AD Pure,AD Pure,AD Pure,710
20260708_UWA_599_657_710_741,40,AD Pure,AD Pure,AD Pure,710
20260708_UWA_599_657_710_741,41,AD Pure,AD Pure,AD Pure,710
20260708_UWA_599_657_710_741,42,AD Pure,AD Pure,AD Pure,710
20260708_UWA_599_657_710_741,43,AD Pure,AD Pure,AD Pure,710
20260708_UWA_599_657_710_741,44,AD Pure,AD Pure,AD Pure,710
20260708_UWA_599_657_710_741,45,AD Pure,AD Pure,AD Pure,710
20260708_UWA_599_657_710_741,46,AD Pure,AD Pure,AD Pure,710
20260708_UWA_599_657_710_741,47,AD Pure,AD Pure,AD Pure,710
20260708_UWA_599_657_710_741,48,AD Pure,AD Pure,AD Pure,710
20260708_UWA_599_657_710_741,49,AD Pure,AD Pure,AD Pure,710
20260708_UWA_599_657_710_741,50,AD Pure,AD Pure,AD Pure,710
20260708_UWA_599_657_710_741,51,AD Pure,AD Pure,AD Pure,710
20260708_UWA_599_657_710_741,52,AD Pure,AD Pure,AD Pure,710
20260708_UWA_599_657_710_741,53,AD Pure,AD Pure,AD Pure,710
20260708_UWA_599_657_710_741,54,AD Pure,AD Pure,AD Pure,710
20260708_UWA_599_657_710_741,55,AD Pure,AD Pure,AD Pure,710
20260708_UWA_599_657_710_741,56,AD Pure,AD Pure,AD Pure,710
20260708_UWA_599_657_710_741,57,AD Pure,AD Pure,AD Pure,710
20260708_UWA_599_657_710_741,58,AD Pure,AD Pure,AD Pure,710
20260708_UWA_599_657_710_741,59,AD Pure,AD Pure,AD Pure,710
20260708_UWA_599_657_710_741,60,AD Pure,AD Pure,AD Pure,710
20260708_UWA_599_657_710_741,61,AD Pure,AD Pure,AD Pure,710
20260708_UWA_599_657_710_741,62,AD Pure,AD Pure,AD Pure,710
20260708_UWA_599_657_710_741,63,AD Pure,AD Pure,AD Pure,710
20260708_UWA_599_657_710_741,64,AD Pure,AD Pure,AD Pure,710
20260708_UWA_599_657_710_741,65,AD Pure,AD Pure,AD Pure,710
20260708_UWA_599_657_710_741,66,AD Pure,AD Pure,AD Pure,710
20260708_UWA_599_657_710_741,67,AD Pure,AD Pure,AD Pure,710
20260708_UWA_599_657_710_741,68,AD Pure,AD Pure,AD Pure,710
20260708_UWA_599_657_710_741,69,AD Pure,AD Pure,AD Pure,710
20260708_UWA_599_657_710_741,70,AD Pure,AD Pure,AD Pure,710
20260708_UWA_599_657_710_741,71,AD Pure,AD Pure,AD Pure,710
20260708_UWA_599_657_710_741,72,AD Pure,AD Pure,AD Pure,710
20260708_UWA_599_657_710_741,73,AD Pure,AD Pure,AD Pure,710
20260708_UWA_599_657_710_741,74,AD Pure,AD Pure,AD Pure,710
20260708_UWA_599_657_710_741,75,AD Pure,AD Pure,AD Pure,710
20260708_UWA_599_657_710_741,76,AD Pure,AD Pure,AD Pure,710
20260708_UWA_599_657_710_741,77,AD Pure,AD Pure,AD Pure,710
20260708_UWA_599_657_710_741,78,AD Pure,AD Pure,AD Pure,710
20260708_UWA_599_657_710_741,79,AD Pure,AD Pure,AD Pure,710
20260708_UWA_599_657_710_741,80,AD Pure,AD Pure,AD Pure,710
20260708_UWA_599_657_710_741,81,AD Pure,AD Pure,AD Pure,710
20260708_UWA_599_657_710_741,82,AD Pure,AD Pure,AD Pure,710
20260708_UWA_599_657_710_741,83,AD Pure,AD Pure,AD Pure,710
20260708_UWA_599_657_710_741,84,AD Pure,AD Pure,AD Pure,710
20260708_UWA_599_657_710_741,85,AD Pure,AD Pure,AD Pure,710
20260708_UWA_599_657_710_741,86,AD Pure,AD Pure,AD Pure,710
20260708_UWA_599_657_710_741,87,AD Pure,AD Pure,AD Pure,710
20260708_UWA_599_657_710_741,88,AD Pure,AD Pure,AD Pure,710
20260708_UWA_599_657_710_741,89,AD Pure,AD Pure,AD Pure,710
20260708_UWA_599_657_710_741,90,AD Pure,AD Pure,AD Pure,710
20260708_UWA_599_657_710_741,91,AD Pure,AD Pure,AD Pure,710
20260708_UWA_599_657_710_741,92,AD Pure,AD Pure,AD Pure,710
20260708_UWA_599_657_710_741,93,AD Pure,AD Pure,AD Pure,710
20260708_UWA_599_657_710_741,94,AD Pure,AD Pure,AD Pure,710
20260708_UWA_599_657_710_741,95,AD Pure,AD Pure,AD Pure,710
20260708_UWA_599_657_710_741,96,AD Pure,AD Pure,AD Pure,710
20260708_UWA_599_657_710_741,97,AD Pure,AD Pure,AD Pure,710
20260708_UWA_599_657_710_741,98,AD Pure,AD Pure,AD Pure,710
20260708_UWA_599_657_710_741,99,AD Pure,AD Pure,AD Pure,710
20260708_UWA_599_657_710_741,100,AD Pure,AD Pure,AD Pure,710
20260708_UWA_599_657_710_741,101,AD Pure,AD Pure,AD Pure,657
20260708_UWA_599_657_710_741,102,AD Pure,AD Pure,AD Pure,657
20260708_UWA_599_657_710_741,103,AD Pure,AD Pure,AD Pure,657
20260708_UWA_599_657_710_741,104,AD Pure,AD Pure,AD Pure,657
20260708_UWA_599_657_710_741,105,AD Pure,AD Pure,AD Pure,657
20260708_UWA_599_657_710_741,106,AD Pure,AD Pure,AD Pure,657
20260708_UWA_599_657_710_741,107,AD Pure,AD Pure,AD Pure,657
20260708_UWA_599_657_710_741,108,AD Pure,AD Pure,AD Pure,657
20260708_UWA_599_657_710_741,109,AD Pure,AD Pure,AD Pure,657
20260708_UWA_599_657_710_741,110,AD Pure,AD Pure,AD Pure,657
20260708_UWA_599_657_710_741,111,AD Pure,AD Pure,AD Pure,657
20260708_UWA_599_657_710_741,112,AD Pure,AD Pure,AD Pure,657
20260708_UWA_599_657_710_741,113,AD Pure,AD Pure,AD Pure,657
20260708_UWA_599_657_710_741,114,AD Pure,AD Pure,AD Pure,657
20260708_UWA_599_657_710_741,115,AD Pure,AD Pure,AD Pure,657
20260708_UWA_599_657_710_741,116,AD Pure,AD Pure,AD Pure,657
20260708_UWA_599_657_710_741,117,AD Pure,AD Pure,AD Pure,657
20260708_UWA_599_657_710_741,118,AD Pure,AD Pure,AD Pure,657
20260708_UWA_599_657_710_741,119,AD Pure,AD Pure,AD Pure,657
20260708_UWA_599_657_710_741,120,AD Pure,AD Pure,AD Pure,657
20260708_UWA_599_657_710_741,121,AD Pure,AD Pure,AD Pure,657
20260708_UWA_599_657_710_741,122,AD Pure,AD Pure,AD Pure,657
20260708_UWA_599_657_710_741,123,AD Pure,AD Pure,AD Pure,657
20260708_UWA_599_657_710_741,124,AD Pure,AD Pure,AD Pure,657
20260708_UWA_599_657_710_741,125,AD Pure,AD Pure,AD Pure,657
20260708_UWA_599_657_710_741,126,AD Pure,AD Pure,AD Pure,657
20260708_UWA_599_657_710_741,127,AD Pure,AD Pure,AD Pure,657
20260708_UWA_599_657_710_741,128,AD Pure,AD Pure,AD Pure,657
20260708_UWA_599_657_710_741,129,AD Pure,AD Pure,AD Pure,657
20260708_UWA_599_657_710_741,130,AD Pure,AD Pure,AD Pure,657
20260708_UWA_599_657_710_741,131,AD Pure,AD Pure,AD Pure,657
20260708_UWA_599_657_710_741,132,AD Pure,AD Pure,AD Pure,657
20260708_UWA_599_657_710_741,133,AD Pure,AD Pure,AD Pure,657
20260708_UWA_599_657_710_741,134,AD Pure,AD Pure,AD Pure,657
20260708_UWA_599_657_710_741,135,AD Pure,AD Pure,AD Pure,657
20260708_UWA_599_657_710_741,136,AD Pure,AD Pure,AD Pure,657
20260708_UWA_599_657_710_741,137,AD Pure,AD Pure,AD Pure,657
20260708_UWA_599_657_710_741,138,AD Pure,AD Pure,AD Pure,657
20260708_UWA_599_657_710_741,139,AD Pure,AD Pure,AD Pure,657
20260708_UWA_599_657_710_741,140,AD Pure,AD Pure,AD Pure,657
20260708_UWA_599_657_710_741,141,AD Pure,AD Pure,AD Pure,657
20260708_UWA_599_657_710_741,142,AD Pure,AD Pure,AD Pure,657
20260708_UWA_599_657_710_741,143,AD Pure,AD Pure,AD Pure,657
20260708_UWA_599_657_710_741,144,AD Pure,AD Pure,AD Pure,657
20260708_UWA_599_657_710_741,145,AD Pure,AD Pure,AD Pure,657
20260708_UWA_599_657_710_741,146,AD Pure,AD Pure,AD Pure,657
20260708_UWA_599_657_710_741,147,AD Pure,AD Pure,AD Pure,657
20260708_UWA_599_657_710_741,148,AD Pure,AD Pure,AD Pure,657
20260708_UWA_599_657_710_741,149,AD Pure,AD Pure,AD Pure,657
20260708_UWA_599_657_710_741,150,AD Pure,AD Pure,AD Pure,657
20260708_UWA_599_657_710_741,151,AD+LATE,AD+LATE SORL1,AD+LATE SORL1 R953C,599
20260708_UWA_599_657_710_741,152,AD+LATE,AD+LATE SORL1,AD+LATE SORL1 R953C,599
20260708_UWA_599_657_710_741,153,AD+LATE,AD+LATE SORL1,AD+LATE SORL1 R953C,599
20260708_UWA_599_657_710_741,154,AD+LATE,AD+LATE SORL1,AD+LATE SORL1 R953C,599
20260708_UWA_599_657_710_741,155,AD+LATE,AD+LATE SORL1,AD+LATE SORL1 R953C,599
20260708_UWA_599_657_710_741,156,AD+LATE,AD+LATE SORL1,AD+LATE SORL1 R953C,599
20260708_UWA_599_657_710_741,157,AD+LATE,AD+LATE SORL1,AD+LATE SORL1 R953C,599
20260708_UWA_599_657_710_741,158,AD+LATE,AD+LATE SORL1,AD+LATE SORL1 R953C,599
20260708_UWA_599_657_710_741,159,AD+LATE,AD+LATE SORL1,AD+LATE SORL1 R953C,599
20260708_UWA_599_657_710_741,160,AD+LATE,AD+LATE SORL1,AD+LATE SORL1 R953C,599
20260708_UWA_599_657_710_741,161,AD+LATE,AD+LATE SORL1,AD+LATE SORL1 R953C,599
20260708_UWA_599_657_710_741,162,AD+LATE,AD+LATE SORL1,AD+LATE SORL1 R953C,599
20260708_UWA_599_657_710_741,163,AD+LATE,AD+LATE SORL1,AD+LATE SORL1 R953C,599
20260708_UWA_599_657_710_741,164,AD+LATE,AD+LATE SORL1,AD+LATE SORL1 R953C,599
20260708_UWA_599_657_710_741,165,AD+LATE,AD+LATE SORL1,AD+LATE SORL1 R953C,599
20260708_UWA_599_657_710_741,166,AD+LATE,AD+LATE SORL1,AD+LATE SORL1 R953C,599
20260708_UWA_599_657_710_741,167,AD+LATE,AD+LATE SORL1,AD+LATE SORL1 R953C,599
20260708_UWA_599_657_710_741,168,AD+LATE,AD+LATE SORL1,AD+LATE SORL1 R953C,599
20260708_UWA_599_657_710_741,169,AD+LATE,AD+LATE SORL1,AD+LATE SORL1 R953C,599
20260708_UWA_599_657_710_741,170,AD+LATE,AD+LATE SORL1,AD+LATE SORL1 R953C,599
20260708_UWA_599_657_710_741,171,AD+LATE,AD+LATE SORL1,AD+LATE SORL1 R953C,599
20260708_UWA_599_657_710_741,172,AD+LATE,AD+LATE SORL1,AD+LATE SORL1 R953C,599
20260708_UWA_599_657_710_741,173,AD+LATE,AD+LATE SORL1,AD+LATE SORL1 R953C,599
20260708_UWA_599_657_710_741,174,AD+LATE,AD+LATE SORL1,AD+LATE SORL1 R953C,599
20260708_UWA_599_657_710_741,175,AD+LATE,AD+LATE SORL1,AD+LATE SORL1 R953C,599
20260708_UWA_599_657_710_741,176,AD+LATE,AD+LATE SORL1,AD+LATE SORL1 R953C,599
20260708_UWA_599_657_710_741,177,AD+LATE,AD+LATE SORL1,AD+LATE SORL1 R953C,599
20260708_UWA_599_657_710_741,178,AD+LATE,AD+LATE SORL1,AD+LATE SORL1 R953C,599
20260708_UWA_599_657_710_741,179,AD+LATE,AD+LATE SORL1,AD+LATE SORL1 R953C,599
20260708_UWA_599_657_710_741,180,AD+LATE,AD+LATE SORL1,AD+LATE SORL1 R953C,599
20260708_UWA_599_657_710_741,181,AD+LATE,AD+LATE SORL1,AD+LATE SORL1 R953C,599
20260708_UWA_599_657_710_741,182,AD+LATE,AD+LATE SORL1,AD+LATE SORL1 R953C,599
20260708_UWA_599_657_710_741,183,AD+LATE,AD+LATE SORL1,AD+LATE SORL1 R953C,599
20260708_UWA_599_657_710_741,184,AD+LATE,AD+LATE SORL1,AD+LATE SORL1 R953C,599
20260708_UWA_599_657_710_741,185,AD+LATE,AD+LATE SORL1,AD+LATE SORL1 R953C,599
20260708_UWA_599_657_710_741,186,AD+LATE,AD+LATE SORL1,AD+LATE SORL1 R953C,599
20260708_UWA_599_657_710_741,187,AD+LATE,AD+LATE SORL1,AD+LATE SORL1 R953C,599
20260708_UWA_599_657_710_741,188,AD+LATE,AD+LATE SORL1,AD+LATE SORL1 R953C,599
20260708_UWA_599_657_710_741,189,AD+LATE,AD+LATE SORL1,AD+LATE SORL1 R953C,599
20260708_UWA_599_657_710_741,190,AD+LATE,AD+LATE SORL1,AD+LATE SORL1 R953C,599
20260708_UWA_599_657_710_741,191,AD+LATE,AD+LATE SORL1,AD+LATE SORL1 R953C,599
20260708_UWA_599_657_710_741,192,AD+LATE,AD+LATE SORL1,AD+LATE SORL1 R953C,599
20260708_UWA_599_657_710_741,193,AD+LATE,AD+LATE SORL1,AD+LATE SORL1 R953C,599
20260708_UWA_599_657_710_741,194,AD+LATE,AD+LATE SORL1,AD+LATE SORL1 R953C,599
20260708_UWA_599_657_710_741,195,AD+LATE,AD+LATE SORL1,AD+LATE SORL1 R953C,599
20260708_UWA_599_657_710_741,196,AD+LATE,AD+LATE SORL1,AD+LATE SORL1 R953C,599
20260708_UWA_599_657_710_741,197,AD+LATE,AD+LATE SORL1,AD+LATE SORL1 R953C,599
20260708_UWA_599_657_710_741,198,AD+LATE,AD+LATE SORL1,AD+LATE SORL1 R953C,599
20260708_UWA_599_657_710_741,199,AD+LATE,AD+LATE SORL1,AD+LATE SORL1 R953C,599
20260708_UWA_599_657_710_741,200,AD+LATE,AD+LATE SORL1,AD+LATE SORL1 R953C,599
20260708_UWA_787_795_6589_6745,1,AD Pure,AD Pure,AD Pure,6745
20260708_UWA_787_795_6589_6745,2,AD Pure,AD Pure,AD Pure,6745
20260708_UWA_787_795_6589_6745,3,AD Pure,AD Pure,AD Pure,6745
20260708_UWA_787_795_6589_6745,4,AD Pure,AD Pure,AD Pure,6745
20260708_UWA_787_795_6589_6745,5,AD Pure,AD Pure,AD Pure,6745
20260708_UWA_787_795_6589_6745,6,AD Pure,AD Pure,AD Pure,6745
20260708_UWA_787_795_6589_6745,7,AD Pure,AD Pure,AD Pure,6745
20260708_UWA_787_795_6589_6745,8,AD Pure,AD Pure,AD Pure,6745
20260708_UWA_787_795_6589_6745,9,AD Pure,AD Pure,AD Pure,6745
20260708_UWA_787_795_6589_6745,10,AD Pure,AD Pure,AD Pure,6745
20260708_UWA_787_795_6589_6745,11,AD Pure,AD Pure,AD Pure,6745
20260708_UWA_787_795_6589_6745,12,AD Pure,AD Pure,AD Pure,6745
20260708_UWA_787_795_6589_6745,13,AD Pure,AD Pure,AD Pure,6745
20260708_UWA_787_795_6589_6745,14,AD Pure,AD Pure,AD Pure,6745
20260708_UWA_787_795_6589_6745,15,AD Pure,AD Pure,AD Pure,6745
20260708_UWA_787_795_6589_6745,16,AD Pure,AD Pure,AD Pure,6745
20260708_UWA_787_795_6589_6745,17,AD Pure,AD Pure,AD Pure,6745
20260708_UWA_787_795_6589_6745,18,AD Pure,AD Pure,AD Pure,6745
20260708_UWA_787_795_6589_6745,19,AD Pure,AD Pure,AD Pure,6745
20260708_UWA_787_795_6589_6745,20,AD Pure,AD Pure,AD Pure,6745
20260708_UWA_787_795_6589_6745,21,AD Pure,AD Pure,AD Pure,6745
20260708_UWA_787_795_6589_6745,22,AD Pure,AD Pure,AD Pure,6745
20260708_UWA_787_795_6589_6745,23,AD Pure,AD Pure,AD Pure,6745
20260708_UWA_787_795_6589_6745,24,AD Pure,AD Pure,AD Pure,6745
20260708_UWA_787_795_6589_6745,25,AD Pure,AD Pure,AD Pure,6745
20260708_UWA_787_795_6589_6745,26,AD Pure,AD Pure,AD Pure,6745
20260708_UWA_787_795_6589_6745,27,AD Pure,AD Pure,AD Pure,6745
20260708_UWA_787_795_6589_6745,28,AD Pure,AD Pure,AD Pure,6745
20260708_UWA_787_795_6589_6745,29,AD Pure,AD Pure,AD Pure,6745
20260708_UWA_787_795_6589_6745,30,AD Pure,AD Pure,AD Pure,6745
20260708_UWA_787_795_6589_6745,31,AD Pure,AD Pure,AD Pure,6745
20260708_UWA_787_795_6589_6745,32,AD Pure,AD Pure,AD Pure,6745
20260708_UWA_787_795_6589_6745,33,AD Pure,AD Pure,AD Pure,6745
20260708_UWA_787_795_6589_6745,34,AD Pure,AD Pure,AD Pure,6745
20260708_UWA_787_795_6589_6745,35,AD Pure,AD Pure,AD Pure,6745
20260708_UWA_787_795_6589_6745,36,AD Pure,AD Pure,AD Pure,6745
20260708_UWA_787_795_6589_6745,37,AD Pure,AD Pure,AD Pure,6745
20260708_UWA_787_795_6589_6745,38,AD Pure,AD Pure,AD Pure,6745
20260708_UWA_787_795_6589_6745,39,AD Pure,AD Pure,AD Pure,6745
20260708_UWA_787_795_6589_6745,40,AD Pure,AD Pure,AD Pure,6745
20260708_UWA_787_795_6589_6745,41,AD Pure,AD Pure,AD Pure,6745
20260708_UWA_787_795_6589_6745,42,AD Pure,AD Pure,AD Pure,6745
20260708_UWA_787_795_6589_6745,43,AD Pure,AD Pure,AD Pure,6745
20260708_UWA_787_795_6589_6745,44,AD Pure,AD Pure,AD Pure,6745
20260708_UWA_787_795_6589_6745,45,AD Pure,AD Pure,AD Pure,6745
20260708_UWA_787_795_6589_6745,46,AD Pure,AD Pure,AD Pure,6745
20260708_UWA_787_795_6589_6745,47,AD Pure,AD Pure,AD Pure,6745
20260708_UWA_787_795_6589_6745,48,AD Pure,AD Pure,AD Pure,6745
20260708_UWA_787_795_6589_6745,49,AD Pure,AD Pure,AD Pure,6745
20260708_UWA_787_795_6589_6745,50,AD Pure,AD Pure,AD Pure,6745
20260708_UWA_787_795_6589_6745,51,AD Pure,AD Pure,AD Pure,6745
20260708_UWA_787_795_6589_6745,52,AD+LATE,AD+LATE SORL1,AD+LATE SORL1 R953C,6589
20260708_UWA_787_795_6589_6745,53,AD+LATE,AD+LATE SORL1,AD+LATE SORL1 R953C,6589
20260708_UWA_787_795_6589_6745,54,AD+LATE,AD+LATE SORL1,AD+LATE SORL1 R953C,6589
20260708_UWA_787_795_6589_6745,55,AD+LATE,AD+LATE SORL1,AD+LATE SORL1 R953C,6589
20260708_UWA_787_795_6589_6745,56,AD+LATE,AD+LATE SORL1,AD+LATE SORL1 R953C,6589
20260708_UWA_787_795_6589_6745,57,AD+LATE,AD+LATE SORL1,AD+LATE SORL1 R953C,6589
20260708_UWA_787_795_6589_6745,58,AD+LATE,AD+LATE SORL1,AD+LATE SORL1 R953C,6589
20260708_UWA_787_795_6589_6745,59,AD+LATE,AD+LATE SORL1,AD+LATE SORL1 R953C,6589
20260708_UWA_787_795_6589_6745,60,AD+LATE,AD+LATE SORL1,AD+LATE SORL1 R953C,6589
20260708_UWA_787_795_6589_6745,61,AD+LATE,AD+LATE SORL1,AD+LATE SORL1 R953C,6589
20260708_UWA_787_795_6589_6745,62,AD+LATE,AD+LATE SORL1,AD+LATE SORL1 R953C,6589
20260708_UWA_787_795_6589_6745,63,AD+LATE,AD+LATE SORL1,AD+LATE SORL1 R953C,6589
20260708_UWA_787_795_6589_6745,64,AD+LATE,AD+LATE SORL1,AD+LATE SORL1 R953C,6589
20260708_UWA_787_795_6589_6745,65,AD+LATE,AD+LATE SORL1,AD+LATE SORL1 R953C,6589
20260708_UWA_787_795_6589_6745,66,AD+LATE,AD+LATE SORL1,AD+LATE SORL1 R953C,6589
20260708_UWA_787_795_6589_6745,67,AD+LATE,AD+LATE SORL1,AD+LATE SORL1 R953C,6589
20260708_UWA_787_795_6589_6745,68,AD+LATE,AD+LATE SORL1,AD+LATE SORL1 R953C,6589
20260708_UWA_787_795_6589_6745,69,AD+LATE,AD+LATE SORL1,AD+LATE SORL1 R953C,6589
20260708_UWA_787_795_6589_6745,70,AD+LATE,AD+LATE SORL1,AD+LATE SORL1 R953C,6589
20260708_UWA_787_795_6589_6745,71,AD+LATE,AD+LATE SORL1,AD+LATE SORL1 R953C,6589
20260708_UWA_787_795_6589_6745,72,AD+LATE,AD+LATE SORL1,AD+LATE SORL1 R953C,6589
20260708_UWA_787_795_6589_6745,73,AD+LATE,AD+LATE SORL1,AD+LATE SORL1 R953C,6589
20260708_UWA_787_795_6589_6745,74,AD+LATE,AD+LATE SORL1,AD+LATE SORL1 R953C,6589
20260708_UWA_787_795_6589_6745,75,AD+LATE,AD+LATE SORL1,AD+LATE SORL1 R953C,6589
20260708_UWA_787_795_6589_6745,76,AD+LATE,AD+LATE SORL1,AD+LATE SORL1 R953C,6589
20260708_UWA_787_795_6589_6745,77,AD+LATE,AD+LATE SORL1,AD+LATE SORL1 R953C,6589
20260708_UWA_787_795_6589_6745,78,AD+LATE,AD+LATE SORL1,AD+LATE SORL1 R953C,6589
20260708_UWA_787_795_6589_6745,79,AD+LATE,AD+LATE SORL1,AD+LATE SORL1 R953C,6589
20260708_UWA_787_795_6589_6745,80,AD+LATE,AD+LATE SORL1,AD+LATE SORL1 R953C,6589
20260708_UWA_787_795_6589_6745,81,AD+LATE,AD+LATE SORL1,AD+LATE SORL1 R953C,6589
20260708_UWA_787_795_6589_6745,82,AD+LATE,AD+LATE SORL1,AD+LATE SORL1 R953C,6589
20260708_UWA_787_795_6589_6745,83,AD+LATE,AD+LATE SORL1,AD+LATE SORL1 R953C,6589
20260708_UWA_787_795_6589_6745,84,AD+LATE,AD+LATE SORL1,AD+LATE SORL1 R953C,6589
20260708_UWA_787_795_6589_6745,85,AD+LATE,AD+LATE SORL1,AD+LATE SORL1 R953C,6589
20260708_UWA_787_795_6589_6745,86,AD+LATE,AD+LATE SORL1,AD+LATE SORL1 R953C,6589
20260708_UWA_787_795_6589_6745,87,AD+LATE,AD+LATE SORL1,AD+LATE SORL1 R953C,6589
20260708_UWA_787_795_6589_6745,88,AD+LATE,AD+LATE SORL1,AD+LATE SORL1 R953C,6589
20260708_UWA_787_795_6589_6745,89,AD+LATE,AD+LATE SORL1,AD+LATE SORL1 R953C,6589
20260708_UWA_787_795_6589_6745,90,AD+LATE,AD+LATE SORL1,AD+LATE SORL1 R953C,6589
20260708_UWA_787_795_6589_6745,91,AD+LATE,AD+LATE SORL1,AD+LATE SORL1 R953C,6589
20260708_UWA_787_795_6589_6745,92,AD+LATE,AD+LATE SORL1,AD+LATE SORL1 R953C,6589
20260708_UWA_787_795_6589_6745,93,AD+LATE,AD+LATE SORL1,AD+LATE SORL1 R953C,6589
20260708_UWA_787_795_6589_6745,94,AD+LATE,AD+LATE SORL1,AD+LATE SORL1 R953C,6589
20260708_UWA_787_795_6589_6745,95,AD+LATE,AD+LATE SORL1,AD+LATE SORL1 R953C,6589
20260708_UWA_787_795_6589_6745,96,AD+LATE,AD+LATE SORL1,AD+LATE SORL1 R953C,6589
20260708_UWA_787_795_6589_6745,97,AD+LATE,AD+LATE SORL1,AD+LATE SORL1 R953C,6589
20260708_UWA_787_795_6589_6745,98,AD+LATE,AD+LATE SORL1,AD+LATE SORL1 R953C,6589
20260708_UWA_787_795_6589_6745,99,AD+LATE,AD+LATE SORL1,AD+LATE SORL1 R953C,6589
20260708_UWA_787_795_6589_6745,100,AD+LATE,AD+LATE SORL1,AD+LATE SORL1 R953C,6589
20260708_UWA_787_795_6589_6745,101,Control,Control,Control,795
20260708_UWA_787_795_6589_6745,102,Control,Control,Control,795
20260708_UWA_787_795_6589_6745,103,Control,Control,Control,795
20260708_UWA_787_795_6589_6745,104,Control,Control,Control,795
20260708_UWA_787_795_6589_6745,105,Control,Control,Control,795
20260708_UWA_787_795_6589_6745,106,Control,Control,Control,795
20260708_UWA_787_795_6589_6745,107,Control,Control,Control,795
20260708_UWA_787_795_6589_6745,108,Control,Control,Control,795
20260708_UWA_787_795_6589_6745,109,Control,Control,Control,795
20260708_UWA_787_795_6589_6745,110,Control,Control,Control,795
20260708_UWA_787_795_6589_6745,111,Control,Control,Control,795
20260708_UWA_787_795_6589_6745,112,Control,Control,Control,795
20260708_UWA_787_795_6589_6745,113,Control,Control,Control,795
20260708_UWA_787_795_6589_6745,114,Control,Control,Control,795
20260708_UWA_787_795_6589_6745,115,Control,Control,Control,795
20260708_UWA_787_795_6589_6745,116,Control,Control,Control,795
20260708_UWA_787_795_6589_6745,117,Control,Control,Control,795
20260708_UWA_787_795_6589_6745,118,Control,Control,Control,795
20260708_UWA_787_795_6589_6745,119,Control,Control,Control,795
20260708_UWA_787_795_6589_6745,120,Control,Control,Control,795
20260708_UWA_787_795_6589_6745,121,Control,Control,Control,795
20260708_UWA_787_795_6589_6745,122,Control,Control,Control,795
20260708_UWA_787_795_6589_6745,123,Control,Control,Control,795
20260708_UWA_787_795_6589_6745,124,Control,Control,Control,795
20260708_UWA_787_795_6589_6745,125,Control,Control,Control,795
20260708_UWA_787_795_6589_6745,126,Control,Control,Control,795
20260708_UWA_787_795_6589_6745,127,Control,Control,Control,795
20260708_UWA_787_795_6589_6745,128,Control,Control,Control,795
20260708_UWA_787_795_6589_6745,129,Control,Control,Control,795
20260708_UWA_787_795_6589_6745,130,Control,Control,Control,795
20260708_UWA_787_795_6589_6745,131,Control,Control,Control,795
20260708_UWA_787_795_6589_6745,132,Control,Control,Control,795
20260708_UWA_787_795_6589_6745,133,Control,Control,Control,795
20260708_UWA_787_795_6589_6745,134,Control,Control,Control,795
20260708_UWA_787_795_6589_6745,135,Control,Control,Control,795
20260708_UWA_787_795_6589_6745,136,Control,Control,Control,795
20260708_UWA_787_795_6589_6745,137,Control,Control,Control,795
20260708_UWA_787_795_6589_6745,138,Control,Control,Control,795
20260708_UWA_787_795_6589_6745,139,Control,Control,Control,795
20260708_UWA_787_795_6589_6745,140,Control,Control,Control,795
20260708_UWA_787_795_6589_6745,141,Control,Control,Control,795
20260708_UWA_787_795_6589_6745,142,Control,Control,Control,795
20260708_UWA_787_795_6589_6745,143,Control,Control,Control,795
20260708_UWA_787_795_6589_6745,144,Control,Control,Control,795
20260708_UWA_787_795_6589_6745,145,Control,Control,Control,795
20260708_UWA_787_795_6589_6745,146,Control,Control,Control,795
20260708_UWA_787_795_6589_6745,147,Control,Control,Control,795
20260708_UWA_787_795_6589_6745,148,Control,Control,Control,795
20260708_UWA_787_795_6589_6745,149,Control,Control,Control,795
20260708_UWA_787_795_6589_6745,150,Control,Control,Control,795
20260708_UWA_787_795_6589_6745,151,AD+LATE,AD+LATE,AD+LATE,787
20260708_UWA_787_795_6589_6745,152,AD+LATE,AD+LATE,AD+LATE,787
20260708_UWA_787_795_6589_6745,153,AD+LATE,AD+LATE,AD+LATE,787
20260708_UWA_787_795_6589_6745,154,AD+LATE,AD+LATE,AD+LATE,787
20260708_UWA_787_795_6589_6745,155,AD+LATE,AD+LATE,AD+LATE,787
20260708_UWA_787_795_6589_6745,156,AD+LATE,AD+LATE,AD+LATE,787
20260708_UWA_787_795_6589_6745,157,AD+LATE,AD+LATE,AD+LATE,787
20260708_UWA_787_795_6589_6745,158,AD+LATE,AD+LATE,AD+LATE,787
20260708_UWA_787_795_6589_6745,159,AD+LATE,AD+LATE,AD+LATE,787
20260708_UWA_787_795_6589_6745,160,AD+LATE,AD+LATE,AD+LATE,787
20260708_UWA_787_795_6589_6745,161,AD+LATE,AD+LATE,AD+LATE,787
20260708_UWA_787_795_6589_6745,162,AD+LATE,AD+LATE,AD+LATE,787
20260708_UWA_787_795_6589_6745,163,AD+LATE,AD+LATE,AD+LATE,787
20260708_UWA_787_795_6589_6745,164,AD+LATE,AD+LATE,AD+LATE,787
20260708_UWA_787_795_6589_6745,165,AD+LATE,AD+LATE,AD+LATE,787
20260708_UWA_787_795_6589_6745,166,AD+LATE,AD+LATE,AD+LATE,787
20260708_UWA_787_795_6589_6745,167,AD+LATE,AD+LATE,AD+LATE,787
20260708_UWA_787_795_6589_6745,168,AD+LATE,AD+LATE,AD+LATE,787
20260708_UWA_787_795_6589_6745,169,AD+LATE,AD+LATE,AD+LATE,787
20260708_UWA_787_795_6589_6745,170,AD+LATE,AD+LATE,AD+LATE,787
20260708_UWA_787_795_6589_6745,171,AD+LATE,AD+LATE,AD+LATE,787
20260708_UWA_787_795_6589_6745,172,AD+LATE,AD+LATE,AD+LATE,787
20260708_UWA_787_795_6589_6745,173,AD+LATE,AD+LATE,AD+LATE,787
20260708_UWA_787_795_6589_6745,174,AD+LATE,AD+LATE,AD+LATE,787
20260708_UWA_787_795_6589_6745,175,AD+LATE,AD+LATE,AD+LATE,787
20260708_UWA_787_795_6589_6745,176,AD+LATE,AD+LATE,AD+LATE,787
20260708_UWA_787_795_6589_6745,177,AD+LATE,AD+LATE,AD+LATE,787
20260708_UWA_787_795_6589_6745,178,AD+LATE,AD+LATE,AD+LATE,787
20260708_UWA_787_795_6589_6745,179,AD+LATE,AD+LATE,AD+LATE,787
20260708_UWA_787_795_6589_6745,180,AD+LATE,AD+LATE,AD+LATE,787
20260708_UWA_787_795_6589_6745,181,AD+LATE,AD+LATE,AD+LATE,787
20260708_UWA_787_795_6589_6745,182,AD+LATE,AD+LATE,AD+LATE,787
20260708_UWA_787_795_6589_6745,183,AD+LATE,AD+LATE,AD+LATE,787
20260708_UWA_787_795_6589_6745,184,AD+LATE,AD+LATE,AD+LATE,787
20260708_UWA_787_795_6589_6745,185,AD+LATE,AD+LATE,AD+LATE,787
20260708_UWA_787_795_6589_6745,186,AD+LATE,AD+LATE,AD+LATE,787
20260708_UWA_787_795_6589_6745,187,AD+LATE,AD+LATE,AD+LATE,787
20260708_UWA_787_795_6589_6745,188,AD+LATE,AD+LATE,AD+LATE,787
20260708_UWA_787_795_6589_6745,189,AD+LATE,AD+LATE,AD+LATE,787
20260708_UWA_787_795_6589_6745,190,AD+LATE,AD+LATE,AD+LATE,787
20260708_UWA_787_795_6589_6745,191,AD+LATE,AD+LATE,AD+LATE,787
20260708_UWA_787_795_6589_6745,192,AD+LATE,AD+LATE,AD+LATE,787
20260708_UWA_787_795_6589_6745,193,AD+LATE,AD+LATE,AD+LATE,787
20260708_UWA_787_795_6589_6745,194,AD+LATE,AD+LATE,AD+LATE,787
20260708_UWA_787_795_6589_6745,195,AD+LATE,AD+LATE,AD+LATE,787
20260708_UWA_787_795_6589_6745,196,AD+LATE,AD+LATE,AD+LATE,787
20260708_UWA_787_795_6589_6745,197,AD+LATE,AD+LATE,AD+LATE,787
20260708_UWA_787_795_6589_6745,198,AD+LATE,AD+LATE,AD+LATE,787
20260708_UWA_787_795_6589_6745,199,AD+LATE,AD+LATE,AD+LATE,787
20260708_UWA_787_795_6589_6745,200,AD+LATE,AD+LATE,AD+LATE,787
7678 A7 7484 A6 7316 A6 6802 A6,1,AD Pure,AD Pure,AD Pure,6803
7678 A7 7484 A6 7316 A6 6802 A6,2,AD Pure,AD Pure,AD Pure,6803
7678 A7 7484 A6 7316 A6 6802 A6,3,AD Pure,AD Pure,AD Pure,6803
7678 A7 7484 A6 7316 A6 6802 A6,4,AD Pure,AD Pure,AD Pure,6803
7678 A7 7484 A6 7316 A6 6802 A6,5,AD Pure,AD Pure,AD Pure,6803
7678 A7 7484 A6 7316 A6 6802 A6,6,AD Pure,AD Pure,AD Pure,6803
7678 A7 7484 A6 7316 A6 6802 A6,7,AD Pure,AD Pure,AD Pure,6803
7678 A7 7484 A6 7316 A6 6802 A6,8,AD Pure,AD Pure,AD Pure,6803
7678 A7 7484 A6 7316 A6 6802 A6,9,AD Pure,AD Pure,AD Pure,6803
7678 A7 7484 A6 7316 A6 6802 A6,10,AD Pure,AD Pure,AD Pure,6803
7678 A7 7484 A6 7316 A6 6802 A6,11,AD Pure,AD Pure,AD Pure,6803
7678 A7 7484 A6 7316 A6 6802 A6,12,AD Pure,AD Pure,AD Pure,6803
7678 A7 7484 A6 7316 A6 6802 A6,13,AD Pure,AD Pure,AD Pure,6803
7678 A7 7484 A6 7316 A6 6802 A6,14,AD Pure,AD Pure,AD Pure,6803
7678 A7 7484 A6 7316 A6 6802 A6,15,AD Pure,AD Pure,AD Pure,6803
7678 A7 7484 A6 7316 A6 6802 A6,16,AD Pure,AD Pure,AD Pure,6803
7678 A7 7484 A6 7316 A6 6802 A6,17,AD Pure,AD Pure,AD Pure,6803
7678 A7 7484 A6 7316 A6 6802 A6,18,AD Pure,AD Pure,AD Pure,6803
7678 A7 7484 A6 7316 A6 6802 A6,19,AD Pure,AD Pure,AD Pure,6803
7678 A7 7484 A6 7316 A6 6802 A6,20,AD Pure,AD Pure,AD Pure,6803
7678 A7 7484 A6 7316 A6 6802 A6,21,AD Pure,AD Pure,AD Pure,6803
7678 A7 7484 A6 7316 A6 6802 A6,22,AD Pure,AD Pure,AD Pure,6803
7678 A7 7484 A6 7316 A6 6802 A6,23,AD Pure,AD Pure,AD Pure,6803
7678 A7 7484 A6 7316 A6 6802 A6,24,AD Pure,AD Pure,AD Pure,6803
7678 A7 7484 A6 7316 A6 6802 A6,25,AD Pure,AD Pure,AD Pure,6803
7678 A7 7484 A6 7316 A6 6802 A6,26,AD Pure,AD Pure,AD Pure,6803
7678 A7 7484 A6 7316 A6 6802 A6,27,AD Pure,AD Pure,AD Pure,6803
7678 A7 7484 A6 7316 A6 6802 A6,28,AD Pure,AD Pure,AD Pure,6803
7678 A7 7484 A6 7316 A6 6802 A6,29,AD Pure,AD Pure,AD Pure,6803
7678 A7 7484 A6 7316 A6 6802 A6,30,AD Pure,AD Pure,AD Pure,6803
7678 A7 7484 A6 7316 A6 6802 A6,31,AD Pure,AD Pure,AD Pure,6803
7678 A7 7484 A6 7316 A6 6802 A6,32,AD Pure,AD Pure,AD Pure,6803
7678 A7 7484 A6 7316 A6 6802 A6,33,AD Pure,AD Pure,AD Pure,6803
7678 A7 7484 A6 7316 A6 6802 A6,34,AD Pure,AD Pure,AD Pure,6803
7678 A7 7484 A6 7316 A6 6802 A6,35,AD Pure,AD Pure,AD Pure,6803
7678 A7 7484 A6 7316 A6 6802 A6,36,AD Pure,AD Pure,AD Pure,6803
7678 A7 7484 A6 7316 A6 6802 A6,37,AD Pure,AD Pure,AD Pure,6803
7678 A7 7484 A6 7316 A6 6802 A6,38,AD Pure,AD Pure,AD Pure,6803
7678 A7 7484 A6 7316 A6 6802 A6,39,AD Pure,AD Pure,AD Pure,6803
7678 A7 7484 A6 7316 A6 6802 A6,40,AD Pure,AD Pure,AD Pure,6803
7678 A7 7484 A6 7316 A6 6802 A6,41,AD Pure,AD Pure,AD Pure,6803
7678 A7 7484 A6 7316 A6 6802 A6,42,AD Pure,AD Pure,AD Pure,6803
7678 A7 7484 A6 7316 A6 6802 A6,43,AD Pure,AD Pure,AD Pure,6803
7678 A7 7484 A6 7316 A6 6802 A6,44,AD Pure,AD Pure,AD Pure,6803
7678 A7 7484 A6 7316 A6 6802 A6,45,AD Pure,AD Pure,AD Pure,6803
7678 A7 7484 A6 7316 A6 6802 A6,46,AD Pure,AD Pure,AD Pure,6803
7678 A7 7484 A6 7316 A6 6802 A6,47,AD Pure,AD Pure,AD Pure,6803
7678 A7 7484 A6 7316 A6 6802 A6,48,AD Pure,AD Pure,AD Pure,6803
7678 A7 7484 A6 7316 A6 6802 A6,49,AD Pure,AD Pure,AD Pure,6803
7678 A7 7484 A6 7316 A6 6802 A6,50,AD Pure,AD Pure,AD Pure,6803
7678 A7 7484 A6 7316 A6 6802 A6,51,AD Pure,AD Pure,AD Pure,7316
7678 A7 7484 A6 7316 A6 6802 A6,52,AD Pure,AD Pure,AD Pure,7316
7678 A7 7484 A6 7316 A6 6802 A6,53,AD Pure,AD Pure,AD Pure,7316
7678 A7 7484 A6 7316 A6 6802 A6,54,AD Pure,AD Pure,AD Pure,7316
7678 A7 7484 A6 7316 A6 6802 A6,55,AD Pure,AD Pure,AD Pure,7316
7678 A7 7484 A6 7316 A6 6802 A6,56,AD Pure,AD Pure,AD Pure,7316
7678 A7 7484 A6 7316 A6 6802 A6,57,AD Pure,AD Pure,AD Pure,7316
7678 A7 7484 A6 7316 A6 6802 A6,58,AD Pure,AD Pure,AD Pure,7316
7678 A7 7484 A6 7316 A6 6802 A6,59,AD Pure,AD Pure,AD Pure,7316
7678 A7 7484 A6 7316 A6 6802 A6,60,AD Pure,AD Pure,AD Pure,7316
7678 A7 7484 A6 7316 A6 6802 A6,61,AD Pure,AD Pure,AD Pure,7316
7678 A7 7484 A6 7316 A6 6802 A6,62,AD Pure,AD Pure,AD Pure,7316
7678 A7 7484 A6 7316 A6 6802 A6,63,AD Pure,AD Pure,AD Pure,7316
7678 A7 7484 A6 7316 A6 6802 A6,64,AD Pure,AD Pure,AD Pure,7316
7678 A7 7484 A6 7316 A6 6802 A6,65,AD Pure,AD Pure,AD Pure,7316
7678 A7 7484 A6 7316 A6 6802 A6,66,AD Pure,AD Pure,AD Pure,7316
7678 A7 7484 A6 7316 A6 6802 A6,67,AD Pure,AD Pure,AD Pure,7316
7678 A7 7484 A6 7316 A6 6802 A6,68,AD Pure,AD Pure,AD Pure,7316
7678 A7 7484 A6 7316 A6 6802 A6,69,AD Pure,AD Pure,AD Pure,7316
7678 A7 7484 A6 7316 A6 6802 A6,70,AD Pure,AD Pure,AD Pure,7316
7678 A7 7484 A6 7316 A6 6802 A6,71,AD Pure,AD Pure,AD Pure,7316
7678 A7 7484 A6 7316 A6 6802 A6,72,AD Pure,AD Pure,AD Pure,7316
7678 A7 7484 A6 7316 A6 6802 A6,73,AD Pure,AD Pure,AD Pure,7316
7678 A7 7484 A6 7316 A6 6802 A6,74,AD Pure,AD Pure,AD Pure,7316
7678 A7 7484 A6 7316 A6 6802 A6,75,AD Pure,AD Pure,AD Pure,7316
7678 A7 7484 A6 7316 A6 6802 A6,76,AD Pure,AD Pure,AD Pure,7316
7678 A7 7484 A6 7316 A6 6802 A6,77,AD Pure,AD Pure,AD Pure,7316
7678 A7 7484 A6 7316 A6 6802 A6,78,AD Pure,AD Pure,AD Pure,7316
7678 A7 7484 A6 7316 A6 6802 A6,79,AD Pure,AD Pure,AD Pure,7316
7678 A7 7484 A6 7316 A6 6802 A6,80,AD Pure,AD Pure,AD Pure,7316
7678 A7 7484 A6 7316 A6 6802 A6,81,AD Pure,AD Pure,AD Pure,7316
7678 A7 7484 A6 7316 A6 6802 A6,82,AD Pure,AD Pure,AD Pure,7316
7678 A7 7484 A6 7316 A6 6802 A6,83,AD Pure,AD Pure,AD Pure,7316
7678 A7 7484 A6 7316 A6 6802 A6,84,AD Pure,AD Pure,AD Pure,7316
7678 A7 7484 A6 7316 A6 6802 A6,85,AD Pure,AD Pure,AD Pure,7316
7678 A7 7484 A6 7316 A6 6802 A6,86,AD Pure,AD Pure,AD Pure,7316
7678 A7 7484 A6 7316 A6 6802 A6,87,AD Pure,AD Pure,AD Pure,7316
7678 A7 7484 A6 7316 A6 6802 A6,88,AD Pure,AD Pure,AD Pure,7316
7678 A7 7484 A6 7316 A6 6802 A6,89,AD Pure,AD Pure,AD Pure,7316
7678 A7 7484 A6 7316 A6 6802 A6,90,AD Pure,AD Pure,AD Pure,7316
7678 A7 7484 A6 7316 A6 6802 A6,91,AD Pure,AD Pure,AD Pure,7316
7678 A7 7484 A6 7316 A6 6802 A6,92,AD Pure,AD Pure,AD Pure,7316
7678 A7 7484 A6 7316 A6 6802 A6,93,AD Pure,AD Pure,AD Pure,7316
7678 A7 7484 A6 7316 A6 6802 A6,94,AD Pure,AD Pure,AD Pure,7316
7678 A7 7484 A6 7316 A6 6802 A6,95,AD Pure,AD Pure,AD Pure,7316
7678 A7 7484 A6 7316 A6 6802 A6,96,AD Pure,AD Pure,AD Pure,7316
7678 A7 7484 A6 7316 A6 6802 A6,97,AD Pure,AD Pure,AD Pure,7316
7678 A7 7484 A6 7316 A6 6802 A6,98,AD Pure,AD Pure,AD Pure,7316
7678 A7 7484 A6 7316 A6 6802 A6,99,Control,Control,Control,7484
7678 A7 7484 A6 7316 A6 6802 A6,100,Control,Control,Control,7484
7678 A7 7484 A6 7316 A6 6802 A6,101,Control,Control,Control,7484
7678 A7 7484 A6 7316 A6 6802 A6,102,Control,Control,Control,7484
7678 A7 7484 A6 7316 A6 6802 A6,103,Control,Control,Control,7484
7678 A7 7484 A6 7316 A6 6802 A6,104,Control,Control,Control,7484
7678 A7 7484 A6 7316 A6 6802 A6,105,Control,Control,Control,7484
7678 A7 7484 A6 7316 A6 6802 A6,106,Control,Control,Control,7484
7678 A7 7484 A6 7316 A6 6802 A6,107,Control,Control,Control,7484
7678 A7 7484 A6 7316 A6 6802 A6,108,Control,Control,Control,7484
7678 A7 7484 A6 7316 A6 6802 A6,109,Control,Control,Control,7484
7678 A7 7484 A6 7316 A6 6802 A6,110,Control,Control,Control,7484
7678 A7 7484 A6 7316 A6 6802 A6,111,Control,Control,Control,7484
7678 A7 7484 A6 7316 A6 6802 A6,112,Control,Control,Control,7484
7678 A7 7484 A6 7316 A6 6802 A6,113,Control,Control,Control,7484
7678 A7 7484 A6 7316 A6 6802 A6,114,Control,Control,Control,7484
7678 A7 7484 A6 7316 A6 6802 A6,115,Control,Control,Control,7484
7678 A7 7484 A6 7316 A6 6802 A6,116,Control,Control,Control,7484
7678 A7 7484 A6 7316 A6 6802 A6,117,Control,Control,Control,7484
7678 A7 7484 A6 7316 A6 6802 A6,118,Control,Control,Control,7484
7678 A7 7484 A6 7316 A6 6802 A6,119,Control,Control,Control,7484
7678 A7 7484 A6 7316 A6 6802 A6,120,Control,Control,Control,7484
7678 A7 7484 A6 7316 A6 6802 A6,121,Control,Control,Control,7484
7678 A7 7484 A6 7316 A6 6802 A6,122,Control,Control,Control,7484
7678 A7 7484 A6 7316 A6 6802 A6,123,Control,Control,Control,7484
7678 A7 7484 A6 7316 A6 6802 A6,124,Control,Control,Control,7484
7678 A7 7484 A6 7316 A6 6802 A6,125,Control,Control,Control,7484
7678 A7 7484 A6 7316 A6 6802 A6,126,Control,Control,Control,7484
7678 A7 7484 A6 7316 A6 6802 A6,127,Control,Control,Control,7484
7678 A7 7484 A6 7316 A6 6802 A6,128,Control,Control,Control,7484
7678 A7 7484 A6 7316 A6 6802 A6,129,Control,Control,Control,7484
7678 A7 7484 A6 7316 A6 6802 A6,130,Control,Control,Control,7484
7678 A7 7484 A6 7316 A6 6802 A6,131,Control,Control,Control,7484
7678 A7 7484 A6 7316 A6 6802 A6,132,Control,Control,Control,7484
7678 A7 7484 A6 7316 A6 6802 A6,133,Control,Control,Control,7484
7678 A7 7484 A6 7316 A6 6802 A6,134,Control,Control,Control,7484
7678 A7 7484 A6 7316 A6 6802 A6,135,Control,Control,Control,7484
7678 A7 7484 A6 7316 A6 6802 A6,136,Control,Control,Control,7484
7678 A7 7484 A6 7316 A6 6802 A6,137,Control,Control,Control,7484
7678 A7 7484 A6 7316 A6 6802 A6,138,Control,Control,Control,7484
7678 A7 7484 A6 7316 A6 6802 A6,139,Control,Control,Control,7484
7678 A7 7484 A6 7316 A6 6802 A6,140,Control,Control,Control,7484
7678 A7 7484 A6 7316 A6 6802 A6,141,Control,Control,Control,7678
7678 A7 7484 A6 7316 A6 6802 A6,142,Control,Control,Control,7678
7678 A7 7484 A6 7316 A6 6802 A6,143,Control,Control,Control,7678
7678 A7 7484 A6 7316 A6 6802 A6,144,Control,Control,Control,7678
7678 A7 7484 A6 7316 A6 6802 A6,145,Control,Control,Control,7678
7678 A7 7484 A6 7316 A6 6802 A6,146,Control,Control,Control,7678
7678 A7 7484 A6 7316 A6 6802 A6,147,Control,Control,Control,7678
7678 A7 7484 A6 7316 A6 6802 A6,148,Control,Control,Control,7678
7678 A7 7484 A6 7316 A6 6802 A6,149,Control,Control,Control,7678
7678 A7 7484 A6 7316 A6 6802 A6,150,Control,Control,Control,7678
7678 A7 7484 A6 7316 A6 6802 A6,151,Control,Control,Control,7678
7678 A7 7484 A6 7316 A6 6802 A6,152,Control,Control,Control,7678
7678 A7 7484 A6 7316 A6 6802 A6,153,Control,Control,Control,7678
7678 A7 7484 A6 7316 A6 6802 A6,154,Control,Control,Control,7678
7678 A7 7484 A6 7316 A6 6802 A6,155,Control,Control,Control,7678
7678 A7 7484 A6 7316 A6 6802 A6,156,Control,Control,Control,7678
7678 A7 7484 A6 7316 A6 6802 A6,157,Control,Control,Control,7678
7678 A7 7484 A6 7316 A6 6802 A6,158,Control,Control,Control,7678
7678 A7 7484 A6 7316 A6 6802 A6,159,Control,Control,Control,7678
7678 A7 7484 A6 7316 A6 6802 A6,160,Control,Control,Control,7678
7678 A7 7484 A6 7316 A6 6802 A6,161,Control,Control,Control,7678
7678 A7 7484 A6 7316 A6 6802 A6,162,Control,Control,Control,7678
7678 A7 7484 A6 7316 A6 6802 A6,163,Control,Control,Control,7678
7678 A7 7484 A6 7316 A6 6802 A6,164,Control,Control,Control,7678
7678 A7 7484 A6 7316 A6 6802 A6,165,Control,Control,Control,7678
7678 A7 7484 A6 7316 A6 6802 A6,166,Control,Control,Control,7678
7678 A7 7484 A6 7316 A6 6802 A6,167,Control,Control,Control,7678
7678 A7 7484 A6 7316 A6 6802 A6,168,Control,Control,Control,7678
7678 A7 7484 A6 7316 A6 6802 A6,169,Control,Control,Control,7678
7678 A7 7484 A6 7316 A6 6802 A6,170,Control,Control,Control,7678
7678 A7 7484 A6 7316 A6 6802 A6,171,Control,Control,Control,7678
7678 A7 7484 A6 7316 A6 6802 A6,172,Control,Control,Control,7678
7678 A7 7484 A6 7316 A6 6802 A6,173,Control,Control,Control,7678
7678 A7 7484 A6 7316 A6 6802 A6,174,Control,Control,Control,7678
7678 A7 7484 A6 7316 A6 6802 A6,175,Control,Control,Control,7678
7678 A7 7484 A6 7316 A6 6802 A6,176,Control,Control,Control,7678
7678 A7 7484 A6 7316 A6 6802 A6,177,Control,Control,Control,7678
7678 A7 7484 A6 7316 A6 6802 A6,178,Control,Control,Control,7678
7678 A7 7484 A6 7316 A6 6802 A6,179,Control,Control,Control,7678
7678 A7 7484 A6 7316 A6 6802 A6,180,Control,Control,Control,7678
7678 A7 7484 A6 7316 A6 6802 A6,181,Control,Control,Control,7678
7678 A7 7484 A6 7316 A6 6802 A6,182,Control,Control,Control,7678
7678 A7 7484 A6 7316 A6 6802 A6,183,Control,Control,Control,7678
7678 A7 7484 A6 7316 A6 6802 A6,184,Control,Control,Control,7678
7678 A7 7484 A6 7316 A6 6802 A6,185,Control,Control,Control,7678
7678 A7 7484 A6 7316 A6 6802 A6,186,Control,Control,Control,7678
7678 A7 7484 A6 7316 A6 6802 A6,187,Control,Control,Control,7678
7678 A7 7484 A6 7316 A6 6802 A6,188,Control,Control,Control,7678
7678 A7 7484 A6 7316 A6 6802 A6,189,Control,Control,Control,7678
7678 A7 7484 A6 7316 A6 6802 A6,190,Control,Control,Control,7678
7678 A7 7484 A6 7316 A6 6802 A6,191,Control,Control,Control,7678
7678 A7 7484 A6 7316 A6 6802 A6,192,Control,Control,Control,7678
7678 A7 7484 A6 7316 A6 6802 A6,193,Control,Control,Control,7678
7678 A7 7484 A6 7316 A6 6802 A6,194,Control,Control,Control,7678
7678 A7 7484 A6 7316 A6 6802 A6,195,Control,Control,Control,7678
7678 A7 7484 A6 7316 A6 6802 A6,196,Control,Control,Control,7678
7678 A7 7484 A6 7316 A6 6802 A6,197,Control,Control,Control,7678
